{"type":"FeatureCollection","features":[{"type":"Feature","properties":{"level_mllw":7.28,"level_navd_ft":4.81},"geometry":{"type":"MultiPolygon","coordinates":[[[[-71.413943,41.826445],[-71.414064,41.826461],[-71.413944,41.826463],[-71.413943,41.826445]]],[[[-71.414184,41.826458],[-71.414161,41.826477],[-71.41416,41.826459],[-71.414184,41.826458]]],[[[-71.414186,41.826494],[-71.414233,41.826475],[-71.414234,41.826493],[-71.414186,41.826494]]],[[[-71.414308,41.826546],[-71.414285,41.826564],[-71.414284,41.826546],[-71.414308,41.826546]]],[[[-71.414309,41.826582],[-71.414333,41.826563],[-71.414333,41.826581],[-71.414309,41.826582]]],[[[-71.414358,41.826581],[-71.414334,41.826599],[-71.414333,41.826581],[-71.414358,41.826581]]],[[[-71.413468,41.826617],[-71.413445,41.826636],[-71.413444,41.826618],[-71.413468,41.826617]]],[[[-71.414382,41.826598],[-71.414359,41.826617],[-71.414358,41.826599],[-71.414382,41.826598]]],[[[-71.41342,41.826636],[-71.413397,41.826655],[-71.413396,41.826637],[-71.41342,41.826636]]],[[[-71.413373,41.826655],[-71.41335,41.826674],[-71.413349,41.826656],[-71.413373,41.826655]]],[[[-71.414432,41.826633],[-71.414409,41.82667],[-71.414408,41.826634],[-71.414432,41.826633]]],[[[-71.413326,41.826674],[-71.413302,41.826693],[-71.413301,41.826675],[-71.413326,41.826674]]],[[[-71.413183,41.826713],[-71.413135,41.826732],[-71.413134,41.826714],[-71.413183,41.826713]]],[[[-71.414459,41.826705],[-71.414435,41.826723],[-71.414434,41.826705],[-71.414459,41.826705]]],[[[-71.414484,41.82674],[-71.414461,41.826777],[-71.41446,41.826741],[-71.414484,41.82674]]],[[[-71.414463,41.826831],[-71.414489,41.826866],[-71.414465,41.826867],[-71.414463,41.826831]]],[[[-71.416791,41.82725],[-71.416768,41.827268],[-71.416767,41.82725],[-71.416791,41.82725]]],[[[-71.41684,41.827267],[-71.416816,41.827285],[-71.416816,41.827267],[-71.41684,41.827267]]],[[[-71.416913,41.827283],[-71.416865,41.827302],[-71.416864,41.827284],[-71.416913,41.827283]]],[[[-71.417062,41.827406],[-71.416939,41.827355],[-71.416913,41.827301],[-71.417058,41.827316],[-71.417062,41.827406]]],[[[-71.418131,41.827654],[-71.418107,41.827673],[-71.418107,41.827655],[-71.418131,41.827654]]],[[[-71.418544,41.827771],[-71.418521,41.82779],[-71.41852,41.827772],[-71.418544,41.827771]]],[[[-71.418593,41.827788],[-71.41857,41.827807],[-71.418569,41.827789],[-71.418593,41.827788]]],[[[-71.418642,41.827805],[-71.418619,41.827824],[-71.418618,41.827806],[-71.418642,41.827805]]],[[[-71.418715,41.827822],[-71.418667,41.827841],[-71.418667,41.827823],[-71.418715,41.827822]]],[[[-71.418716,41.827858],[-71.41874,41.827839],[-71.41874,41.827857],[-71.418716,41.827858]]],[[[-71.418788,41.827856],[-71.418765,41.827875],[-71.418764,41.827857],[-71.418788,41.827856]]],[[[-71.419129,41.827957],[-71.419106,41.827976],[-71.419105,41.827958],[-71.419129,41.827957]]],[[[-71.419445,41.828023],[-71.419422,41.828041],[-71.419421,41.828023],[-71.419445,41.828023]]],[[[-71.419542,41.828039],[-71.419494,41.828058],[-71.419494,41.82804],[-71.419542,41.828039]]],[[[-71.419567,41.828056],[-71.419591,41.828074],[-71.419567,41.828074],[-71.419567,41.828056]]],[[[-71.419639,41.828073],[-71.419616,41.828091],[-71.419615,41.828073],[-71.419639,41.828073]]],[[[-71.419785,41.828105],[-71.419738,41.828124],[-71.419737,41.828106],[-71.419785,41.828105]]],[[[-71.419834,41.828122],[-71.419811,41.828141],[-71.41981,41.828123],[-71.419834,41.828122]]],[[[-71.419883,41.828139],[-71.419859,41.828158],[-71.419859,41.82814],[-71.419883,41.828139]]],[[[-71.420005,41.828173],[-71.419981,41.828191],[-71.41998,41.828173],[-71.420005,41.828173]]],[[[-71.420077,41.828189],[-71.420054,41.828208],[-71.420053,41.82819],[-71.420077,41.828189]]],[[[-71.420126,41.828206],[-71.420103,41.828225],[-71.420102,41.828207],[-71.420126,41.828206]]],[[[-71.420199,41.828223],[-71.420176,41.828241],[-71.420175,41.828223],[-71.420199,41.828223]]],[[[-71.420272,41.828239],[-71.420249,41.828258],[-71.420248,41.82824],[-71.420272,41.828239]]],[[[-71.420321,41.828256],[-71.420297,41.828275],[-71.420297,41.828257],[-71.420321,41.828256]]],[[[-71.420394,41.828273],[-71.42037,41.828291],[-71.42037,41.828273],[-71.420394,41.828273]]],[[[-71.420442,41.82829],[-71.420419,41.828308],[-71.420418,41.82829],[-71.420442,41.82829]]],[[[-71.420637,41.82834],[-71.420614,41.828358],[-71.420613,41.82834],[-71.420637,41.82834]]],[[[-71.421777,41.82855],[-71.421753,41.828568],[-71.421753,41.82855],[-71.421777,41.82855]]],[[[-71.421922,41.828583],[-71.421899,41.828601],[-71.421898,41.828583],[-71.421922,41.828583]]],[[[-71.422165,41.828632],[-71.422142,41.82865],[-71.422141,41.828632],[-71.422165,41.828632]]],[[[-71.422723,41.828728],[-71.422699,41.828746],[-71.422699,41.828728],[-71.422723,41.828728]]],[[[-71.42792,41.828618],[-71.427897,41.828637],[-71.427896,41.828619],[-71.42792,41.828618]]],[[[-71.422796,41.828744],[-71.422772,41.828763],[-71.422771,41.828745],[-71.422796,41.828744]]],[[[-71.410167,41.826561],[-71.410143,41.826579],[-71.410143,41.826561],[-71.410167,41.826561]]],[[[-71.410191,41.826578],[-71.410168,41.826597],[-71.410167,41.826579],[-71.410191,41.826578]]],[[[-71.410193,41.826614],[-71.410216,41.826596],[-71.410217,41.826614],[-71.410193,41.826614]]],[[[-71.410241,41.826613],[-71.410217,41.826632],[-71.410217,41.826614],[-71.410241,41.826613]]],[[[-71.410242,41.826649],[-71.410266,41.826631],[-71.410266,41.826649],[-71.410242,41.826649]]],[[[-71.41029,41.826648],[-71.410267,41.826667],[-71.410266,41.826649],[-71.41029,41.826648]]],[[[-71.410292,41.826684],[-71.410315,41.826666],[-71.410316,41.826684],[-71.410292,41.826684]]],[[[-71.41034,41.826683],[-71.410316,41.826702],[-71.410316,41.826684],[-71.41034,41.826683]]],[[[-71.410341,41.826719],[-71.410364,41.826701],[-71.410365,41.826719],[-71.410341,41.826719]]],[[[-71.413016,41.826771],[-71.412993,41.826789],[-71.412992,41.826771],[-71.413016,41.826771]]],[[[-71.412945,41.82679],[-71.412921,41.826809],[-71.412921,41.826791],[-71.412945,41.82679]]],[[[-71.412707,41.826868],[-71.412731,41.826885],[-71.412707,41.826886],[-71.412707,41.826868]]],[[[-71.410806,41.826925],[-71.410759,41.826944],[-71.410758,41.826926],[-71.410806,41.826925]]],[[[-71.412659,41.826887],[-71.412636,41.826905],[-71.412635,41.826887],[-71.412659,41.826887]]],[[[-71.410879,41.826942],[-71.410832,41.826961],[-71.410831,41.826943],[-71.410879,41.826942]]],[[[-71.410928,41.826959],[-71.410905,41.826977],[-71.410904,41.826959],[-71.410928,41.826959]]],[[[-71.411025,41.826975],[-71.410978,41.826994],[-71.410977,41.826976],[-71.411025,41.826975]]],[[[-71.411122,41.826991],[-71.41105,41.82701],[-71.41105,41.826992],[-71.411122,41.826991]]],[[[-71.411243,41.827006],[-71.411171,41.827026],[-71.411171,41.827008],[-71.411243,41.827006]]],[[[-71.412182,41.827005],[-71.412159,41.827023],[-71.412158,41.827005],[-71.412182,41.827005]]],[[[-71.412062,41.827007],[-71.411966,41.827027],[-71.411965,41.827009],[-71.412062,41.827007]]],[[[-71.411388,41.827021],[-71.411341,41.82704],[-71.41134,41.827022],[-71.411388,41.827021]]],[[[-71.411869,41.827011],[-71.41175,41.827032],[-71.411749,41.827014],[-71.411869,41.827011]]],[[[-71.41021,41.827064],[-71.410186,41.827083],[-71.410185,41.827065],[-71.41021,41.827064]]],[[[-71.412669,41.827157],[-71.412622,41.827176],[-71.412621,41.827158],[-71.412669,41.827157]]],[[[-71.412574,41.827177],[-71.41255,41.827195],[-71.41255,41.827177],[-71.412574,41.827177]]],[[[-71.412526,41.827196],[-71.412503,41.827214],[-71.412502,41.827196],[-71.412526,41.827196]]],[[[-71.410824,41.828024],[-71.4108,41.828042],[-71.410799,41.828024],[-71.410824,41.828024]]],[[[-71.410786,41.828313],[-71.410763,41.828331],[-71.410762,41.828313],[-71.410786,41.828313]]],[[[-71.411319,41.829671],[-71.411297,41.829725],[-71.411295,41.829671],[-71.411319,41.829671]]],[[[-71.411347,41.829778],[-71.411328,41.829905],[-71.411323,41.829779],[-71.411347,41.829778]]],[[[-71.411376,41.829922],[-71.411357,41.830048],[-71.411352,41.829922],[-71.411376,41.829922]]],[[[-71.411407,41.830101],[-71.411385,41.830155],[-71.411383,41.830101],[-71.411407,41.830101]]],[[[-71.411436,41.830226],[-71.411415,41.830317],[-71.411412,41.830227],[-71.411436,41.830226]]],[[[-71.411466,41.83037],[-71.411446,41.830478],[-71.411441,41.83037],[-71.411466,41.83037]]],[[[-71.411299,41.830427],[-71.411276,41.830446],[-71.411275,41.830428],[-71.411299,41.830427]]],[[[-71.411328,41.830553],[-71.411305,41.830571],[-71.411304,41.830553],[-71.411328,41.830553]]],[[[-71.411494,41.830495],[-71.411476,41.83064],[-71.41147,41.830496],[-71.411494,41.830495]]],[[[-71.411357,41.830678],[-71.411335,41.830733],[-71.411333,41.830679],[-71.411357,41.830678]]],[[[-71.411524,41.830657],[-71.411506,41.830801],[-71.4115,41.830657],[-71.411524,41.830657]]],[[[-71.411385,41.830786],[-71.411363,41.830858],[-71.411361,41.830786],[-71.411385,41.830786]]],[[[-71.411414,41.830911],[-71.411392,41.830966],[-71.41139,41.830912],[-71.411414,41.830911]]],[[[-71.41153,41.830801],[-71.41159,41.831106],[-71.411615,41.831141],[-71.411567,41.831142],[-71.41153,41.830801]]],[[[-71.411442,41.831019],[-71.411422,41.831127],[-71.411418,41.831019],[-71.411442,41.831019]]],[[[-71.411502,41.831342],[-71.411451,41.831253],[-71.411446,41.831145],[-71.411497,41.831216],[-71.411502,41.831342]]],[[[-71.411526,41.831972],[-71.411502,41.83199],[-71.411502,41.831972],[-71.411526,41.831972]]],[[[-71.41148,41.832045],[-71.411484,41.832153],[-71.411446,41.832406],[-71.41148,41.832045]]],[[[-71.411436,41.832784],[-71.411413,41.832821],[-71.411412,41.832785],[-71.411436,41.832784]]],[[[-71.411415,41.832875],[-71.411393,41.832929],[-71.411391,41.832875],[-71.411415,41.832875]]],[[[-71.411369,41.83293],[-71.411374,41.833074],[-71.411326,41.833075],[-71.411369,41.83293]]],[[[-71.408516,41.824938],[-71.408494,41.824975],[-71.408492,41.824939],[-71.408516,41.824938]]],[[[-71.408542,41.824992],[-71.40852,41.825028],[-71.408518,41.824992],[-71.408542,41.824992]]],[[[-71.408545,41.825064],[-71.408568,41.825027],[-71.408569,41.825063],[-71.408545,41.825064]]],[[[-71.408594,41.825081],[-71.408571,41.825117],[-71.40857,41.825081],[-71.408594,41.825081]]],[[[-71.408595,41.825117],[-71.408645,41.825152],[-71.408647,41.825206],[-71.408597,41.825171],[-71.408595,41.825117]]],[[[-71.408801,41.825455],[-71.408777,41.825473],[-71.408777,41.825455],[-71.408801,41.825455]]],[[[-71.408802,41.825491],[-71.408825,41.825472],[-71.408826,41.82549],[-71.408802,41.825491]]],[[[-71.408851,41.825508],[-71.408827,41.825526],[-71.408827,41.825508],[-71.408851,41.825508]]],[[[-71.408901,41.825561],[-71.408878,41.825579],[-71.408877,41.825561],[-71.408901,41.825561]]],[[[-71.408951,41.825613],[-71.408928,41.825632],[-71.408927,41.825614],[-71.408951,41.825613]]],[[[-71.409001,41.825666],[-71.408978,41.825685],[-71.408977,41.825667],[-71.409001,41.825666]]],[[[-71.409076,41.825737],[-71.409053,41.825755],[-71.409052,41.825737],[-71.409076,41.825737]]],[[[-71.409151,41.825807],[-71.409128,41.825826],[-71.409127,41.825808],[-71.409151,41.825807]]],[[[-71.409176,41.825825],[-71.409152,41.825843],[-71.409152,41.825825],[-71.409176,41.825825]]],[[[-71.409177,41.825861],[-71.4092,41.825842],[-71.409201,41.82586],[-71.409177,41.825861]]],[[[-71.409225,41.82586],[-71.409202,41.825878],[-71.409201,41.82586],[-71.409225,41.82586]]],[[[-71.409399,41.826],[-71.409376,41.826019],[-71.409375,41.826001],[-71.409399,41.826]]],[[[-71.409087,41.826025],[-71.409063,41.826043],[-71.409063,41.826025],[-71.409087,41.826025]]],[[[-71.409424,41.826018],[-71.4094,41.826036],[-71.4094,41.826018],[-71.409424,41.826018]]],[[[-71.409448,41.826035],[-71.409425,41.826054],[-71.409424,41.826036],[-71.409448,41.826035]]],[[[-71.40945,41.826071],[-71.409473,41.826053],[-71.409474,41.826071],[-71.40945,41.826071]]],[[[-71.409498,41.82607],[-71.409475,41.826089],[-71.409474,41.826071],[-71.409498,41.82607]]],[[[-71.409499,41.826106],[-71.409523,41.826088],[-71.409523,41.826106],[-71.409499,41.826106]]],[[[-71.409162,41.826095],[-71.409187,41.826113],[-71.409162,41.826113],[-71.409162,41.826095]]],[[[-71.409547,41.826105],[-71.409524,41.826124],[-71.409523,41.826106],[-71.409547,41.826105]]],[[[-71.409211,41.826112],[-71.409187,41.826131],[-71.409187,41.826113],[-71.409211,41.826112]]],[[[-71.409572,41.826123],[-71.409549,41.826141],[-71.409548,41.826123],[-71.409572,41.826123]]],[[[-71.409574,41.826159],[-71.409597,41.82614],[-71.409598,41.826158],[-71.409574,41.826159]]],[[[-71.409622,41.826158],[-71.409598,41.826176],[-71.409598,41.826158],[-71.409622,41.826158]]],[[[-71.409623,41.826194],[-71.409646,41.826175],[-71.409647,41.826193],[-71.409623,41.826194]]],[[[-71.409671,41.826193],[-71.409648,41.826211],[-71.409647,41.826193],[-71.409671,41.826193]]],[[[-71.40931,41.8262],[-71.409287,41.826219],[-71.409286,41.826201],[-71.40931,41.8262]]],[[[-71.409696,41.82621],[-71.409672,41.826229],[-71.409672,41.826211],[-71.409696,41.82621]]],[[[-71.409697,41.826246],[-71.409721,41.826228],[-71.409721,41.826246],[-71.409697,41.826246]]],[[[-71.409745,41.826245],[-71.409722,41.826264],[-71.409721,41.826246],[-71.409745,41.826245]]],[[[-71.409747,41.826281],[-71.40977,41.826263],[-71.409771,41.826281],[-71.409747,41.826281]]],[[[-71.409795,41.82628],[-71.409771,41.826299],[-71.409771,41.826281],[-71.409795,41.82628]]],[[[-71.409797,41.826334],[-71.40982,41.826298],[-71.409821,41.826334],[-71.409797,41.826334]]],[[[-71.409821,41.826334],[-71.409846,41.826351],[-71.409822,41.826352],[-71.409821,41.826334]]],[[[-71.40987,41.826351],[-71.409846,41.826369],[-71.409846,41.826351],[-71.40987,41.826351]]],[[[-71.409871,41.826387],[-71.409894,41.826368],[-71.409895,41.826386],[-71.409871,41.826387]]],[[[-71.409488,41.826449],[-71.409465,41.826467],[-71.409464,41.826449],[-71.409488,41.826449]]],[[[-71.410092,41.826508],[-71.410069,41.826527],[-71.410068,41.826509],[-71.410092,41.826508]]],[[[-71.410117,41.826526],[-71.410094,41.826544],[-71.410093,41.826526],[-71.410117,41.826526]]],[[[-71.410118,41.826562],[-71.410142,41.826543],[-71.410143,41.826561],[-71.410118,41.826562]]],[[[-71.410082,41.826869],[-71.410058,41.826887],[-71.410058,41.826869],[-71.410082,41.826869]]],[[[-71.410107,41.826904],[-71.410084,41.826923],[-71.410083,41.826905],[-71.410107,41.826904]]],[[[-71.410133,41.826958],[-71.41011,41.826976],[-71.410109,41.826958],[-71.410133,41.826958]]],[[[-71.410159,41.826993],[-71.410135,41.827012],[-71.410135,41.826994],[-71.410159,41.826993]]],[[[-71.410184,41.827029],[-71.410161,41.827047],[-71.41016,41.827029],[-71.410184,41.827029]]],[[[-71.405009,41.818743],[-71.404908,41.818601],[-71.404928,41.818493],[-71.405107,41.818777],[-71.405009,41.818743]]],[[[-71.405144,41.819137],[-71.405064,41.818904],[-71.405157,41.81883],[-71.405314,41.819151],[-71.405144,41.819137]]],[[[-71.40562,41.819631],[-71.405487,41.819292],[-71.40556,41.81929],[-71.40561,41.819361],[-71.40559,41.819452],[-71.405741,41.819647],[-71.40562,41.819631]]],[[[-71.40586,41.81959],[-71.40605,41.819532],[-71.406125,41.819603],[-71.40586,41.81959]]],[[[-71.40615,41.81962],[-71.406126,41.819639],[-71.406126,41.819621],[-71.40615,41.81962]]],[[[-71.406608,41.819629],[-71.406821,41.819552],[-71.406918,41.819568],[-71.406922,41.819658],[-71.40666,41.819736],[-71.406612,41.819737],[-71.406658,41.8197],[-71.406608,41.819629]]],[[[-71.406201,41.819691],[-71.406152,41.819674],[-71.40615,41.819638],[-71.406199,41.819655],[-71.406201,41.819691]]],[[[-71.406513,41.819667],[-71.406489,41.819685],[-71.406489,41.819667],[-71.406513,41.819667]]],[[[-71.406225,41.819691],[-71.406201,41.819709],[-71.406201,41.819691],[-71.406225,41.819691]]],[[[-71.406465,41.819686],[-71.406418,41.819705],[-71.406417,41.819687],[-71.406465,41.819686]]],[[[-71.406273,41.819708],[-71.406226,41.819727],[-71.406225,41.819709],[-71.406273,41.819708]]],[[[-71.406418,41.819705],[-71.406322,41.819725],[-71.406322,41.819707],[-71.406418,41.819705]]],[[[-71.406542,41.819792],[-71.406517,41.819775],[-71.406541,41.819774],[-71.406542,41.819792]]],[[[-71.406493,41.819793],[-71.406518,41.819811],[-71.406494,41.819811],[-71.406493,41.819793]]],[[[-71.406495,41.819829],[-71.40647,41.819812],[-71.406494,41.819811],[-71.406495,41.819829]]],[[[-71.406401,41.819885],[-71.406471,41.81983],[-71.406472,41.819866],[-71.406401,41.819885]]],[[[-71.406401,41.819885],[-71.406377,41.819904],[-71.406376,41.819886],[-71.406401,41.819885]]],[[[-71.406353,41.819904],[-71.40633,41.819923],[-71.406329,41.819905],[-71.406353,41.819904]]],[[[-71.406282,41.819924],[-71.406258,41.819942],[-71.406258,41.819924],[-71.406282,41.819924]]],[[[-71.405925,41.820057],[-71.405902,41.820076],[-71.405901,41.820058],[-71.405925,41.820057]]],[[[-71.405291,41.821133],[-71.405268,41.821152],[-71.405267,41.821134],[-71.405291,41.821133]]],[[[-71.405417,41.821275],[-71.405394,41.821293],[-71.405393,41.821275],[-71.405417,41.821275]]],[[[-71.405646,41.821594],[-71.405622,41.821613],[-71.405622,41.821595],[-71.405646,41.821594]]],[[[-71.407481,41.823015],[-71.407284,41.822893],[-71.406362,41.821435],[-71.406322,41.821003],[-71.406091,41.82063],[-71.405893,41.82049],[-71.405816,41.820348],[-71.405879,41.820094],[-71.406064,41.820541],[-71.40637,41.821002],[-71.406404,41.821272],[-71.40684,41.821983],[-71.407373,41.822693],[-71.407401,41.8228],[-71.40755,41.822941],[-71.407529,41.823014],[-71.407577,41.823013],[-71.407556,41.823085],[-71.407604,41.823084],[-71.407606,41.823138],[-71.407533,41.823122],[-71.407481,41.823015]]],[[[-71.405797,41.821771],[-71.405774,41.82179],[-71.405773,41.821772],[-71.405797,41.821771]]],[[[-71.405847,41.821824],[-71.405824,41.821843],[-71.405823,41.821825],[-71.405847,41.821824]]],[[[-71.405829,41.821986],[-71.405876,41.821949],[-71.405877,41.821967],[-71.405829,41.821986]]],[[[-71.406103,41.822215],[-71.406079,41.822233],[-71.406078,41.822215],[-71.406103,41.822215]]],[[[-71.407517,41.823968],[-71.406652,41.822744],[-71.406306,41.822499],[-71.406329,41.822462],[-71.406179,41.822339],[-71.406773,41.822759],[-71.407357,41.823558],[-71.407412,41.823737],[-71.407511,41.823824],[-71.407517,41.823968]]],[[[-71.407678,41.823137],[-71.407607,41.823156],[-71.407606,41.823138],[-71.407678,41.823137]]],[[[-71.407706,41.823244],[-71.407755,41.823261],[-71.407783,41.823368],[-71.407706,41.823244]]],[[[-71.407783,41.823368],[-71.407935,41.823563],[-71.408015,41.823778],[-71.407845,41.823727],[-71.407783,41.823368]]],[[[-71.407566,41.824003],[-71.407518,41.824004],[-71.407517,41.823968],[-71.407734,41.823982],[-71.407761,41.824071],[-71.407643,41.824128],[-71.407566,41.824003]]],[[[-71.40805,41.824065],[-71.407856,41.824015],[-71.407852,41.823925],[-71.408017,41.823832],[-71.408015,41.823778],[-71.40812,41.823992],[-71.408156,41.824315],[-71.408107,41.824298],[-71.40805,41.824065]]],[[[-71.407669,41.824163],[-71.407693,41.824181],[-71.407669,41.824181],[-71.407669,41.824163]]],[[[-71.408157,41.824351],[-71.408134,41.82437],[-71.408133,41.824352],[-71.408157,41.824351]]],[[[-71.408183,41.824387],[-71.408159,41.824405],[-71.408159,41.824387],[-71.408183,41.824387]]],[[[-71.408208,41.824422],[-71.408185,41.824459],[-71.408184,41.824423],[-71.408208,41.824422]]],[[[-71.408234,41.824476],[-71.408211,41.824494],[-71.40821,41.824476],[-71.408234,41.824476]]],[[[-71.40826,41.824511],[-71.408237,41.824548],[-71.408235,41.824512],[-71.40826,41.824511]]],[[[-71.408286,41.824565],[-71.408262,41.824583],[-71.408262,41.824565],[-71.408286,41.824565]]],[[[-71.408311,41.8246],[-71.408288,41.824619],[-71.408287,41.824601],[-71.408311,41.8246]]],[[[-71.408337,41.824654],[-71.408314,41.824672],[-71.408313,41.824654],[-71.408337,41.824654]]],[[[-71.408363,41.824689],[-71.408339,41.824708],[-71.408338,41.82469],[-71.408363,41.824689]]],[[[-71.408388,41.824725],[-71.408365,41.824743],[-71.408364,41.824725],[-71.408388,41.824725]]],[[[-71.408414,41.824778],[-71.408391,41.824797],[-71.40839,41.824779],[-71.408414,41.824778]]],[[[-71.408439,41.824814],[-71.408416,41.824832],[-71.408415,41.824814],[-71.408439,41.824814]]],[[[-71.408465,41.824849],[-71.408442,41.824886],[-71.408441,41.82485],[-71.408465,41.824849]]],[[[-71.408491,41.824903],[-71.408468,41.824921],[-71.408467,41.824903],[-71.408491,41.824903]]],[[[-71.408183,41.825035],[-71.408159,41.825054],[-71.408159,41.825036],[-71.408183,41.825035]]],[[[-71.403121,41.815253],[-71.403072,41.815236],[-71.403095,41.815199],[-71.403119,41.815199],[-71.403121,41.815253]]],[[[-71.403276,41.815538],[-71.403253,41.815556],[-71.403252,41.815538],[-71.403276,41.815538]]],[[[-71.403278,41.815592],[-71.403301,41.815555],[-71.403302,41.815591],[-71.403278,41.815592]]],[[[-71.403327,41.815609],[-71.403304,41.815645],[-71.403303,41.815609],[-71.403327,41.815609]]],[[[-71.40333,41.815681],[-71.403352,41.815644],[-71.403354,41.81568],[-71.40333,41.815681]]],[[[-71.403378,41.815698],[-71.403356,41.815734],[-71.403354,41.815698],[-71.403378,41.815698]]],[[[-71.403381,41.81577],[-71.403404,41.815733],[-71.403405,41.815769],[-71.403381,41.81577]]],[[[-71.40343,41.815787],[-71.403407,41.815823],[-71.403406,41.815787],[-71.40343,41.815787]]],[[[-71.403433,41.815877],[-71.403455,41.815822],[-71.403457,41.815876],[-71.403433,41.815877]]],[[[-71.403481,41.815876],[-71.403459,41.81593],[-71.403457,41.815876],[-71.403481,41.815876]]],[[[-71.403743,41.816428],[-71.403565,41.81618],[-71.403484,41.815948],[-71.403683,41.816105],[-71.403614,41.816215],[-71.403738,41.816302],[-71.403743,41.816428]]],[[[-71.401292,41.81657],[-71.401043,41.816341],[-71.401015,41.816233],[-71.401292,41.81657]]],[[[-71.403767,41.816428],[-71.403745,41.816482],[-71.403743,41.816428],[-71.403767,41.816428]]],[[[-71.403793,41.816481],[-71.403771,41.816536],[-71.403769,41.816482],[-71.403793,41.816481]]],[[[-71.401342,41.816623],[-71.401294,41.816606],[-71.401292,41.81657],[-71.401341,41.816587],[-71.401342,41.816623]]],[[[-71.403795,41.816535],[-71.40382,41.816571],[-71.403796,41.816571],[-71.403795,41.816535]]],[[[-71.401366,41.816622],[-71.401344,41.816659],[-71.401342,41.816623],[-71.401366,41.816622]]],[[[-71.403844,41.81657],[-71.403822,41.816625],[-71.40382,41.816571],[-71.403844,41.81657]]],[[[-71.401392,41.816658],[-71.401368,41.816676],[-71.401368,41.816658],[-71.401392,41.816658]]],[[[-71.401393,41.816694],[-71.401417,41.816675],[-71.401417,41.816693],[-71.401393,41.816694]]],[[[-71.403871,41.816624],[-71.403848,41.81666],[-71.403847,41.816624],[-71.403871,41.816624]]],[[[-71.401442,41.816711],[-71.401419,41.816729],[-71.401418,41.816711],[-71.401442,41.816711]]],[[[-71.403896,41.816659],[-71.403873,41.816696],[-71.403872,41.81666],[-71.403896,41.816659]]],[[[-71.403898,41.816713],[-71.403921,41.816695],[-71.403922,41.816713],[-71.403898,41.816713]]],[[[-71.403946,41.816712],[-71.403923,41.816749],[-71.403922,41.816713],[-71.403946,41.816712]]],[[[-71.40182,41.817171],[-71.401797,41.81719],[-71.401796,41.817172],[-71.40182,41.817171]]],[[[-71.40187,41.817224],[-71.401847,41.817243],[-71.401846,41.817225],[-71.40187,41.817224]]],[[[-71.401896,41.81726],[-71.401872,41.817278],[-71.401872,41.81726],[-71.401896,41.81726]]],[[[-71.401921,41.817277],[-71.401898,41.817314],[-71.401897,41.817278],[-71.401921,41.817277]]],[[[-71.401923,41.817331],[-71.401946,41.817313],[-71.401947,41.817331],[-71.401923,41.817331]]],[[[-71.401971,41.81733],[-71.401947,41.817349],[-71.401947,41.817331],[-71.401971,41.81733]]],[[[-71.402021,41.817383],[-71.401997,41.817402],[-71.401997,41.817384],[-71.402021,41.817383]]],[[[-71.402046,41.817419],[-71.402023,41.817437],[-71.402022,41.817419],[-71.402046,41.817419]]],[[[-71.402048,41.817473],[-71.402071,41.817436],[-71.402072,41.817472],[-71.402048,41.817473]]],[[[-71.402122,41.817525],[-71.402074,41.817508],[-71.402072,41.817472],[-71.402121,41.817489],[-71.402122,41.817525]]],[[[-71.402124,41.817561],[-71.402147,41.817525],[-71.402148,41.817561],[-71.402124,41.817561]]],[[[-71.404734,41.818461],[-71.404519,41.817871],[-71.404158,41.817861],[-71.404033,41.817755],[-71.404,41.817504],[-71.40387,41.817254],[-71.403982,41.817018],[-71.403975,41.816838],[-71.404074,41.816908],[-71.404053,41.816998],[-71.404204,41.817175],[-71.40431,41.817425],[-71.404432,41.817477],[-71.404438,41.817639],[-71.404588,41.81778],[-71.404569,41.817924],[-71.404771,41.818172],[-71.404801,41.818334],[-71.404852,41.818387],[-71.404924,41.818385],[-71.40495,41.818439],[-71.404734,41.818461]],[[-71.404877,41.818422],[-71.4049,41.818404],[-71.404876,41.818404],[-71.404877,41.818422]]],[[[-71.403183,41.818854],[-71.402682,41.818324],[-71.40258,41.818182],[-71.402576,41.818074],[-71.402148,41.817561],[-71.40265,41.818108],[-71.402921,41.818283],[-71.403004,41.818569],[-71.403104,41.818657],[-71.403183,41.818854]]],[[[-71.403183,41.818854],[-71.403232,41.818871],[-71.403259,41.818942],[-71.403183,41.818854]]],[[[-71.403259,41.818942],[-71.403385,41.819084],[-71.403337,41.819085],[-71.403259,41.818942]]],[[[-71.403409,41.819083],[-71.403385,41.819102],[-71.403385,41.819084],[-71.403409,41.819083]]],[[[-71.404135,41.819842],[-71.403516,41.819387],[-71.40341,41.819119],[-71.404135,41.819842]]],[[[-71.40416,41.819842],[-71.404136,41.81986],[-71.404135,41.819842],[-71.40416,41.819842]]],[[[-71.40416,41.81986],[-71.404357,41.819982],[-71.404386,41.820089],[-71.404609,41.820283],[-71.404545,41.820482],[-71.404311,41.820019],[-71.40416,41.81986]]],[[[-71.405267,41.821134],[-71.404844,41.820746],[-71.404696,41.820677],[-71.404813,41.820567],[-71.404688,41.820461],[-71.40471,41.820389],[-71.404926,41.820384],[-71.405,41.820437],[-71.40498,41.820527],[-71.404909,41.820565],[-71.40489,41.820709],[-71.404942,41.820816],[-71.405214,41.820991],[-71.405267,41.821134]]],[[[-71.38864,41.822093],[-71.388616,41.822112],[-71.388616,41.822094],[-71.38864,41.822093]]]]}},{"type":"Feature","properties":{"level_mllw":7.6,"level_navd_ft":5.13},"geometry":{"type":"MultiPolygon","coordinates":[[[[-71.414184,41.826458],[-71.414161,41.826477],[-71.41416,41.826459],[-71.414184,41.826458]]],[[[-71.414186,41.826494],[-71.414233,41.826475],[-71.414234,41.826493],[-71.414186,41.826494]]],[[[-71.414308,41.826546],[-71.414285,41.826564],[-71.414284,41.826546],[-71.414308,41.826546]]],[[[-71.414309,41.826582],[-71.414333,41.826563],[-71.414333,41.826581],[-71.414309,41.826582]]],[[[-71.414358,41.826581],[-71.414334,41.826599],[-71.414333,41.826581],[-71.414358,41.826581]]],[[[-71.414359,41.826617],[-71.414382,41.826598],[-71.414383,41.826616],[-71.414359,41.826617]]],[[[-71.414432,41.826633],[-71.414409,41.82667],[-71.414408,41.826634],[-71.414432,41.826633]]],[[[-71.414459,41.826723],[-71.414434,41.826705],[-71.414459,41.826705],[-71.414459,41.826723]]],[[[-71.414485,41.826776],[-71.41446,41.826741],[-71.414484,41.82674],[-71.414485,41.826776]]],[[[-71.414489,41.826866],[-71.414463,41.826831],[-71.414487,41.82683],[-71.414489,41.826866]]],[[[-71.414441,41.826867],[-71.414465,41.826885],[-71.414441,41.826885],[-71.414441,41.826867]]],[[[-71.416718,41.827233],[-71.416695,41.827252],[-71.416694,41.827234],[-71.416718,41.827233]]],[[[-71.416791,41.82725],[-71.416768,41.827268],[-71.416767,41.82725],[-71.416791,41.82725]]],[[[-71.41684,41.827267],[-71.416816,41.827285],[-71.416816,41.827267],[-71.41684,41.827267]]],[[[-71.416913,41.827283],[-71.416865,41.827302],[-71.416864,41.827284],[-71.416913,41.827283]]],[[[-71.417086,41.827424],[-71.416913,41.827301],[-71.417107,41.827333],[-71.417086,41.827424]]],[[[-71.418131,41.827672],[-71.418107,41.827655],[-71.418131,41.827654],[-71.418131,41.827672]]],[[[-71.418545,41.827789],[-71.41852,41.827772],[-71.418544,41.827771],[-71.418545,41.827789]]],[[[-71.418617,41.827788],[-71.41857,41.827807],[-71.418569,41.827789],[-71.418617,41.827788]]],[[[-71.418619,41.827824],[-71.418642,41.827805],[-71.418643,41.827823],[-71.418619,41.827824]]],[[[-71.418715,41.827822],[-71.418667,41.827841],[-71.418667,41.827823],[-71.418715,41.827822]]],[[[-71.418716,41.827858],[-71.41874,41.827839],[-71.41874,41.827857],[-71.418716,41.827858]]],[[[-71.418788,41.827856],[-71.418765,41.827875],[-71.418764,41.827857],[-71.418788,41.827856]]],[[[-71.419057,41.827941],[-71.419033,41.827959],[-71.419032,41.827941],[-71.419057,41.827941]]],[[[-71.419129,41.827957],[-71.419106,41.827976],[-71.419105,41.827958],[-71.419129,41.827957]]],[[[-71.419446,41.828041],[-71.419421,41.828023],[-71.419445,41.828023],[-71.419446,41.828041]]],[[[-71.419543,41.828057],[-71.419494,41.82804],[-71.419542,41.828039],[-71.419543,41.828057]]],[[[-71.419591,41.828056],[-71.419567,41.828074],[-71.419567,41.828056],[-71.419591,41.828056]]],[[[-71.419639,41.828073],[-71.419616,41.828091],[-71.419615,41.828073],[-71.419639,41.828073]]],[[[-71.419712,41.828089],[-71.419689,41.828107],[-71.419688,41.828089],[-71.419712,41.828089]]],[[[-71.419785,41.828105],[-71.419738,41.828124],[-71.419737,41.828106],[-71.419785,41.828105]]],[[[-71.419834,41.828122],[-71.419811,41.828141],[-71.41981,41.828123],[-71.419834,41.828122]]],[[[-71.419883,41.828139],[-71.419859,41.828158],[-71.419859,41.82814],[-71.419883,41.828139]]],[[[-71.420005,41.828173],[-71.419981,41.828191],[-71.41998,41.828173],[-71.420005,41.828173]]],[[[-71.420078,41.828207],[-71.420053,41.82819],[-71.420077,41.828189],[-71.420078,41.828207]]],[[[-71.420151,41.828224],[-71.420102,41.828207],[-71.42015,41.828206],[-71.420151,41.828224]]],[[[-71.420199,41.828223],[-71.420176,41.828241],[-71.420175,41.828223],[-71.420199,41.828223]]],[[[-71.420272,41.828239],[-71.420249,41.828258],[-71.420248,41.82824],[-71.420272,41.828239]]],[[[-71.420321,41.828256],[-71.420297,41.828275],[-71.420297,41.828257],[-71.420321,41.828256]]],[[[-71.420394,41.828273],[-71.42037,41.828291],[-71.42037,41.828273],[-71.420394,41.828273]]],[[[-71.420442,41.82829],[-71.420419,41.828308],[-71.420418,41.82829],[-71.420442,41.82829]]],[[[-71.420637,41.82834],[-71.420614,41.828358],[-71.420613,41.82834],[-71.420637,41.82834]]],[[[-71.421777,41.82855],[-71.421753,41.828568],[-71.421753,41.82855],[-71.421777,41.82855]]],[[[-71.421923,41.828601],[-71.421898,41.828583],[-71.421922,41.828583],[-71.421923,41.828601]]],[[[-71.422166,41.82865],[-71.422141,41.828632],[-71.422165,41.828632],[-71.422166,41.82865]]],[[[-71.422723,41.828728],[-71.422699,41.828746],[-71.422699,41.828728],[-71.422723,41.828728]]],[[[-71.42792,41.828618],[-71.427873,41.828637],[-71.427872,41.828619],[-71.42792,41.828618]]],[[[-71.422796,41.828744],[-71.422772,41.828763],[-71.422771,41.828745],[-71.422796,41.828744]]],[[[-71.42396,41.828972],[-71.423937,41.828991],[-71.423936,41.828973],[-71.42396,41.828972]]],[[[-71.424057,41.828988],[-71.424034,41.829007],[-71.424033,41.828989],[-71.424057,41.828988]]],[[[-71.414063,41.826443],[-71.413944,41.826463],[-71.413943,41.826445],[-71.414063,41.826443]]],[[[-71.413563,41.826579],[-71.413539,41.826598],[-71.413539,41.82658],[-71.413563,41.826579]]],[[[-71.413516,41.826616],[-71.413491,41.826599],[-71.413515,41.826598],[-71.413516,41.826616]]],[[[-71.413469,41.826635],[-71.413444,41.826618],[-71.413468,41.826617],[-71.413469,41.826635]]],[[[-71.41342,41.826636],[-71.413397,41.826655],[-71.413396,41.826637],[-71.41342,41.826636]]],[[[-71.413373,41.826655],[-71.41335,41.826674],[-71.413349,41.826656],[-71.413373,41.826655]]],[[[-71.413326,41.826674],[-71.413302,41.826693],[-71.413301,41.826675],[-71.413326,41.826674]]],[[[-71.413183,41.826713],[-71.413135,41.826732],[-71.413134,41.826714],[-71.413183,41.826713]]],[[[-71.413064,41.826752],[-71.41304,41.82677],[-71.41304,41.826752],[-71.413064,41.826752]]],[[[-71.413016,41.826771],[-71.412993,41.826789],[-71.412992,41.826771],[-71.413016,41.826771]]],[[[-71.412945,41.82679],[-71.412921,41.826809],[-71.412921,41.826791],[-71.412945,41.82679]]],[[[-71.412898,41.826827],[-71.412873,41.82681],[-71.412897,41.826809],[-71.412898,41.826827]]],[[[-71.412826,41.826847],[-71.412802,41.82683],[-71.412826,41.826829],[-71.412826,41.826847]]],[[[-71.412778,41.826848],[-71.412755,41.826867],[-71.412754,41.826849],[-71.412778,41.826848]]],[[[-71.412731,41.826867],[-71.412707,41.826886],[-71.412707,41.826868],[-71.412731,41.826867]]],[[[-71.412659,41.826887],[-71.412636,41.826905],[-71.412635,41.826887],[-71.412659,41.826887]]],[[[-71.412588,41.826924],[-71.412564,41.826907],[-71.412588,41.826906],[-71.412588,41.826924]]],[[[-71.411244,41.827024],[-71.411171,41.827008],[-71.411243,41.827006],[-71.411244,41.827024]]],[[[-71.412182,41.827005],[-71.412135,41.827024],[-71.412134,41.827006],[-71.412182,41.827005]]],[[[-71.413193,41.826983],[-71.413169,41.827002],[-71.413169,41.826984],[-71.413193,41.826983]]],[[[-71.412062,41.827007],[-71.411966,41.827027],[-71.411965,41.827009],[-71.412062,41.827007]]],[[[-71.41187,41.827029],[-71.411701,41.827015],[-71.411869,41.827011],[-71.41187,41.827029]]],[[[-71.411437,41.827038],[-71.41134,41.827022],[-71.411436,41.82702],[-71.411437,41.827038]]],[[[-71.413122,41.827021],[-71.413074,41.82704],[-71.413074,41.827022],[-71.413122,41.827021]]],[[[-71.413531,41.827012],[-71.413508,41.827031],[-71.413507,41.827013],[-71.413531,41.827012]]],[[[-71.41305,41.82704],[-71.413028,41.827077],[-71.412884,41.827098],[-71.41305,41.82704]]],[[[-71.412884,41.827098],[-71.412837,41.827135],[-71.412741,41.827137],[-71.41274,41.827119],[-71.412884,41.827098]]],[[[-71.412621,41.827158],[-71.412669,41.827157],[-71.412693,41.827138],[-71.412694,41.827174],[-71.412621,41.827158]]],[[[-71.412574,41.827177],[-71.41255,41.827195],[-71.41255,41.827177],[-71.412574,41.827177]]],[[[-71.41255,41.827195],[-71.412503,41.827214],[-71.412502,41.827196],[-71.41255,41.827195]]],[[[-71.411375,41.82731],[-71.41135,41.827292],[-71.411374,41.827292],[-71.411375,41.82731]]],[[[-71.411352,41.829904],[-71.411323,41.829779],[-71.411347,41.829778],[-71.411352,41.829904]]],[[[-71.411376,41.829904],[-71.411357,41.830048],[-71.411352,41.829904],[-71.411376,41.829904]]],[[[-71.411382,41.830065],[-71.411405,41.830047],[-71.411406,41.830065],[-71.411382,41.830065]]],[[[-71.411407,41.830083],[-71.411385,41.830155],[-71.411383,41.830083],[-71.411407,41.830083]]],[[[-71.411436,41.830226],[-71.411415,41.830317],[-71.411412,41.830227],[-71.411436,41.830226]]],[[[-71.411465,41.830352],[-71.411446,41.830478],[-71.411441,41.830352],[-71.411465,41.830352]]],[[[-71.411494,41.830495],[-71.411476,41.83064],[-71.41147,41.830496],[-71.411494,41.830495]]],[[[-71.411357,41.830678],[-71.411335,41.830733],[-71.411333,41.830679],[-71.411357,41.830678]]],[[[-71.41153,41.830801],[-71.4115,41.830657],[-71.411524,41.830657],[-71.41153,41.830801]]],[[[-71.411388,41.830876],[-71.411361,41.830786],[-71.411385,41.830786],[-71.411388,41.830876]]],[[[-71.411414,41.830911],[-71.411393,41.831002],[-71.41139,41.830912],[-71.411414,41.830911]]],[[[-71.41153,41.830801],[-71.411583,41.830944],[-71.411616,41.831159],[-71.411567,41.831142],[-71.41153,41.830801]]],[[[-71.411442,41.831019],[-71.411422,41.831127],[-71.411418,41.831019],[-71.411442,41.831019]]],[[[-71.411616,41.831177],[-71.411593,41.831196],[-71.411592,41.831178],[-71.411616,41.831177]]],[[[-71.411502,41.831342],[-71.411451,41.831271],[-71.411446,41.831145],[-71.411497,41.831216],[-71.411502,41.831342]]],[[[-71.411526,41.831972],[-71.411502,41.83199],[-71.411502,41.831972],[-71.411526,41.831972]]],[[[-71.41148,41.832045],[-71.411484,41.832153],[-71.411446,41.832406],[-71.41148,41.832045]]],[[[-71.411436,41.832784],[-71.411459,41.832766],[-71.41146,41.832784],[-71.411436,41.832784]]],[[[-71.411436,41.832784],[-71.411414,41.832839],[-71.411412,41.832785],[-71.411436,41.832784]]],[[[-71.409547,41.826105],[-71.409524,41.826124],[-71.409523,41.826106],[-71.409547,41.826105]]],[[[-71.409549,41.826141],[-71.409572,41.826123],[-71.409573,41.826141],[-71.409549,41.826141]]],[[[-71.409597,41.82614],[-71.409574,41.826159],[-71.409573,41.826141],[-71.409597,41.82614]]],[[[-71.409622,41.826176],[-71.409598,41.826158],[-71.409622,41.826158],[-71.409622,41.826176]]],[[[-71.409622,41.826176],[-71.409647,41.826193],[-71.409623,41.826194],[-71.409622,41.826176]]],[[[-71.409671,41.826193],[-71.409648,41.826211],[-71.409647,41.826193],[-71.409671,41.826193]]],[[[-71.409672,41.826229],[-71.409696,41.82621],[-71.409697,41.826228],[-71.409672,41.826229]]],[[[-71.409721,41.826228],[-71.409697,41.826246],[-71.409697,41.826228],[-71.409721,41.826228]]],[[[-71.409746,41.826263],[-71.409721,41.826246],[-71.409745,41.826245],[-71.409746,41.826263]]],[[[-71.409746,41.826263],[-71.409771,41.826281],[-71.409747,41.826281],[-71.409746,41.826263]]],[[[-71.409795,41.82628],[-71.409771,41.826299],[-71.409771,41.826281],[-71.409795,41.82628]]],[[[-71.409797,41.826334],[-71.40982,41.826298],[-71.409821,41.826334],[-71.409797,41.826334]]],[[[-71.409845,41.826333],[-71.409822,41.826352],[-71.409821,41.826334],[-71.409845,41.826333]]],[[[-71.409846,41.826369],[-71.40987,41.826351],[-71.40987,41.826369],[-71.409846,41.826369]]],[[[-71.409894,41.826368],[-71.409871,41.826387],[-71.40987,41.826369],[-71.409894,41.826368]]],[[[-71.410092,41.826508],[-71.410069,41.826527],[-71.410068,41.826509],[-71.410092,41.826508]]],[[[-71.410117,41.826526],[-71.410094,41.826544],[-71.410093,41.826526],[-71.410117,41.826526]]],[[[-71.410143,41.826561],[-71.410118,41.826544],[-71.410142,41.826543],[-71.410143,41.826561]]],[[[-71.410143,41.826561],[-71.410167,41.826579],[-71.410143,41.826579],[-71.410143,41.826561]]],[[[-71.410191,41.826578],[-71.410168,41.826597],[-71.410167,41.826579],[-71.410191,41.826578]]],[[[-71.410193,41.826614],[-71.410216,41.826596],[-71.410217,41.826614],[-71.410193,41.826614]]],[[[-71.410241,41.826613],[-71.410217,41.826632],[-71.410217,41.826614],[-71.410241,41.826613]]],[[[-71.410242,41.826649],[-71.410266,41.826631],[-71.410266,41.826649],[-71.410242,41.826649]]],[[[-71.41029,41.826648],[-71.410267,41.826667],[-71.410266,41.826649],[-71.41029,41.826648]]],[[[-71.410292,41.826684],[-71.410315,41.826666],[-71.410316,41.826684],[-71.410292,41.826684]]],[[[-71.41034,41.826683],[-71.410316,41.826702],[-71.410316,41.826684],[-71.41034,41.826683]]],[[[-71.410365,41.826719],[-71.41034,41.826701],[-71.410364,41.826701],[-71.410365,41.826719]]],[[[-71.410082,41.826887],[-71.410058,41.826869],[-71.410082,41.826869],[-71.410082,41.826887]]],[[[-71.410107,41.826904],[-71.410084,41.826923],[-71.410083,41.826905],[-71.410107,41.826904]]],[[[-71.410734,41.826909],[-71.41071,41.826927],[-71.410709,41.826909],[-71.410734,41.826909]]],[[[-71.410806,41.826925],[-71.410759,41.826944],[-71.410758,41.826926],[-71.410806,41.826925]]],[[[-71.410133,41.82694],[-71.41011,41.826976],[-71.410109,41.82694],[-71.410133,41.82694]]],[[[-71.410879,41.826942],[-71.410832,41.826961],[-71.410831,41.826943],[-71.410879,41.826942]]],[[[-71.410952,41.826958],[-71.410905,41.826977],[-71.410904,41.826959],[-71.410952,41.826958]]],[[[-71.410159,41.826993],[-71.410135,41.827012],[-71.410135,41.826994],[-71.410159,41.826993]]],[[[-71.411026,41.826993],[-71.410977,41.826976],[-71.411025,41.826975],[-71.411026,41.826993]]],[[[-71.411123,41.827009],[-71.41105,41.826992],[-71.411122,41.826991],[-71.411123,41.827009]]],[[[-71.410184,41.827029],[-71.410161,41.827047],[-71.41016,41.827029],[-71.410184,41.827029]]],[[[-71.41021,41.827064],[-71.410186,41.827083],[-71.410185,41.827065],[-71.41021,41.827064]]],[[[-71.410824,41.828024],[-71.4108,41.828042],[-71.410799,41.828024],[-71.410824,41.828024]]],[[[-71.410683,41.828135],[-71.410658,41.828117],[-71.410683,41.828117],[-71.410683,41.828135]]],[[[-71.410709,41.828188],[-71.410685,41.828171],[-71.410709,41.82817],[-71.410709,41.828188]]],[[[-71.410735,41.828224],[-71.410711,41.828242],[-71.410711,41.828224],[-71.410735,41.828224]]],[[[-71.410761,41.828277],[-71.410737,41.828296],[-71.410737,41.828278],[-71.410761,41.828277]]],[[[-71.410786,41.828313],[-71.410763,41.828331],[-71.410762,41.828313],[-71.410786,41.828313]]],[[[-71.411321,41.829725],[-71.411294,41.829653],[-71.411318,41.829653],[-71.411321,41.829725]]],[[[-71.4113,41.830445],[-71.411275,41.830428],[-71.411299,41.830427],[-71.4113,41.830445]]],[[[-71.411328,41.830553],[-71.411305,41.830589],[-71.411304,41.830553],[-71.411328,41.830553]]],[[[-71.411415,41.832875],[-71.411393,41.832929],[-71.411391,41.832875],[-71.411415,41.832875]]],[[[-71.411369,41.83293],[-71.411374,41.833074],[-71.411326,41.833075],[-71.411369,41.83293]]],[[[-71.408157,41.824351],[-71.408134,41.82437],[-71.408133,41.824352],[-71.408157,41.824351]]],[[[-71.408183,41.824387],[-71.408159,41.824405],[-71.408159,41.824387],[-71.408183,41.824387]]],[[[-71.408208,41.824422],[-71.408185,41.824459],[-71.408184,41.824423],[-71.408208,41.824422]]],[[[-71.408234,41.824476],[-71.408211,41.824494],[-71.40821,41.824476],[-71.408234,41.824476]]],[[[-71.408261,41.824547],[-71.408235,41.824512],[-71.40826,41.824511],[-71.408261,41.824547]]],[[[-71.408286,41.824583],[-71.408262,41.824565],[-71.408286,41.824565],[-71.408286,41.824583]]],[[[-71.408311,41.8246],[-71.408288,41.824619],[-71.408287,41.824601],[-71.408311,41.8246]]],[[[-71.408336,41.824636],[-71.408314,41.824672],[-71.408312,41.824636],[-71.408336,41.824636]]],[[[-71.408363,41.824689],[-71.408339,41.824708],[-71.408338,41.82469],[-71.408363,41.824689]]],[[[-71.408388,41.824725],[-71.408365,41.824743],[-71.408364,41.824725],[-71.408388,41.824725]]],[[[-71.408414,41.824778],[-71.408391,41.824797],[-71.40839,41.824779],[-71.408414,41.824778]]],[[[-71.408439,41.824814],[-71.408416,41.824832],[-71.408415,41.824814],[-71.408439,41.824814]]],[[[-71.408465,41.824849],[-71.408442,41.824886],[-71.408441,41.82485],[-71.408465,41.824849]]],[[[-71.408492,41.824921],[-71.408467,41.824903],[-71.408491,41.824903],[-71.408492,41.824921]]],[[[-71.408518,41.824974],[-71.408492,41.824939],[-71.408516,41.824938],[-71.408518,41.824974]]],[[[-71.408542,41.824992],[-71.40852,41.825028],[-71.408518,41.824992],[-71.408542,41.824992]]],[[[-71.408183,41.825035],[-71.408159,41.825054],[-71.408159,41.825036],[-71.408183,41.825035]]],[[[-71.408568,41.825027],[-71.408545,41.825064],[-71.408544,41.825028],[-71.408568,41.825027]]],[[[-71.408594,41.825081],[-71.408571,41.825117],[-71.40857,41.825081],[-71.408594,41.825081]]],[[[-71.408647,41.825206],[-71.408597,41.825171],[-71.408595,41.825117],[-71.408645,41.825152],[-71.408647,41.825206]]],[[[-71.408801,41.825455],[-71.408777,41.825473],[-71.408777,41.825455],[-71.408801,41.825455]]],[[[-71.408825,41.825472],[-71.408802,41.825491],[-71.408801,41.825473],[-71.408825,41.825472]]],[[[-71.408851,41.825526],[-71.408827,41.825508],[-71.408851,41.825508],[-71.408851,41.825526]]],[[[-71.408851,41.825526],[-71.408876,41.825543],[-71.408852,41.825544],[-71.408851,41.825526]]],[[[-71.408901,41.825561],[-71.408878,41.825579],[-71.408877,41.825561],[-71.408901,41.825561]]],[[[-71.408951,41.825613],[-71.408928,41.825632],[-71.408927,41.825614],[-71.408951,41.825613]]],[[[-71.409001,41.825666],[-71.408978,41.825685],[-71.408977,41.825667],[-71.409001,41.825666]]],[[[-71.409077,41.825755],[-71.409052,41.825737],[-71.409076,41.825737],[-71.409077,41.825755]]],[[[-71.409077,41.825755],[-71.409101,41.825772],[-71.409077,41.825773],[-71.409077,41.825755]]],[[[-71.409151,41.825807],[-71.409128,41.825826],[-71.409127,41.825808],[-71.409151,41.825807]]],[[[-71.409152,41.825843],[-71.409176,41.825825],[-71.409176,41.825843],[-71.409152,41.825843]]],[[[-71.4092,41.825842],[-71.409177,41.825861],[-71.409176,41.825843],[-71.4092,41.825842]]],[[[-71.409226,41.825878],[-71.409201,41.82586],[-71.409225,41.82586],[-71.409226,41.825878]]],[[[-71.409226,41.825878],[-71.409251,41.825895],[-71.409227,41.825896],[-71.409226,41.825878]]],[[[-71.409037,41.82599],[-71.409014,41.826008],[-71.409013,41.82599],[-71.409037,41.82599]]],[[[-71.409399,41.826],[-71.409376,41.826019],[-71.409375,41.826001],[-71.409399,41.826]]],[[[-71.409039,41.826044],[-71.409062,41.826007],[-71.409088,41.826043],[-71.409039,41.826044]]],[[[-71.409424,41.826018],[-71.4094,41.826036],[-71.4094,41.826018],[-71.409424,41.826018]]],[[[-71.409448,41.826035],[-71.409425,41.826054],[-71.409424,41.826036],[-71.409448,41.826035]]],[[[-71.409136,41.82606],[-71.409113,41.826078],[-71.409112,41.82606],[-71.409136,41.82606]]],[[[-71.409473,41.826053],[-71.40945,41.826071],[-71.409449,41.826053],[-71.409473,41.826053]]],[[[-71.409499,41.826088],[-71.409474,41.826071],[-71.409498,41.82607],[-71.409499,41.826088]]],[[[-71.409499,41.826088],[-71.409523,41.826106],[-71.409499,41.826106],[-71.409499,41.826088]]],[[[-71.409338,41.826308],[-71.409138,41.826114],[-71.409137,41.826078],[-71.40931,41.8262],[-71.409338,41.826308]]],[[[-71.409363,41.826325],[-71.40934,41.826344],[-71.409339,41.826326],[-71.409363,41.826325]]],[[[-71.409388,41.826361],[-71.409365,41.826379],[-71.409364,41.826361],[-71.409388,41.826361]]],[[[-71.40939,41.826415],[-71.409413,41.826378],[-71.409415,41.826414],[-71.40939,41.826415]]],[[[-71.409439,41.826414],[-71.409415,41.826432],[-71.409415,41.826414],[-71.409439,41.826414]]],[[[-71.409439,41.826432],[-71.409488,41.826449],[-71.409489,41.826485],[-71.409441,41.826468],[-71.409439,41.826432]]],[[[-71.409513,41.826484],[-71.40949,41.826503],[-71.409489,41.826485],[-71.409513,41.826484]]],[[[-71.405144,41.819137],[-71.405064,41.818904],[-71.405157,41.81883],[-71.405314,41.819151],[-71.405144,41.819137]]],[[[-71.405645,41.819649],[-71.405463,41.819292],[-71.405509,41.819237],[-71.405636,41.819397],[-71.405691,41.819594],[-71.405812,41.819609],[-71.405645,41.819649]]],[[[-71.40586,41.81959],[-71.406074,41.819532],[-71.406125,41.819603],[-71.40586,41.81959]]],[[[-71.406126,41.819639],[-71.406149,41.819602],[-71.40615,41.819638],[-71.406126,41.819639]]],[[[-71.406608,41.819629],[-71.406894,41.819551],[-71.406945,41.81964],[-71.406612,41.819737],[-71.406658,41.8197],[-71.406608,41.819629]]],[[[-71.40615,41.819638],[-71.406249,41.819708],[-71.406393,41.819687],[-71.406465,41.819686],[-71.406466,41.819704],[-71.406226,41.819727],[-71.40615,41.819638]]],[[[-71.406513,41.819667],[-71.406465,41.819686],[-71.406465,41.819668],[-71.406513,41.819667]]],[[[-71.406541,41.819774],[-71.406517,41.819793],[-71.406517,41.819775],[-71.406541,41.819774]]],[[[-71.406518,41.819811],[-71.406493,41.819793],[-71.406517,41.819793],[-71.406518,41.819811]]],[[[-71.406471,41.81983],[-71.406494,41.819811],[-71.406495,41.819829],[-71.406471,41.81983]]],[[[-71.406447,41.81983],[-71.406471,41.81983],[-71.406472,41.819866],[-71.406401,41.819885],[-71.406447,41.81983]]],[[[-71.406401,41.819885],[-71.406377,41.819904],[-71.406376,41.819886],[-71.406401,41.819885]]],[[[-71.406353,41.819904],[-71.40633,41.819923],[-71.406329,41.819905],[-71.406353,41.819904]]],[[[-71.406282,41.819924],[-71.406258,41.819942],[-71.406258,41.819924],[-71.406282,41.819924]]],[[[-71.406115,41.819981],[-71.40609,41.819964],[-71.406114,41.819963],[-71.406115,41.819981]]],[[[-71.405949,41.820057],[-71.405925,41.820039],[-71.405949,41.820039],[-71.405949,41.820057]]],[[[-71.405291,41.821133],[-71.405268,41.821152],[-71.405267,41.821134],[-71.405291,41.821133]]],[[[-71.405367,41.821222],[-71.405344,41.82124],[-71.405343,41.821222],[-71.405367,41.821222]]],[[[-71.405417,41.821275],[-71.405394,41.821293],[-71.405393,41.821275],[-71.405417,41.821275]]],[[[-71.405646,41.821612],[-71.405622,41.821595],[-71.405646,41.821594],[-71.405646,41.821612]]],[[[-71.407558,41.823139],[-71.407284,41.822893],[-71.406362,41.821435],[-71.406322,41.821003],[-71.406091,41.82063],[-71.405893,41.82049],[-71.405816,41.820348],[-71.405901,41.820058],[-71.405933,41.820273],[-71.406034,41.820379],[-71.40627,41.820897],[-71.406421,41.821073],[-71.406607,41.821538],[-71.406941,41.822089],[-71.407167,41.822355],[-71.40717,41.822427],[-71.407345,41.822603],[-71.407425,41.8228],[-71.407501,41.822906],[-71.407573,41.822905],[-71.40758,41.823085],[-71.407703,41.823154],[-71.407558,41.823139]]],[[[-71.405747,41.821718],[-71.405723,41.821737],[-71.405723,41.821719],[-71.405747,41.821718]]],[[[-71.405797,41.821771],[-71.405774,41.821808],[-71.405773,41.821772],[-71.405797,41.821771]]],[[[-71.405822,41.821807],[-71.405799,41.821825],[-71.405798,41.821807],[-71.405822,41.821807]]],[[[-71.405824,41.821843],[-71.405847,41.821824],[-71.405848,41.821842],[-71.405824,41.821843]]],[[[-71.4059,41.821949],[-71.405875,41.821931],[-71.405899,41.821931],[-71.4059,41.821949]]],[[[-71.405828,41.82195],[-71.405854,41.822004],[-71.40583,41.822004],[-71.405828,41.82195]]],[[[-71.405904,41.822057],[-71.405881,41.822075],[-71.40588,41.822057],[-71.405904,41.822057]]],[[[-71.406054,41.822216],[-71.40603,41.822198],[-71.406054,41.822198],[-71.406054,41.822216]]],[[[-71.406103,41.822233],[-71.406078,41.822215],[-71.406103,41.822215],[-71.406103,41.822233]]],[[[-71.407517,41.823968],[-71.406703,41.822815],[-71.406306,41.822499],[-71.406329,41.822462],[-71.406179,41.822339],[-71.406773,41.822759],[-71.407357,41.823558],[-71.407412,41.823737],[-71.407511,41.823824],[-71.407517,41.823968]]],[[[-71.407706,41.823244],[-71.407755,41.823261],[-71.407783,41.823368],[-71.407706,41.823244]]],[[[-71.407894,41.823762],[-71.407793,41.82362],[-71.407783,41.823368],[-71.407935,41.823563],[-71.408015,41.823778],[-71.407894,41.823762]]],[[[-71.407566,41.824003],[-71.407518,41.824004],[-71.407517,41.823968],[-71.407734,41.823982],[-71.407761,41.824071],[-71.407643,41.824128],[-71.407566,41.824003]]],[[[-71.40805,41.824065],[-71.407856,41.824015],[-71.407852,41.823925],[-71.408017,41.823832],[-71.408015,41.823778],[-71.40812,41.823992],[-71.408156,41.824315],[-71.408107,41.824298],[-71.40805,41.824065]]],[[[-71.407693,41.824163],[-71.407669,41.824181],[-71.407669,41.824163],[-71.407693,41.824163]]],[[[-71.407719,41.824216],[-71.407695,41.824235],[-71.407695,41.824217],[-71.407719,41.824216]]],[[[-71.407771,41.824323],[-71.407773,41.824377],[-71.407799,41.824431],[-71.407724,41.82436],[-71.407771,41.824323]]],[[[-71.407799,41.824431],[-71.407824,41.824466],[-71.4078,41.824467],[-71.407799,41.824431]]],[[[-71.407848,41.824466],[-71.407826,41.82452],[-71.407824,41.824466],[-71.407848,41.824466]]],[[[-71.407852,41.824556],[-71.407875,41.824519],[-71.407876,41.824555],[-71.407852,41.824556]]],[[[-71.4079,41.824555],[-71.407878,41.824609],[-71.407876,41.824555],[-71.4079,41.824555]]],[[[-71.407902,41.824609],[-71.407951,41.824644],[-71.407953,41.82468],[-71.407905,41.824681],[-71.407902,41.824609]]],[[[-71.407978,41.824697],[-71.407955,41.824734],[-71.407953,41.824698],[-71.407978,41.824697]]],[[[-71.40798,41.824769],[-71.408003,41.824733],[-71.408004,41.824769],[-71.40798,41.824769]]],[[[-71.408028,41.824768],[-71.408006,41.824823],[-71.408004,41.824769],[-71.408028,41.824768]]],[[[-71.40808,41.824857],[-71.408032,41.824876],[-71.40803,41.824822],[-71.40808,41.824857]]],[[[-71.408107,41.824947],[-71.408082,41.824911],[-71.408106,41.824911],[-71.408107,41.824947]]],[[[-71.408131,41.824946],[-71.408109,41.825001],[-71.408107,41.824947],[-71.408131,41.824946]]],[[[-71.408134,41.825018],[-71.408157,41.825],[-71.408158,41.825018],[-71.408134,41.825018]]],[[[-71.403121,41.815253],[-71.403072,41.815236],[-71.403095,41.815199],[-71.403119,41.815199],[-71.403121,41.815253]]],[[[-71.403277,41.815556],[-71.403251,41.81552],[-71.403275,41.81552],[-71.403277,41.815556]]],[[[-71.403277,41.815556],[-71.403302,41.815591],[-71.403278,41.815592],[-71.403277,41.815556]]],[[[-71.403327,41.815609],[-71.403304,41.815645],[-71.403303,41.815609],[-71.403327,41.815609]]],[[[-71.40333,41.815681],[-71.403352,41.815644],[-71.403354,41.81568],[-71.40333,41.815681]]],[[[-71.403378,41.815698],[-71.403356,41.815734],[-71.403354,41.815698],[-71.403378,41.815698]]],[[[-71.403405,41.815769],[-71.40338,41.815734],[-71.403404,41.815733],[-71.403405,41.815769]]],[[[-71.403405,41.815769],[-71.403431,41.815823],[-71.403407,41.815823],[-71.403405,41.815769]]],[[[-71.403455,41.815822],[-71.403433,41.815877],[-71.403431,41.815823],[-71.403455,41.815822]]],[[[-71.403459,41.81593],[-71.403481,41.815876],[-71.403483,41.81593],[-71.403459,41.81593]]],[[[-71.403743,41.816428],[-71.403565,41.81618],[-71.403484,41.815948],[-71.403682,41.816087],[-71.403614,41.816215],[-71.403665,41.816286],[-71.403737,41.816284],[-71.403743,41.816428]]],[[[-71.401292,41.81657],[-71.401043,41.816341],[-71.401015,41.816233],[-71.401292,41.81657]]],[[[-71.403767,41.816428],[-71.403745,41.816482],[-71.403743,41.816428],[-71.403767,41.816428]]],[[[-71.403771,41.816536],[-71.403793,41.816481],[-71.403795,41.816535],[-71.403771,41.816536]]],[[[-71.403819,41.816535],[-71.403796,41.816571],[-71.403795,41.816535],[-71.403819,41.816535]]],[[[-71.401292,41.81657],[-71.401342,41.816623],[-71.401368,41.816658],[-71.401292,41.81657]]],[[[-71.403847,41.816624],[-71.40382,41.816571],[-71.403844,41.81657],[-71.403847,41.816624]]],[[[-71.401418,41.816711],[-71.401369,41.816694],[-71.401368,41.816658],[-71.401417,41.816675],[-71.401418,41.816711]]],[[[-71.403871,41.816624],[-71.403848,41.81666],[-71.403847,41.816624],[-71.403871,41.816624]]],[[[-71.401442,41.816711],[-71.401419,41.816729],[-71.401418,41.816711],[-71.401442,41.816711]]],[[[-71.403896,41.816659],[-71.403873,41.816696],[-71.403872,41.81666],[-71.403896,41.816659]]],[[[-71.403921,41.816695],[-71.403898,41.816713],[-71.403897,41.816695],[-71.403921,41.816695]]],[[[-71.401467,41.816746],[-71.401444,41.816765],[-71.401443,41.816747],[-71.401467,41.816746]]],[[[-71.403946,41.816712],[-71.403923,41.816749],[-71.403922,41.816713],[-71.403946,41.816712]]],[[[-71.401821,41.817189],[-71.401796,41.817172],[-71.40182,41.817171],[-71.401821,41.817189]]],[[[-71.401871,41.817242],[-71.401846,41.817225],[-71.40187,41.817224],[-71.401871,41.817242]]],[[[-71.401896,41.81726],[-71.401872,41.817278],[-71.401872,41.81726],[-71.401896,41.81726]]],[[[-71.401898,41.817314],[-71.401921,41.817277],[-71.401922,41.817313],[-71.401898,41.817314]]],[[[-71.401946,41.817313],[-71.401923,41.817331],[-71.401922,41.817313],[-71.401946,41.817313]]],[[[-71.401947,41.817349],[-71.401971,41.81733],[-71.401971,41.817348],[-71.401947,41.817349]]],[[[-71.402021,41.817383],[-71.401997,41.817402],[-71.401997,41.817384],[-71.402021,41.817383]]],[[[-71.402046,41.817419],[-71.402023,41.817437],[-71.402022,41.817419],[-71.402046,41.817419]]],[[[-71.402071,41.817436],[-71.402048,41.817473],[-71.402047,41.817437],[-71.402071,41.817436]]],[[[-71.402072,41.817472],[-71.402122,41.817525],[-71.402148,41.817561],[-71.402072,41.817472]]],[[[-71.404709,41.818444],[-71.404552,41.818105],[-71.404519,41.817871],[-71.404158,41.817861],[-71.404033,41.817755],[-71.404,41.817504],[-71.40387,41.817254],[-71.403982,41.817018],[-71.403975,41.816838],[-71.404073,41.81689],[-71.404053,41.816998],[-71.404204,41.817175],[-71.404335,41.817461],[-71.404432,41.817477],[-71.404438,41.817639],[-71.404588,41.81778],[-71.404569,41.817924],[-71.404771,41.818172],[-71.404801,41.818334],[-71.404852,41.818387],[-71.405021,41.818419],[-71.405,41.818491],[-71.404926,41.818439],[-71.404709,41.818444]],[[-71.404901,41.818422],[-71.404876,41.818404],[-71.404877,41.818422],[-71.404901,41.818422]]],[[[-71.403337,41.819085],[-71.402682,41.818324],[-71.402552,41.818056],[-71.402148,41.817561],[-71.40265,41.818108],[-71.402921,41.818283],[-71.403004,41.818569],[-71.403385,41.819084],[-71.403337,41.819085]]],[[[-71.405009,41.818743],[-71.404908,41.818601],[-71.404928,41.818493],[-71.405107,41.818777],[-71.405009,41.818743]]],[[[-71.403409,41.819083],[-71.403385,41.819102],[-71.403385,41.819084],[-71.403409,41.819083]]],[[[-71.404135,41.819842],[-71.403516,41.819387],[-71.403386,41.81912],[-71.403459,41.819136],[-71.404135,41.819842]]],[[[-71.404135,41.819842],[-71.40416,41.81986],[-71.404136,41.81986],[-71.404135,41.819842]]],[[[-71.404545,41.8205],[-71.404311,41.820037],[-71.40416,41.81986],[-71.404357,41.819982],[-71.404386,41.820089],[-71.404609,41.820283],[-71.404545,41.8205]]],[[[-71.40457,41.820518],[-71.404547,41.820536],[-71.404546,41.820518],[-71.40457,41.820518]]],[[[-71.404596,41.820553],[-71.404572,41.820572],[-71.404571,41.820554],[-71.404596,41.820553]]],[[[-71.405267,41.821134],[-71.405018,41.820905],[-71.404922,41.820907],[-71.404823,41.820837],[-71.40477,41.820712],[-71.404696,41.820677],[-71.404813,41.820567],[-71.404688,41.820461],[-71.40471,41.820389],[-71.404926,41.820384],[-71.405,41.820437],[-71.404888,41.820637],[-71.404917,41.820781],[-71.405214,41.820991],[-71.405267,41.821134]]],[[[-71.388641,41.822129],[-71.388614,41.822058],[-71.388639,41.822057],[-71.388641,41.822129]]]]}},{"type":"Feature","properties":{"level_mllw":8.0,"level_navd_ft":5.53},"geometry":{"type":"MultiPolygon","coordinates":[[[[-71.416791,41.82725],[-71.416768,41.827268],[-71.416767,41.82725],[-71.416791,41.82725]]],[[[-71.41684,41.827267],[-71.416816,41.827285],[-71.416816,41.827267],[-71.41684,41.827267]]],[[[-71.416913,41.827283],[-71.416865,41.827302],[-71.416864,41.827284],[-71.416913,41.827283]]],[[[-71.417111,41.827423],[-71.417014,41.827407],[-71.416913,41.827301],[-71.417131,41.827333],[-71.417111,41.827423]]],[[[-71.418058,41.827638],[-71.418034,41.827656],[-71.418034,41.827638],[-71.418058,41.827638]]],[[[-71.418131,41.827654],[-71.418107,41.827673],[-71.418107,41.827655],[-71.418131,41.827654]]],[[[-71.418569,41.827771],[-71.418521,41.82779],[-71.41852,41.827772],[-71.418569,41.827771]]],[[[-71.418618,41.827806],[-71.418569,41.827789],[-71.418617,41.827788],[-71.418618,41.827806]]],[[[-71.418618,41.827806],[-71.418667,41.827823],[-71.418619,41.827824],[-71.418618,41.827806]]],[[[-71.418715,41.827822],[-71.418667,41.827841],[-71.418667,41.827823],[-71.418715,41.827822]]],[[[-71.418716,41.827858],[-71.418764,41.827839],[-71.418764,41.827857],[-71.418716,41.827858]]],[[[-71.418788,41.827856],[-71.418765,41.827875],[-71.418764,41.827857],[-71.418788,41.827856]]],[[[-71.418838,41.827891],[-71.418813,41.827874],[-71.418837,41.827873],[-71.418838,41.827891]]],[[[-71.418936,41.827925],[-71.418911,41.827908],[-71.418935,41.827907],[-71.418936,41.827925]]],[[[-71.419057,41.827941],[-71.419033,41.827959],[-71.419032,41.827941],[-71.419057,41.827941]]],[[[-71.419129,41.827957],[-71.419106,41.827976],[-71.419105,41.827958],[-71.419129,41.827957]]],[[[-71.419202,41.827974],[-71.419179,41.827992],[-71.419178,41.827974],[-71.419202,41.827974]]],[[[-71.419349,41.828025],[-71.419324,41.828007],[-71.419348,41.828007],[-71.419349,41.828025]]],[[[-71.41947,41.82804],[-71.419421,41.828023],[-71.419469,41.828022],[-71.41947,41.82804]]],[[[-71.419542,41.828039],[-71.419494,41.828058],[-71.419494,41.82804],[-71.419542,41.828039]]],[[[-71.419591,41.828056],[-71.419567,41.828074],[-71.419567,41.828056],[-71.419591,41.828056]]],[[[-71.419664,41.828072],[-71.419616,41.828091],[-71.419615,41.828073],[-71.419664,41.828072]]],[[[-71.419712,41.828089],[-71.419689,41.828107],[-71.419688,41.828089],[-71.419712,41.828089]]],[[[-71.419785,41.828105],[-71.419738,41.828124],[-71.419737,41.828106],[-71.419785,41.828105]]],[[[-71.419834,41.828122],[-71.419811,41.828141],[-71.41981,41.828123],[-71.419834,41.828122]]],[[[-71.419883,41.828139],[-71.419859,41.828158],[-71.419859,41.82814],[-71.419883,41.828139]]],[[[-71.419956,41.828174],[-71.419932,41.828156],[-71.419956,41.828156],[-71.419956,41.828174]]],[[[-71.420005,41.828191],[-71.41998,41.828173],[-71.420005,41.828173],[-71.420005,41.828191]]],[[[-71.420101,41.828189],[-71.420054,41.828208],[-71.420053,41.82819],[-71.420101,41.828189]]],[[[-71.420103,41.828225],[-71.42015,41.828206],[-71.420151,41.828224],[-71.420103,41.828225]]],[[[-71.420223,41.828222],[-71.420176,41.828241],[-71.420175,41.828223],[-71.420223,41.828222]]],[[[-71.420273,41.828257],[-71.420248,41.82824],[-71.420272,41.828239],[-71.420273,41.828257]]],[[[-71.420321,41.828274],[-71.420297,41.828257],[-71.420321,41.828256],[-71.420321,41.828274]]],[[[-71.420394,41.828273],[-71.42037,41.828291],[-71.42037,41.828273],[-71.420394,41.828273]]],[[[-71.420442,41.82829],[-71.420419,41.828308],[-71.420418,41.82829],[-71.420442,41.82829]]],[[[-71.420588,41.828323],[-71.420565,41.828341],[-71.420564,41.828323],[-71.420588,41.828323]]],[[[-71.420638,41.828358],[-71.420613,41.82834],[-71.420637,41.82834],[-71.420638,41.828358]]],[[[-71.421777,41.828568],[-71.421753,41.82855],[-71.421777,41.82855],[-71.421777,41.828568]]],[[[-71.421947,41.828582],[-71.421899,41.828601],[-71.421898,41.828583],[-71.421947,41.828582]]],[[[-71.422165,41.828632],[-71.422142,41.82865],[-71.422141,41.828632],[-71.422165,41.828632]]],[[[-71.422359,41.828664],[-71.422336,41.828682],[-71.422335,41.828664],[-71.422359,41.828664]]],[[[-71.428592,41.82855],[-71.428545,41.828569],[-71.428544,41.828551],[-71.428592,41.82855]]],[[[-71.422723,41.828728],[-71.422699,41.828746],[-71.422699,41.828728],[-71.422723,41.828728]]],[[[-71.42792,41.828618],[-71.427873,41.828637],[-71.427872,41.828619],[-71.42792,41.828618]]],[[[-71.422796,41.828744],[-71.422772,41.828763],[-71.422771,41.828745],[-71.422796,41.828744]]],[[[-71.423451,41.828893],[-71.423427,41.828875],[-71.423451,41.828875],[-71.423451,41.828893]]],[[[-71.423864,41.828974],[-71.423839,41.828957],[-71.423863,41.828956],[-71.423864,41.828974]]],[[[-71.42396,41.828972],[-71.423937,41.828991],[-71.423936,41.828973],[-71.42396,41.828972]]],[[[-71.424057,41.828988],[-71.424034,41.829007],[-71.424033,41.828989],[-71.424057,41.828988]]],[[[-71.424154,41.829004],[-71.424131,41.829022],[-71.42413,41.829004],[-71.424154,41.829004]]],[[[-71.424687,41.829101],[-71.424639,41.829084],[-71.424687,41.829083],[-71.424687,41.829101]]],[[[-71.413944,41.826463],[-71.414039,41.826425],[-71.414087,41.826442],[-71.414088,41.82646],[-71.413944,41.826463]]],[[[-71.414234,41.826493],[-71.414186,41.826494],[-71.41416,41.826459],[-71.414208,41.826458],[-71.414234,41.826493]]],[[[-71.414308,41.826546],[-71.414285,41.826564],[-71.414284,41.826546],[-71.414308,41.826546]]],[[[-71.414333,41.826563],[-71.414309,41.826582],[-71.414309,41.826564],[-71.414333,41.826563]]],[[[-71.413563,41.826597],[-71.413539,41.82658],[-71.413563,41.826579],[-71.413563,41.826597]]],[[[-71.414358,41.826599],[-71.414333,41.826581],[-71.414358,41.826581],[-71.414358,41.826599]]],[[[-71.413515,41.826598],[-71.413492,41.826617],[-71.413491,41.826599],[-71.413515,41.826598]]],[[[-71.414382,41.826598],[-71.414359,41.826617],[-71.414358,41.826599],[-71.414382,41.826598]]],[[[-71.413468,41.826617],[-71.413445,41.826636],[-71.413444,41.826618],[-71.413468,41.826617]]],[[[-71.414407,41.826616],[-71.414384,41.826634],[-71.414383,41.826616],[-71.414407,41.826616]]],[[[-71.41342,41.826636],[-71.413397,41.826655],[-71.413396,41.826637],[-71.41342,41.826636]]],[[[-71.413373,41.826655],[-71.413326,41.826674],[-71.413325,41.826656],[-71.413373,41.826655]]],[[[-71.414432,41.826633],[-71.414409,41.82667],[-71.414408,41.826634],[-71.414432,41.826633]]],[[[-71.413326,41.826692],[-71.413301,41.826675],[-71.413326,41.826674],[-71.413326,41.826692]]],[[[-71.413183,41.826731],[-71.413134,41.826714],[-71.413183,41.826713],[-71.413183,41.826731]]],[[[-71.414458,41.826687],[-71.414435,41.826723],[-71.414434,41.826687],[-71.414458,41.826687]]],[[[-71.413111,41.826733],[-71.413088,41.826751],[-71.413087,41.826733],[-71.413111,41.826733]]],[[[-71.413064,41.826752],[-71.41304,41.82677],[-71.41304,41.826752],[-71.413064,41.826752]]],[[[-71.414485,41.826776],[-71.414459,41.826723],[-71.414483,41.826722],[-71.414485,41.826776]]],[[[-71.413017,41.826789],[-71.412992,41.826771],[-71.413016,41.826771],[-71.413017,41.826789]]],[[[-71.412945,41.82679],[-71.412921,41.826809],[-71.412921,41.826791],[-71.412945,41.82679]]],[[[-71.412897,41.826809],[-71.412874,41.826828],[-71.412873,41.82681],[-71.412897,41.826809]]],[[[-71.412826,41.826829],[-71.412802,41.826848],[-71.412802,41.82683],[-71.412826,41.826829]]],[[[-71.412779,41.826866],[-71.412754,41.826849],[-71.412778,41.826848],[-71.412779,41.826866]]],[[[-71.412731,41.826885],[-71.412683,41.826868],[-71.412731,41.826867],[-71.412731,41.826885]]],[[[-71.414487,41.82683],[-71.414465,41.826867],[-71.414463,41.826831],[-71.414487,41.82683]]],[[[-71.412659,41.826887],[-71.412636,41.826905],[-71.412635,41.826887],[-71.412659,41.826887]]],[[[-71.412588,41.826906],[-71.412564,41.826925],[-71.412564,41.826907],[-71.412588,41.826906]]],[[[-71.414465,41.826867],[-71.414441,41.826885],[-71.414441,41.826867],[-71.414465,41.826867]]],[[[-71.411436,41.82702],[-71.411341,41.82704],[-71.41134,41.827022],[-71.411436,41.82702]]],[[[-71.412182,41.827005],[-71.412135,41.827024],[-71.412134,41.827006],[-71.412182,41.827005]]],[[[-71.412062,41.827007],[-71.411942,41.827028],[-71.411941,41.82701],[-71.412062,41.827007]]],[[[-71.41187,41.827029],[-71.411605,41.827017],[-71.411869,41.827011],[-71.41187,41.827029]]],[[[-71.413508,41.827049],[-71.413532,41.82703],[-71.413556,41.827048],[-71.413508,41.827049]]],[[[-71.412622,41.827176],[-71.412884,41.827098],[-71.413217,41.826983],[-71.413171,41.827056],[-71.413051,41.827058],[-71.412958,41.82715],[-71.412622,41.827176]]],[[[-71.413679,41.827099],[-71.413655,41.827118],[-71.413655,41.8271],[-71.413679,41.827099]]],[[[-71.412574,41.827195],[-71.41255,41.827177],[-71.412574,41.827177],[-71.412574,41.827195]]],[[[-71.412551,41.827213],[-71.412502,41.827196],[-71.41255,41.827195],[-71.412551,41.827213]]],[[[-71.411326,41.827293],[-71.411301,41.827275],[-71.411325,41.827275],[-71.411326,41.827293]]],[[[-71.412072,41.827277],[-71.412024,41.827296],[-71.412024,41.827278],[-71.412072,41.827277]]],[[[-71.411831,41.827282],[-71.411808,41.827301],[-71.411807,41.827283],[-71.411831,41.827282]]],[[[-71.411663,41.827286],[-71.411591,41.827305],[-71.411591,41.827287],[-71.411663,41.827286]]],[[[-71.411375,41.82731],[-71.411326,41.827293],[-71.411374,41.827292],[-71.411375,41.82731]]],[[[-71.416719,41.827251],[-71.416694,41.827234],[-71.416718,41.827233],[-71.416719,41.827251]]],[[[-71.411434,41.830172],[-71.411415,41.830317],[-71.41141,41.830173],[-71.411434,41.830172]]],[[[-71.411464,41.830334],[-71.411446,41.830478],[-71.41144,41.830334],[-71.411464,41.830334]]],[[[-71.411494,41.830495],[-71.411476,41.83064],[-71.41147,41.830496],[-71.411494,41.830495]]],[[[-71.411616,41.831159],[-71.411567,41.831142],[-71.4115,41.830639],[-71.411524,41.830639],[-71.411616,41.831159]]],[[[-71.411616,41.831177],[-71.411593,41.831196],[-71.411592,41.831178],[-71.411616,41.831177]]],[[[-71.411502,41.831342],[-71.411451,41.831271],[-71.411446,41.831145],[-71.411497,41.831216],[-71.411502,41.831342]]],[[[-71.411526,41.831972],[-71.411502,41.83199],[-71.411502,41.831972],[-71.411526,41.831972]]],[[[-71.410118,41.826544],[-71.410093,41.826526],[-71.410117,41.826526],[-71.410118,41.826544]]],[[[-71.410118,41.826544],[-71.410143,41.826561],[-71.410118,41.826562],[-71.410118,41.826544]]],[[[-71.410167,41.826561],[-71.410143,41.826579],[-71.410143,41.826561],[-71.410167,41.826561]]],[[[-71.410168,41.826597],[-71.410191,41.826578],[-71.410192,41.826596],[-71.410168,41.826597]]],[[[-71.410216,41.826596],[-71.410193,41.826614],[-71.410192,41.826596],[-71.410216,41.826596]]],[[[-71.410241,41.826631],[-71.410217,41.826614],[-71.410241,41.826613],[-71.410241,41.826631]]],[[[-71.410241,41.826631],[-71.410266,41.826649],[-71.410242,41.826649],[-71.410241,41.826631]]],[[[-71.41029,41.826648],[-71.410267,41.826667],[-71.410266,41.826649],[-71.41029,41.826648]]],[[[-71.410292,41.826684],[-71.410315,41.826666],[-71.410316,41.826684],[-71.410292,41.826684]]],[[[-71.41034,41.826683],[-71.410316,41.826702],[-71.410316,41.826684],[-71.41034,41.826683]]],[[[-71.410365,41.826719],[-71.41034,41.826701],[-71.410364,41.826701],[-71.410365,41.826719]]],[[[-71.410108,41.826922],[-71.410083,41.826905],[-71.410107,41.826904],[-71.410108,41.826922]]],[[[-71.410734,41.826909],[-71.41071,41.826927],[-71.410709,41.826909],[-71.410734,41.826909]]],[[[-71.41083,41.826925],[-71.410759,41.826944],[-71.410758,41.826926],[-71.41083,41.826925]]],[[[-71.410133,41.82694],[-71.41011,41.826976],[-71.410109,41.82694],[-71.410133,41.82694]]],[[[-71.410879,41.826942],[-71.410832,41.826961],[-71.410831,41.826943],[-71.410879,41.826942]]],[[[-71.410952,41.826958],[-71.410905,41.826977],[-71.410904,41.826959],[-71.410952,41.826958]]],[[[-71.410159,41.826993],[-71.410135,41.827012],[-71.410135,41.826994],[-71.410159,41.826993]]],[[[-71.411025,41.826975],[-71.410978,41.826994],[-71.410977,41.826976],[-71.411025,41.826975]]],[[[-71.411147,41.827008],[-71.41105,41.826992],[-71.411146,41.82699],[-71.411147,41.827008]]],[[[-71.411268,41.827024],[-71.411171,41.827008],[-71.411267,41.827006],[-71.411268,41.827024]]],[[[-71.410184,41.827029],[-71.410161,41.827047],[-71.41016,41.827029],[-71.410184,41.827029]]],[[[-71.41021,41.827064],[-71.410186,41.827083],[-71.410185,41.827065],[-71.41021,41.827064]]],[[[-71.410746,41.827881],[-71.410723,41.8279],[-71.410722,41.827882],[-71.410746,41.827881]]],[[[-71.410798,41.827988],[-71.410773,41.827971],[-71.410797,41.82797],[-71.410798,41.827988]]],[[[-71.410824,41.828042],[-71.410799,41.828024],[-71.410824,41.828024],[-71.410824,41.828042]]],[[[-71.410631,41.828028],[-71.410608,41.828046],[-71.410607,41.828028],[-71.410631,41.828028]]],[[[-71.410849,41.828059],[-71.410826,41.828078],[-71.410825,41.82806],[-71.410849,41.828059]]],[[[-71.410875,41.828113],[-71.410852,41.828131],[-71.410851,41.828113],[-71.410875,41.828113]]],[[[-71.410683,41.828135],[-71.410658,41.828117],[-71.410683,41.828117],[-71.410683,41.828135]]],[[[-71.410902,41.828184],[-71.410877,41.828167],[-71.410901,41.828166],[-71.410902,41.828184]]],[[[-71.410709,41.82817],[-71.410685,41.828189],[-71.410685,41.828171],[-71.410709,41.82817]]],[[[-71.410735,41.828224],[-71.410712,41.82826],[-71.410711,41.828224],[-71.410735,41.828224]]],[[[-71.410761,41.828277],[-71.410738,41.828314],[-71.410737,41.828278],[-71.410761,41.828277]]],[[[-71.410763,41.828331],[-71.410786,41.828313],[-71.410787,41.828331],[-71.410763,41.828331]]],[[[-71.411318,41.829653],[-71.411297,41.829725],[-71.411294,41.829653],[-71.411318,41.829653]]],[[[-71.411346,41.82976],[-71.411328,41.829905],[-71.411322,41.829761],[-71.411346,41.82976]]],[[[-71.411406,41.830065],[-71.411357,41.830048],[-71.411352,41.829904],[-71.411376,41.829904],[-71.411406,41.830065]]],[[[-71.411409,41.830155],[-71.411383,41.830083],[-71.411407,41.830083],[-71.411409,41.830155]]],[[[-71.4113,41.830445],[-71.411275,41.830428],[-71.411299,41.830427],[-71.4113,41.830445]]],[[[-71.411328,41.830553],[-71.411305,41.830589],[-71.411304,41.830553],[-71.411328,41.830553]]],[[[-71.411357,41.830678],[-71.411335,41.830733],[-71.411333,41.830679],[-71.411357,41.830678]]],[[[-71.411385,41.830786],[-71.411364,41.830876],[-71.411361,41.830786],[-71.411385,41.830786]]],[[[-71.411418,41.831019],[-71.41139,41.830912],[-71.411414,41.830911],[-71.411418,41.831019]]],[[[-71.411418,41.831019],[-71.411446,41.831127],[-71.411422,41.831127],[-71.411418,41.831019]]],[[[-71.411479,41.831378],[-71.411458,41.831451],[-71.411455,41.831379],[-71.411479,41.831378]]],[[[-71.41148,41.832045],[-71.411484,41.832153],[-71.411446,41.832406],[-71.41148,41.832045]]],[[[-71.41146,41.832784],[-71.411434,41.832748],[-71.411458,41.832748],[-71.41146,41.832784]]],[[[-71.411438,41.832856],[-71.411412,41.832785],[-71.411436,41.832784],[-71.411438,41.832856]]],[[[-71.411296,41.832913],[-71.411271,41.832878],[-71.411295,41.832877],[-71.411296,41.832913]]],[[[-71.411326,41.833075],[-71.411415,41.832875],[-71.411397,41.833037],[-71.411326,41.833075]]],[[[-71.408491,41.824903],[-71.408468,41.824921],[-71.408467,41.824903],[-71.408491,41.824903]]],[[[-71.408516,41.824938],[-71.408494,41.824975],[-71.408492,41.824939],[-71.408516,41.824938]]],[[[-71.408542,41.824992],[-71.40852,41.825028],[-71.408518,41.824992],[-71.408542,41.824992]]],[[[-71.408568,41.825027],[-71.408545,41.825064],[-71.408544,41.825028],[-71.408568,41.825027]]],[[[-71.408571,41.825117],[-71.408593,41.825063],[-71.408595,41.825117],[-71.408571,41.825117]]],[[[-71.408647,41.825206],[-71.408597,41.825171],[-71.408595,41.825117],[-71.408645,41.825152],[-71.408647,41.825206]]],[[[-71.408801,41.825473],[-71.408777,41.825455],[-71.408801,41.825455],[-71.408801,41.825473]]],[[[-71.408801,41.825473],[-71.408826,41.82549],[-71.408802,41.825491],[-71.408801,41.825473]]],[[[-71.408851,41.825508],[-71.408827,41.825526],[-71.408827,41.825508],[-71.408851,41.825508]]],[[[-71.408852,41.825544],[-71.408875,41.825525],[-71.408876,41.825543],[-71.408852,41.825544]]],[[[-71.408901,41.825561],[-71.408878,41.825579],[-71.408877,41.825561],[-71.408901,41.825561]]],[[[-71.408952,41.825631],[-71.408927,41.825614],[-71.408951,41.825613],[-71.408952,41.825631]]],[[[-71.409002,41.825684],[-71.408977,41.825667],[-71.409001,41.825666],[-71.409002,41.825684]]],[[[-71.409076,41.825737],[-71.409053,41.825755],[-71.409052,41.825737],[-71.409076,41.825737]]],[[[-71.409077,41.825773],[-71.409101,41.825754],[-71.409101,41.825772],[-71.409077,41.825773]]],[[[-71.409151,41.825807],[-71.409128,41.825826],[-71.409127,41.825808],[-71.409151,41.825807]]],[[[-71.409176,41.825843],[-71.409152,41.825825],[-71.409176,41.825825],[-71.409176,41.825843]]],[[[-71.409176,41.825843],[-71.409201,41.82586],[-71.409177,41.825861],[-71.409176,41.825843]]],[[[-71.409225,41.82586],[-71.409202,41.825878],[-71.409201,41.82586],[-71.409225,41.82586]]],[[[-71.409227,41.825896],[-71.40925,41.825877],[-71.409251,41.825895],[-71.409227,41.825896]]],[[[-71.409013,41.82599],[-71.409088,41.826043],[-71.409039,41.826044],[-71.409013,41.82599]]],[[[-71.409399,41.826],[-71.409376,41.826019],[-71.409375,41.826001],[-71.409399,41.826]]],[[[-71.409424,41.826018],[-71.4094,41.826036],[-71.4094,41.826018],[-71.409424,41.826018]]],[[[-71.409425,41.826054],[-71.409448,41.826035],[-71.409449,41.826053],[-71.409425,41.826054]]],[[[-71.409112,41.826042],[-71.409088,41.826061],[-71.409088,41.826043],[-71.409112,41.826042]]],[[[-71.409474,41.826071],[-71.409449,41.826053],[-71.409473,41.826053],[-71.409474,41.826071]]],[[[-71.409474,41.826071],[-71.409499,41.826088],[-71.409475,41.826089],[-71.409474,41.826071]]],[[[-71.409523,41.826088],[-71.409499,41.826106],[-71.409499,41.826088],[-71.409523,41.826088]]],[[[-71.409524,41.826124],[-71.409547,41.826105],[-71.409548,41.826123],[-71.409524,41.826124]]],[[[-71.409572,41.826123],[-71.409549,41.826141],[-71.409548,41.826123],[-71.409572,41.826123]]],[[[-71.409598,41.826158],[-71.409573,41.826141],[-71.409597,41.82614],[-71.409598,41.826158]]],[[[-71.409598,41.826158],[-71.409622,41.826176],[-71.409598,41.826176],[-71.409598,41.826158]]],[[[-71.409646,41.826175],[-71.409623,41.826194],[-71.409622,41.826176],[-71.409646,41.826175]]],[[[-71.409339,41.826326],[-71.409114,41.826096],[-71.409112,41.82606],[-71.40931,41.8262],[-71.409339,41.826326]]],[[[-71.409671,41.826193],[-71.409648,41.826211],[-71.409647,41.826193],[-71.409671,41.826193]]],[[[-71.409697,41.826228],[-71.409672,41.826211],[-71.409696,41.82621],[-71.409697,41.826228]]],[[[-71.409697,41.826228],[-71.409721,41.826246],[-71.409697,41.826246],[-71.409697,41.826228]]],[[[-71.409745,41.826245],[-71.409722,41.826264],[-71.409721,41.826246],[-71.409745,41.826245]]],[[[-71.409747,41.826281],[-71.40977,41.826263],[-71.409771,41.826281],[-71.409747,41.826281]]],[[[-71.409795,41.82628],[-71.409771,41.826299],[-71.409771,41.826281],[-71.409795,41.82628]]],[[[-71.409797,41.826334],[-71.40982,41.826298],[-71.409821,41.826334],[-71.409797,41.826334]]],[[[-71.409363,41.826325],[-71.40934,41.826362],[-71.409339,41.826326],[-71.409363,41.826325]]],[[[-71.409845,41.826333],[-71.409822,41.826352],[-71.409821,41.826334],[-71.409845,41.826333]]],[[[-71.40987,41.826351],[-71.409846,41.826369],[-71.409846,41.826351],[-71.40987,41.826351]]],[[[-71.409895,41.826386],[-71.40987,41.826369],[-71.409894,41.826368],[-71.409895,41.826386]]],[[[-71.409945,41.826421],[-71.40992,41.826404],[-71.409944,41.826403],[-71.409945,41.826421]]],[[[-71.409364,41.826361],[-71.409413,41.826378],[-71.409514,41.826502],[-71.409443,41.826522],[-71.409364,41.826361]]],[[[-71.409969,41.826421],[-71.409945,41.826439],[-71.409945,41.826421],[-71.409969,41.826421]]],[[[-71.409993,41.826438],[-71.40997,41.826457],[-71.409969,41.826439],[-71.409993,41.826438]]],[[[-71.410093,41.826526],[-71.410068,41.826509],[-71.410092,41.826508],[-71.410093,41.826526]]],[[[-71.410082,41.826887],[-71.410058,41.826869],[-71.410082,41.826869],[-71.410082,41.826887]]],[[[-71.405645,41.819649],[-71.40541,41.819167],[-71.405507,41.819183],[-71.405739,41.819593],[-71.40605,41.819514],[-71.406125,41.819603],[-71.405812,41.819591],[-71.405741,41.819647],[-71.405645,41.819649]]],[[[-71.406608,41.819629],[-71.406894,41.819551],[-71.406946,41.819658],[-71.406612,41.819737],[-71.406658,41.8197],[-71.406608,41.819629]]],[[[-71.406226,41.819727],[-71.406125,41.819603],[-71.406249,41.819708],[-71.406441,41.819668],[-71.406513,41.819685],[-71.406226,41.819727]]],[[[-71.406517,41.819793],[-71.406541,41.819774],[-71.406542,41.819792],[-71.406517,41.819793]]],[[[-71.406517,41.819793],[-71.406494,41.819811],[-71.406493,41.819793],[-71.406517,41.819793]]],[[[-71.406495,41.819829],[-71.40647,41.819812],[-71.406494,41.819811],[-71.406495,41.819829]]],[[[-71.406425,41.819903],[-71.4064,41.819867],[-71.406471,41.81983],[-71.406425,41.819903]]],[[[-71.406377,41.819904],[-71.40633,41.819923],[-71.406329,41.819905],[-71.406377,41.819904]]],[[[-71.406306,41.819923],[-71.406258,41.819942],[-71.406258,41.819924],[-71.406306,41.819923]]],[[[-71.40621,41.819943],[-71.406187,41.819962],[-71.406186,41.819944],[-71.40621,41.819943]]],[[[-71.406114,41.819963],[-71.406091,41.819982],[-71.40609,41.819964],[-71.406114,41.819963]]],[[[-71.406019,41.819983],[-71.405996,41.820002],[-71.405995,41.819984],[-71.406019,41.819983]]],[[[-71.405949,41.820039],[-71.405972,41.82002],[-71.405973,41.820038],[-71.405949,41.820039]]],[[[-71.405933,41.820273],[-71.406295,41.820932],[-71.406497,41.82118],[-71.406528,41.821359],[-71.406682,41.821626],[-71.406756,41.821661],[-71.40694,41.822071],[-71.407093,41.822302],[-71.407191,41.822336],[-71.40717,41.822427],[-71.407395,41.822656],[-71.407501,41.822906],[-71.407571,41.822851],[-71.407575,41.822959],[-71.407651,41.823047],[-71.40763,41.823138],[-71.407702,41.823136],[-71.407704,41.823172],[-71.407558,41.823139],[-71.407506,41.823032],[-71.407284,41.822893],[-71.406362,41.821435],[-71.406322,41.821003],[-71.406091,41.82063],[-71.405893,41.82049],[-71.405816,41.820348],[-71.405925,41.820039],[-71.405949,41.820039],[-71.405933,41.820273]],[[-71.407603,41.823066],[-71.407579,41.823049],[-71.407579,41.823067],[-71.407603,41.823066]]],[[[-71.405848,41.82186],[-71.4058,41.821843],[-71.405798,41.821807],[-71.405847,41.821824],[-71.405848,41.82186]]],[[[-71.405849,41.821878],[-71.405872,41.821859],[-71.405873,41.821877],[-71.405849,41.821878]]],[[[-71.405804,41.821951],[-71.405898,41.821895],[-71.4059,41.821949],[-71.40583,41.822022],[-71.405804,41.821951]]],[[[-71.40588,41.822057],[-71.405855,41.82204],[-71.405879,41.822039],[-71.40588,41.822057]]],[[[-71.40588,41.822057],[-71.405905,41.822075],[-71.405881,41.822075],[-71.40588,41.822057]]],[[[-71.405929,41.822092],[-71.405906,41.822111],[-71.405905,41.822093],[-71.405929,41.822092]]],[[[-71.405931,41.822128],[-71.405954,41.82211],[-71.405955,41.822128],[-71.405931,41.822128]]],[[[-71.406029,41.82218],[-71.406006,41.822199],[-71.406005,41.822181],[-71.406029,41.82218]]],[[[-71.406054,41.822216],[-71.40603,41.822198],[-71.406054,41.822198],[-71.406054,41.822216]]],[[[-71.406054,41.822216],[-71.406103,41.822233],[-71.406055,41.822234],[-71.406054,41.822216]]],[[[-71.406127,41.822232],[-71.406104,41.822251],[-71.406103,41.822233],[-71.406127,41.822232]]],[[[-71.407517,41.823968],[-71.406754,41.822886],[-71.406179,41.822339],[-71.406773,41.822759],[-71.407357,41.823558],[-71.407412,41.823737],[-71.407511,41.823824],[-71.407517,41.823968]]],[[[-71.407894,41.823762],[-71.407793,41.82362],[-71.407783,41.823368],[-71.407706,41.823226],[-71.407935,41.823563],[-71.408015,41.823778],[-71.407894,41.823762]]],[[[-71.40807,41.823957],[-71.40812,41.823992],[-71.40818,41.824315],[-71.408107,41.824298],[-71.40805,41.824065],[-71.407856,41.824015],[-71.407852,41.823925],[-71.408017,41.823832],[-71.408015,41.823778],[-71.408065,41.823813],[-71.40807,41.823957]]],[[[-71.407616,41.824038],[-71.407517,41.823968],[-71.407734,41.823982],[-71.407761,41.824071],[-71.407666,41.824091],[-71.407644,41.824146],[-71.407616,41.824038]]],[[[-71.407693,41.824163],[-71.407669,41.824181],[-71.407669,41.824163],[-71.407693,41.824163]]],[[[-71.407719,41.824216],[-71.407695,41.824235],[-71.407695,41.824217],[-71.407719,41.824216]]],[[[-71.408158,41.824369],[-71.408133,41.824352],[-71.408157,41.824351],[-71.408158,41.824369]]],[[[-71.408183,41.824405],[-71.408159,41.824387],[-71.408183,41.824387],[-71.408183,41.824405]]],[[[-71.407724,41.82436],[-71.407771,41.824323],[-71.40785,41.82452],[-71.407752,41.82445],[-71.407724,41.82436]]],[[[-71.408208,41.824422],[-71.408185,41.824459],[-71.408184,41.824423],[-71.408208,41.824422]]],[[[-71.408234,41.824476],[-71.408211,41.824494],[-71.40821,41.824476],[-71.408234,41.824476]]],[[[-71.408261,41.824547],[-71.408235,41.824512],[-71.40826,41.824511],[-71.408261,41.824547]]],[[[-71.407878,41.824609],[-71.407852,41.824574],[-71.40785,41.82452],[-71.4079,41.824555],[-71.407878,41.824609]]],[[[-71.408285,41.824547],[-71.408262,41.824583],[-71.408261,41.824547],[-71.408285,41.824547]]],[[[-71.408311,41.8246],[-71.408288,41.824619],[-71.408287,41.824601],[-71.408311,41.8246]]],[[[-71.407953,41.824698],[-71.407905,41.824681],[-71.407902,41.824609],[-71.407951,41.824644],[-71.407953,41.824698]]],[[[-71.408338,41.824672],[-71.408312,41.824636],[-71.408336,41.824636],[-71.408338,41.824672]]],[[[-71.408363,41.824707],[-71.408338,41.82469],[-71.408363,41.824689],[-71.408363,41.824707]]],[[[-71.408388,41.824725],[-71.408365,41.824743],[-71.408364,41.824725],[-71.408388,41.824725]]],[[[-71.408413,41.82476],[-71.408391,41.824797],[-71.408389,41.824761],[-71.408413,41.82476]]],[[[-71.408008,41.824877],[-71.407953,41.824698],[-71.408082,41.824911],[-71.408008,41.824877]]],[[[-71.408439,41.824814],[-71.408416,41.824832],[-71.408415,41.824814],[-71.408439,41.824814]]],[[[-71.408465,41.824849],[-71.408442,41.824886],[-71.408441,41.82485],[-71.408465,41.824849]]],[[[-71.408133,41.825],[-71.408084,41.824965],[-71.408082,41.824911],[-71.408131,41.824946],[-71.408133,41.825]]],[[[-71.408157,41.825],[-71.408135,41.825036],[-71.408133,41.825],[-71.408157,41.825]]],[[[-71.408184,41.825071],[-71.408159,41.825036],[-71.408183,41.825035],[-71.408184,41.825071]]],[[[-71.403121,41.815253],[-71.403072,41.815218],[-71.403119,41.815199],[-71.403121,41.815253]]],[[[-71.403275,41.81552],[-71.403253,41.815556],[-71.403251,41.81552],[-71.403275,41.81552]]],[[[-71.403278,41.815592],[-71.403301,41.815555],[-71.403302,41.815591],[-71.403278,41.815592]]],[[[-71.403326,41.815591],[-71.403304,41.815645],[-71.403302,41.815591],[-71.403326,41.815591]]],[[[-71.403354,41.81568],[-71.403328,41.815645],[-71.403352,41.815644],[-71.403354,41.81568]]],[[[-71.403354,41.81568],[-71.40338,41.815734],[-71.403356,41.815734],[-71.403354,41.81568]]],[[[-71.403404,41.815733],[-71.403381,41.81577],[-71.40338,41.815734],[-71.403404,41.815733]]],[[[-71.403407,41.815823],[-71.403429,41.815769],[-71.403431,41.815823],[-71.403407,41.815823]]],[[[-71.403481,41.815858],[-71.403459,41.81593],[-71.403431,41.815823],[-71.403481,41.815858]]],[[[-71.403743,41.816428],[-71.403615,41.816233],[-71.403484,41.815948],[-71.403681,41.816069],[-71.403614,41.816215],[-71.403665,41.816286],[-71.403737,41.816284],[-71.403743,41.816428]]],[[[-71.401292,41.81657],[-71.401116,41.816375],[-71.401019,41.816341],[-71.401015,41.816233],[-71.401292,41.81657]]],[[[-71.403767,41.816428],[-71.403745,41.816482],[-71.403743,41.816428],[-71.403767,41.816428]]],[[[-71.403771,41.816536],[-71.403793,41.816481],[-71.403795,41.816535],[-71.403771,41.816536]]],[[[-71.403819,41.816535],[-71.403796,41.816571],[-71.403795,41.816535],[-71.403819,41.816535]]],[[[-71.401292,41.81657],[-71.401341,41.816587],[-71.401368,41.816658],[-71.401292,41.81657]]],[[[-71.403872,41.81666],[-71.403822,41.816625],[-71.40382,41.816571],[-71.40387,41.816606],[-71.403872,41.81666]]],[[[-71.401418,41.816711],[-71.401369,41.816694],[-71.401368,41.816658],[-71.401417,41.816675],[-71.401418,41.816711]]],[[[-71.401442,41.816711],[-71.401419,41.816729],[-71.401418,41.816711],[-71.401442,41.816711]]],[[[-71.403897,41.816695],[-71.403872,41.81666],[-71.403896,41.816659],[-71.403897,41.816695]]],[[[-71.401468,41.816764],[-71.401443,41.816747],[-71.401467,41.816746],[-71.401468,41.816764]]],[[[-71.403921,41.816695],[-71.403898,41.816713],[-71.403897,41.816695],[-71.403921,41.816695]]],[[[-71.403923,41.816749],[-71.403971,41.81673],[-71.403972,41.816748],[-71.403923,41.816749]]],[[[-71.40182,41.817171],[-71.401797,41.81719],[-71.401796,41.817172],[-71.40182,41.817171]]],[[[-71.401846,41.817225],[-71.401822,41.817207],[-71.401846,41.817207],[-71.401846,41.817225]]],[[[-71.401846,41.817225],[-71.401871,41.817242],[-71.401847,41.817243],[-71.401846,41.817225]]],[[[-71.401922,41.817313],[-71.401873,41.817296],[-71.401872,41.81726],[-71.401921,41.817277],[-71.401922,41.817313]]],[[[-71.401923,41.817331],[-71.401946,41.817313],[-71.401947,41.817331],[-71.401923,41.817331]]],[[[-71.401971,41.81733],[-71.401948,41.817367],[-71.401947,41.817331],[-71.401971,41.81733]]],[[[-71.402022,41.817401],[-71.401997,41.817384],[-71.402021,41.817383],[-71.402022,41.817401]]],[[[-71.404734,41.818461],[-71.404633,41.818337],[-71.404519,41.817871],[-71.404158,41.817861],[-71.404033,41.817755],[-71.404,41.817504],[-71.40387,41.817254],[-71.403982,41.817018],[-71.403974,41.81682],[-71.404073,41.81689],[-71.404053,41.816998],[-71.404153,41.817086],[-71.404335,41.817461],[-71.404432,41.817477],[-71.404464,41.817674],[-71.404587,41.817762],[-71.404569,41.817924],[-71.404643,41.817959],[-71.404797,41.818208],[-71.404801,41.818316],[-71.404852,41.818387],[-71.405021,41.818401],[-71.405073,41.818508],[-71.404977,41.81851],[-71.40495,41.818457],[-71.404734,41.818461]]],[[[-71.404135,41.819842],[-71.403492,41.81937],[-71.403385,41.819102],[-71.402607,41.818235],[-71.402552,41.818056],[-71.402022,41.817419],[-71.40265,41.818108],[-71.402921,41.818283],[-71.403004,41.818569],[-71.403104,41.818657],[-71.403183,41.818854],[-71.404135,41.819842]]],[[[-71.405009,41.818743],[-71.404908,41.818601],[-71.404928,41.818493],[-71.405107,41.818777],[-71.405009,41.818743]]],[[[-71.405144,41.819137],[-71.405064,41.818904],[-71.405156,41.818812],[-71.405314,41.819151],[-71.405144,41.819137]]],[[[-71.40416,41.81986],[-71.404135,41.819842],[-71.40416,41.819842],[-71.40416,41.81986]]],[[[-71.40416,41.81986],[-71.404383,41.820017],[-71.404386,41.820089],[-71.404609,41.820283],[-71.404545,41.8205],[-71.40416,41.81986]]],[[[-71.40457,41.820518],[-71.404547,41.820536],[-71.404546,41.820518],[-71.40457,41.820518]]],[[[-71.404596,41.820553],[-71.404572,41.820572],[-71.404571,41.820554],[-71.404596,41.820553]]],[[[-71.405267,41.821134],[-71.405018,41.820905],[-71.404922,41.820925],[-71.404848,41.820872],[-71.404696,41.820677],[-71.404813,41.820567],[-71.404688,41.820461],[-71.40471,41.820389],[-71.404926,41.820384],[-71.405,41.820437],[-71.404888,41.820637],[-71.404917,41.820781],[-71.405214,41.820991],[-71.405267,41.821134]]],[[[-71.405292,41.821151],[-71.405267,41.821134],[-71.405291,41.821133],[-71.405292,41.821151]]],[[[-71.405318,41.821187],[-71.405293,41.821169],[-71.405317,41.821169],[-71.405318,41.821187]]],[[[-71.405367,41.821222],[-71.405344,41.82124],[-71.405343,41.821222],[-71.405367,41.821222]]],[[[-71.405417,41.821275],[-71.405394,41.821293],[-71.405393,41.821275],[-71.405417,41.821275]]],[[[-71.405467,41.821328],[-71.405444,41.821346],[-71.405443,41.821328],[-71.405467,41.821328]]],[[[-71.405646,41.821612],[-71.405622,41.821595],[-71.405646,41.821594],[-71.405646,41.821612]]],[[[-71.405672,41.821648],[-71.405647,41.82163],[-71.405671,41.82163],[-71.405672,41.821648]]],[[[-71.405697,41.821665],[-71.405673,41.821684],[-71.405673,41.821666],[-71.405697,41.821665]]],[[[-71.405722,41.821701],[-71.405699,41.821719],[-71.405698,41.821701],[-71.405722,41.821701]]],[[[-71.388638,41.822039],[-71.388617,41.82213],[-71.388614,41.82204],[-71.388638,41.822039]]],[[[-71.405748,41.821754],[-71.405723,41.821719],[-71.405747,41.821718],[-71.405748,41.821754]]],[[[-71.405749,41.82179],[-71.405797,41.821771],[-71.405798,41.821807],[-71.405749,41.82179]]]]}},{"type":"Feature","properties":{"level_mllw":8.5,"level_navd_ft":6.03},"geometry":{"type":"MultiPolygon","coordinates":[[[[-71.418935,41.827907],[-71.418912,41.827926],[-71.418911,41.827908],[-71.418935,41.827907]]],[[[-71.419081,41.82794],[-71.419033,41.827959],[-71.419032,41.827941],[-71.419081,41.82794]]],[[[-71.419153,41.827957],[-71.419106,41.827976],[-71.419105,41.827958],[-71.419153,41.827957]]],[[[-71.419202,41.827974],[-71.419179,41.827992],[-71.419178,41.827974],[-71.419202,41.827974]]],[[[-71.419348,41.828007],[-71.419325,41.828025],[-71.419324,41.828007],[-71.419348,41.828007]]],[[[-71.419469,41.828022],[-71.419422,41.828041],[-71.419421,41.828023],[-71.419469,41.828022]]],[[[-71.419542,41.828039],[-71.419494,41.828058],[-71.419494,41.82804],[-71.419542,41.828039]]],[[[-71.419615,41.828073],[-71.419567,41.828056],[-71.419615,41.828055],[-71.419615,41.828073]]],[[[-71.419615,41.828073],[-71.419664,41.82809],[-71.419616,41.828091],[-71.419615,41.828073]]],[[[-71.419712,41.828089],[-71.419689,41.828107],[-71.419688,41.828089],[-71.419712,41.828089]]],[[[-71.419785,41.828105],[-71.419738,41.828124],[-71.419737,41.828106],[-71.419785,41.828105]]],[[[-71.419834,41.828122],[-71.419811,41.828141],[-71.41981,41.828123],[-71.419834,41.828122]]],[[[-71.419908,41.828157],[-71.419859,41.82814],[-71.419907,41.828139],[-71.419908,41.828157]]],[[[-71.419956,41.828174],[-71.419932,41.828156],[-71.419956,41.828156],[-71.419956,41.828174]]],[[[-71.420029,41.828172],[-71.419981,41.828191],[-71.41998,41.828173],[-71.420029,41.828172]]],[[[-71.420101,41.828189],[-71.420054,41.828208],[-71.420053,41.82819],[-71.420101,41.828189]]],[[[-71.42015,41.828206],[-71.420103,41.828225],[-71.420102,41.828207],[-71.42015,41.828206]]],[[[-71.420224,41.82824],[-71.420175,41.828223],[-71.420223,41.828222],[-71.420224,41.82824]]],[[[-71.420273,41.828257],[-71.420248,41.82824],[-71.420272,41.828239],[-71.420273,41.828257]]],[[[-71.420345,41.828256],[-71.420297,41.828275],[-71.420297,41.828257],[-71.420345,41.828256]]],[[[-71.420394,41.828273],[-71.42037,41.828291],[-71.42037,41.828273],[-71.420394,41.828273]]],[[[-71.420442,41.82829],[-71.420419,41.828308],[-71.420418,41.82829],[-71.420442,41.82829]]],[[[-71.420589,41.828341],[-71.420564,41.828323],[-71.420588,41.828323],[-71.420589,41.828341]]],[[[-71.420638,41.828358],[-71.420613,41.82834],[-71.420637,41.82834],[-71.420638,41.828358]]],[[[-71.421777,41.82855],[-71.421753,41.828568],[-71.421753,41.82855],[-71.421777,41.82855]]],[[[-71.421947,41.828582],[-71.421899,41.828601],[-71.421898,41.828583],[-71.421947,41.828582]]],[[[-71.422019,41.828599],[-71.421996,41.828617],[-71.421995,41.828599],[-71.422019,41.828599]]],[[[-71.422093,41.828633],[-71.422068,41.828616],[-71.422092,41.828615],[-71.422093,41.828633]]],[[[-71.422166,41.82865],[-71.422141,41.828632],[-71.422165,41.828632],[-71.422166,41.82865]]],[[[-71.422262,41.828648],[-71.422239,41.828666],[-71.422238,41.828648],[-71.422262,41.828648]]],[[[-71.422359,41.828664],[-71.422336,41.828682],[-71.422335,41.828664],[-71.422359,41.828664]]],[[[-71.428592,41.82855],[-71.428545,41.828569],[-71.428544,41.828551],[-71.428592,41.82855]]],[[[-71.422457,41.828698],[-71.422432,41.82868],[-71.422456,41.82868],[-71.422457,41.828698]]],[[[-71.422554,41.828714],[-71.422529,41.828696],[-71.422553,41.828696],[-71.422554,41.828714]]],[[[-71.42265,41.828711],[-71.422626,41.82873],[-71.422626,41.828712],[-71.42265,41.828711]]],[[[-71.422723,41.828728],[-71.422699,41.828746],[-71.422699,41.828728],[-71.422723,41.828728]]],[[[-71.42792,41.828618],[-71.427873,41.828637],[-71.427872,41.828619],[-71.42792,41.828618]]],[[[-71.42282,41.828762],[-71.422771,41.828745],[-71.42282,41.828744],[-71.42282,41.828762]]],[[[-71.422869,41.828779],[-71.422844,41.828761],[-71.422868,41.828761],[-71.422869,41.828779]]],[[[-71.423451,41.828875],[-71.423427,41.828893],[-71.423427,41.828875],[-71.423451,41.828875]]],[[[-71.423524,41.828891],[-71.4235,41.82891],[-71.4235,41.828892],[-71.423524,41.828891]]],[[[-71.42362,41.828907],[-71.423597,41.828926],[-71.423596,41.828908],[-71.42362,41.828907]]],[[[-71.423694,41.828942],[-71.423669,41.828924],[-71.423693,41.828924],[-71.423694,41.828942]]],[[[-71.423767,41.828958],[-71.423742,41.828941],[-71.423766,41.82894],[-71.423767,41.828958]]],[[[-71.423887,41.828956],[-71.42384,41.828975],[-71.423839,41.828957],[-71.423887,41.828956]]],[[[-71.423984,41.828972],[-71.423937,41.828991],[-71.423936,41.828973],[-71.423984,41.828972]]],[[[-71.424081,41.828987],[-71.424034,41.829007],[-71.424033,41.828989],[-71.424081,41.828987]]],[[[-71.424155,41.829022],[-71.42413,41.829004],[-71.424154,41.829004],[-71.424155,41.829022]]],[[[-71.424252,41.829038],[-71.424227,41.82902],[-71.424251,41.82902],[-71.424252,41.829038]]],[[[-71.424542,41.829068],[-71.424518,41.829086],[-71.424518,41.829068],[-71.424542,41.829068]]],[[[-71.424687,41.829083],[-71.424639,41.829102],[-71.424639,41.829084],[-71.424687,41.829083]]],[[[-71.42517,41.829127],[-71.425147,41.829145],[-71.425146,41.829127],[-71.42517,41.829127]]],[[[-71.425243,41.829143],[-71.425194,41.829126],[-71.425242,41.829125],[-71.425243,41.829143]]],[[[-71.41392,41.826464],[-71.414015,41.826426],[-71.414087,41.826442],[-71.414088,41.82646],[-71.41392,41.826464]]],[[[-71.414234,41.826493],[-71.414186,41.826494],[-71.414136,41.826459],[-71.414208,41.826458],[-71.414234,41.826493]]],[[[-71.414283,41.826528],[-71.414357,41.826563],[-71.414358,41.826599],[-71.414283,41.826528]]],[[[-71.413563,41.826579],[-71.413539,41.826598],[-71.413539,41.82658],[-71.413563,41.826579]]],[[[-71.413516,41.826616],[-71.413491,41.826599],[-71.413515,41.826598],[-71.413516,41.826616]]],[[[-71.413469,41.826635],[-71.413444,41.826618],[-71.413468,41.826617],[-71.413469,41.826635]]],[[[-71.414382,41.826598],[-71.414359,41.826617],[-71.414358,41.826599],[-71.414382,41.826598]]],[[[-71.41342,41.826636],[-71.413397,41.826655],[-71.413396,41.826637],[-71.41342,41.826636]]],[[[-71.414407,41.826616],[-71.414384,41.826634],[-71.414383,41.826616],[-71.414407,41.826616]]],[[[-71.413374,41.826673],[-71.413325,41.826656],[-71.413373,41.826655],[-71.413374,41.826673]]],[[[-71.414408,41.826634],[-71.414457,41.826651],[-71.414409,41.82667],[-71.414408,41.826634]]],[[[-71.413326,41.826674],[-71.413302,41.826693],[-71.413301,41.826675],[-71.413326,41.826674]]],[[[-71.413183,41.826713],[-71.413135,41.826732],[-71.413134,41.826714],[-71.413183,41.826713]]],[[[-71.413111,41.826733],[-71.413088,41.826751],[-71.413087,41.826733],[-71.413111,41.826733]]],[[[-71.413064,41.82677],[-71.413015,41.826753],[-71.413064,41.826752],[-71.413064,41.82677]]],[[[-71.414434,41.826687],[-71.414485,41.826758],[-71.41451,41.826794],[-71.414461,41.826777],[-71.414434,41.826687]]],[[[-71.413016,41.826771],[-71.412969,41.82679],[-71.412968,41.826772],[-71.413016,41.826771]]],[[[-71.412945,41.82679],[-71.412921,41.826809],[-71.412921,41.826791],[-71.412945,41.82679]]],[[[-71.412897,41.826809],[-71.41285,41.826828],[-71.412849,41.82681],[-71.412897,41.826809]]],[[[-71.412826,41.826847],[-71.412802,41.82683],[-71.412826,41.826829],[-71.412826,41.826847]]],[[[-71.412779,41.826866],[-71.412754,41.826849],[-71.412778,41.826848],[-71.412779,41.826866]]],[[[-71.412731,41.826867],[-71.412683,41.826886],[-71.412683,41.826868],[-71.412731,41.826867]]],[[[-71.414489,41.826884],[-71.414465,41.826867],[-71.414487,41.82683],[-71.414489,41.826884]]],[[[-71.412659,41.826887],[-71.412612,41.826906],[-71.412611,41.826888],[-71.412659,41.826887]]],[[[-71.412588,41.826924],[-71.412564,41.826907],[-71.412588,41.826906],[-71.412588,41.826924]]],[[[-71.41187,41.827029],[-71.41134,41.827022],[-71.411869,41.827011],[-71.41187,41.827029]]],[[[-71.412182,41.827005],[-71.412111,41.827024],[-71.41211,41.827006],[-71.412182,41.827005]]],[[[-71.412086,41.827007],[-71.411942,41.827028],[-71.411941,41.82701],[-71.412086,41.827007]]],[[[-71.413482,41.826995],[-71.413459,41.827014],[-71.413458,41.826996],[-71.413482,41.826995]]],[[[-71.413606,41.827083],[-71.413558,41.827084],[-71.413483,41.827013],[-71.413531,41.827012],[-71.413606,41.827083]]],[[[-71.412621,41.827158],[-71.413169,41.826984],[-71.413267,41.827036],[-71.413099,41.827057],[-71.413006,41.827131],[-71.412861,41.827134],[-71.412767,41.82719],[-71.412647,41.827193],[-71.412621,41.827158]]],[[[-71.41363,41.827082],[-71.413606,41.827101],[-71.413606,41.827083],[-71.41363,41.827082]]],[[[-71.413679,41.827099],[-71.413655,41.827118],[-71.413655,41.8271],[-71.413679,41.827099]]],[[[-71.413704,41.827135],[-71.413679,41.827117],[-71.413703,41.827117],[-71.413704,41.827135]]],[[[-71.412574,41.827195],[-71.41255,41.827177],[-71.412574,41.827177],[-71.412574,41.827195]]],[[[-71.41255,41.827195],[-71.412503,41.827214],[-71.412502,41.827196],[-71.41255,41.827195]]],[[[-71.412025,41.827314],[-71.411616,41.827323],[-71.411591,41.827287],[-71.412072,41.827277],[-71.412025,41.827314]]],[[[-71.416645,41.827217],[-71.416622,41.827235],[-71.416621,41.827217],[-71.416645,41.827217]]],[[[-71.416719,41.827251],[-71.416694,41.827234],[-71.416718,41.827233],[-71.416719,41.827251]]],[[[-71.416792,41.827268],[-71.416767,41.82725],[-71.416791,41.82725],[-71.416792,41.827268]]],[[[-71.41684,41.827267],[-71.416816,41.827285],[-71.416816,41.827267],[-71.41684,41.827267]]],[[[-71.416913,41.827283],[-71.416865,41.827302],[-71.416864,41.827284],[-71.416913,41.827283]]],[[[-71.417159,41.82744],[-71.416913,41.827301],[-71.417204,41.827349],[-71.417159,41.82744]]],[[[-71.418083,41.827655],[-71.418034,41.827638],[-71.418082,41.827637],[-71.418083,41.827655]]],[[[-71.418155,41.827671],[-71.418107,41.827655],[-71.418155,41.827653],[-71.418155,41.827671]]],[[[-71.418471,41.827737],[-71.418448,41.827755],[-71.418447,41.827737],[-71.418471,41.827737]]],[[[-71.418569,41.827771],[-71.418521,41.82779],[-71.41852,41.827772],[-71.418569,41.827771]]],[[[-71.418617,41.827788],[-71.41857,41.827807],[-71.418569,41.827789],[-71.418617,41.827788]]],[[[-71.418667,41.827823],[-71.418618,41.827806],[-71.418666,41.827805],[-71.418667,41.827823]]],[[[-71.418667,41.827823],[-71.418764,41.827857],[-71.418667,41.827841],[-71.418667,41.827823]]],[[[-71.418788,41.827856],[-71.418765,41.827875],[-71.418764,41.827857],[-71.418788,41.827856]]],[[[-71.418837,41.827873],[-71.418814,41.827892],[-71.418813,41.827874],[-71.418837,41.827873]]],[[[-71.411616,41.831177],[-71.411593,41.831196],[-71.411592,41.831178],[-71.411616,41.831177]]],[[[-71.410167,41.826579],[-71.410143,41.826561],[-71.410167,41.826561],[-71.410167,41.826579]]],[[[-71.410167,41.826579],[-71.410192,41.826596],[-71.410168,41.826597],[-71.410167,41.826579]]],[[[-71.410216,41.826596],[-71.410193,41.826614],[-71.410192,41.826596],[-71.410216,41.826596]]],[[[-71.410217,41.826632],[-71.410241,41.826613],[-71.410241,41.826631],[-71.410217,41.826632]]],[[[-71.410266,41.826631],[-71.410242,41.826649],[-71.410241,41.826631],[-71.410266,41.826631]]],[[[-71.410291,41.826666],[-71.410266,41.826649],[-71.41029,41.826648],[-71.410291,41.826666]]],[[[-71.410291,41.826666],[-71.410316,41.826684],[-71.410292,41.826684],[-71.410291,41.826666]]],[[[-71.41034,41.826683],[-71.410316,41.826702],[-71.410316,41.826684],[-71.41034,41.826683]]],[[[-71.410341,41.826719],[-71.410364,41.826701],[-71.410365,41.826719],[-71.410341,41.826719]]],[[[-71.410831,41.826943],[-71.410759,41.826944],[-71.410709,41.826909],[-71.410782,41.826908],[-71.410831,41.826943]]],[[[-71.410904,41.826959],[-71.410831,41.826943],[-71.410903,41.826941],[-71.410904,41.826959]]],[[[-71.410904,41.826959],[-71.410977,41.826976],[-71.410905,41.826977],[-71.410904,41.826959]]],[[[-71.411049,41.826974],[-71.410978,41.826994],[-71.410977,41.826976],[-71.411049,41.826974]]],[[[-71.41105,41.82701],[-71.41117,41.82699],[-71.411171,41.827008],[-71.41105,41.82701]]],[[[-71.411291,41.827005],[-71.411171,41.827026],[-71.411171,41.827008],[-71.411291,41.827005]]],[[[-71.41021,41.827082],[-71.410185,41.827065],[-71.41021,41.827064],[-71.41021,41.827082]]],[[[-71.411326,41.827293],[-71.411301,41.827275],[-71.411325,41.827275],[-71.411326,41.827293]]],[[[-71.411374,41.827292],[-71.411327,41.827311],[-71.411326,41.827293],[-71.411374,41.827292]]],[[[-71.41072,41.827828],[-71.410696,41.827846],[-71.410696,41.827828],[-71.41072,41.827828]]],[[[-71.410746,41.827881],[-71.410723,41.8279],[-71.410722,41.827882],[-71.410746,41.827881]]],[[[-71.410772,41.827935],[-71.410747,41.827917],[-71.410771,41.827917],[-71.410772,41.827935]]],[[[-71.410798,41.827988],[-71.410773,41.827971],[-71.410797,41.82797],[-71.410798,41.827988]]],[[[-71.410824,41.828024],[-71.4108,41.828042],[-71.410799,41.828024],[-71.410824,41.828024]]],[[[-71.410631,41.828028],[-71.410608,41.828046],[-71.410607,41.828028],[-71.410631,41.828028]]],[[[-71.410849,41.828059],[-71.410826,41.828078],[-71.410825,41.82806],[-71.410849,41.828059]]],[[[-71.410658,41.828099],[-71.410633,41.828082],[-71.410657,41.828081],[-71.410658,41.828099]]],[[[-71.410876,41.828131],[-71.410851,41.828113],[-71.410875,41.828113],[-71.410876,41.828131]]],[[[-71.410683,41.828117],[-71.41066,41.828153],[-71.410658,41.828117],[-71.410683,41.828117]]],[[[-71.410901,41.828166],[-71.410878,41.828185],[-71.410877,41.828167],[-71.410901,41.828166]]],[[[-71.410709,41.82817],[-71.410686,41.828207],[-71.410685,41.828171],[-71.410709,41.82817]]],[[[-71.410928,41.828238],[-71.410903,41.82822],[-71.410927,41.82822],[-71.410928,41.828238]]],[[[-71.410736,41.82826],[-71.410711,41.828224],[-71.410735,41.828224],[-71.410736,41.82826]]],[[[-71.410761,41.828277],[-71.410738,41.828314],[-71.410737,41.828278],[-71.410761,41.828277]]],[[[-71.410763,41.828331],[-71.410786,41.828313],[-71.410787,41.828331],[-71.410763,41.828331]]],[[[-71.411318,41.829653],[-71.411297,41.829725],[-71.411294,41.829653],[-71.411318,41.829653]]],[[[-71.411322,41.829743],[-71.411404,41.830011],[-71.411409,41.830155],[-71.411357,41.830048],[-71.411322,41.829743]]],[[[-71.411242,41.830177],[-71.411217,41.830159],[-71.411241,41.830159],[-71.411242,41.830177]]],[[[-71.411433,41.830154],[-71.411415,41.830317],[-71.411409,41.830155],[-71.411433,41.830154]]],[[[-71.411446,41.830478],[-71.411464,41.830316],[-71.41147,41.830478],[-71.411446,41.830478]]],[[[-71.411299,41.830427],[-71.411276,41.830464],[-71.411275,41.830428],[-71.411299,41.830427]]],[[[-71.4115,41.830639],[-71.41147,41.830478],[-71.411494,41.830477],[-71.4115,41.830639]]],[[[-71.411329,41.830589],[-71.411304,41.830553],[-71.411328,41.830553],[-71.411329,41.830589]]],[[[-71.411357,41.830678],[-71.411335,41.830733],[-71.411333,41.830679],[-71.411357,41.830678]]],[[[-71.411385,41.830786],[-71.411364,41.830876],[-71.411361,41.830786],[-71.411385,41.830786]]],[[[-71.4115,41.830639],[-71.411553,41.830764],[-71.411616,41.831159],[-71.411567,41.831142],[-71.4115,41.830639]]],[[[-71.411418,41.831019],[-71.41139,41.830912],[-71.411414,41.830911],[-71.411418,41.831019]]],[[[-71.411418,41.831019],[-71.411446,41.831127],[-71.411422,41.831127],[-71.411418,41.831019]]],[[[-71.411497,41.831216],[-71.411458,41.831451],[-71.411446,41.831145],[-71.411497,41.831216]]],[[[-71.411526,41.831972],[-71.411502,41.83199],[-71.411502,41.831972],[-71.411526,41.831972]]],[[[-71.41148,41.832045],[-71.411485,41.832171],[-71.411446,41.832424],[-71.41148,41.832045]]],[[[-71.411439,41.832874],[-71.411412,41.832785],[-71.411458,41.832748],[-71.411439,41.832874]]],[[[-71.411296,41.832913],[-71.411269,41.832842],[-71.411293,41.832841],[-71.411296,41.832913]]],[[[-71.411326,41.833057],[-71.411415,41.832875],[-71.411351,41.833092],[-71.411326,41.833057]]],[[[-71.408951,41.825613],[-71.408928,41.825632],[-71.408927,41.825614],[-71.408951,41.825613]]],[[[-71.409001,41.825666],[-71.408978,41.825685],[-71.408977,41.825667],[-71.409001,41.825666]]],[[[-71.409076,41.825737],[-71.409053,41.825755],[-71.409052,41.825737],[-71.409076,41.825737]]],[[[-71.409101,41.825754],[-71.409077,41.825773],[-71.409077,41.825755],[-71.409101,41.825754]]],[[[-71.409151,41.825807],[-71.409128,41.825826],[-71.409127,41.825808],[-71.409151,41.825807]]],[[[-71.409176,41.825825],[-71.409152,41.825843],[-71.409152,41.825825],[-71.409176,41.825825]]],[[[-71.409201,41.82586],[-71.409176,41.825843],[-71.4092,41.825842],[-71.409201,41.82586]]],[[[-71.409201,41.82586],[-71.409226,41.825878],[-71.409202,41.825878],[-71.409201,41.82586]]],[[[-71.40925,41.825877],[-71.409227,41.825896],[-71.409226,41.825878],[-71.40925,41.825877]]],[[[-71.409251,41.825913],[-71.409275,41.825895],[-71.409275,41.825913],[-71.409251,41.825913]]],[[[-71.409088,41.826043],[-71.409015,41.826044],[-71.409013,41.82599],[-71.409037,41.82599],[-71.409088,41.826043]]],[[[-71.4094,41.826018],[-71.409375,41.826001],[-71.409399,41.826],[-71.4094,41.826018]]],[[[-71.4094,41.826018],[-71.409424,41.826036],[-71.4094,41.826036],[-71.4094,41.826018]]],[[[-71.409112,41.826042],[-71.409088,41.826061],[-71.409088,41.826043],[-71.409112,41.826042]]],[[[-71.409448,41.826035],[-71.409425,41.826054],[-71.409424,41.826036],[-71.409448,41.826035]]],[[[-71.409473,41.826053],[-71.40945,41.826071],[-71.409449,41.826053],[-71.409473,41.826053]]],[[[-71.409499,41.826088],[-71.409474,41.826071],[-71.409498,41.82607],[-71.409499,41.826088]]],[[[-71.409499,41.826088],[-71.409523,41.826106],[-71.409499,41.826106],[-71.409499,41.826088]]],[[[-71.409547,41.826105],[-71.409524,41.826124],[-71.409523,41.826106],[-71.409547,41.826105]]],[[[-71.409549,41.826141],[-71.409572,41.826123],[-71.409573,41.826141],[-71.409549,41.826141]]],[[[-71.409597,41.82614],[-71.409574,41.826159],[-71.409573,41.826141],[-71.409597,41.82614]]],[[[-71.409622,41.826176],[-71.409598,41.826158],[-71.409622,41.826158],[-71.409622,41.826176]]],[[[-71.409622,41.826176],[-71.409647,41.826193],[-71.409623,41.826194],[-71.409622,41.826176]]],[[[-71.409339,41.826326],[-71.409164,41.826167],[-71.409112,41.82606],[-71.40931,41.8262],[-71.409339,41.826326]]],[[[-71.409671,41.826193],[-71.409648,41.826211],[-71.409647,41.826193],[-71.409671,41.826193]]],[[[-71.409696,41.82621],[-71.409672,41.826229],[-71.409672,41.826211],[-71.409696,41.82621]]],[[[-71.409721,41.826246],[-71.409697,41.826228],[-71.409721,41.826228],[-71.409721,41.826246]]],[[[-71.409721,41.826246],[-71.409746,41.826263],[-71.409722,41.826264],[-71.409721,41.826246]]],[[[-71.40977,41.826263],[-71.409747,41.826281],[-71.409746,41.826263],[-71.40977,41.826263]]],[[[-71.409771,41.826299],[-71.409795,41.82628],[-71.409795,41.826298],[-71.409771,41.826299]]],[[[-71.40982,41.826298],[-71.409797,41.826334],[-71.409795,41.826298],[-71.40982,41.826298]]],[[[-71.409364,41.826361],[-71.409339,41.826326],[-71.409363,41.826325],[-71.409364,41.826361]]],[[[-71.409846,41.826351],[-71.409821,41.826334],[-71.409845,41.826333],[-71.409846,41.826351]]],[[[-71.40987,41.826351],[-71.409846,41.826369],[-71.409846,41.826351],[-71.40987,41.826351]]],[[[-71.409871,41.826387],[-71.409894,41.826368],[-71.409895,41.826386],[-71.409871,41.826387]]],[[[-71.409919,41.826386],[-71.409896,41.826404],[-71.409895,41.826386],[-71.409919,41.826386]]],[[[-71.409945,41.826421],[-71.40992,41.826404],[-71.409944,41.826403],[-71.409945,41.826421]]],[[[-71.409388,41.826361],[-71.409513,41.826484],[-71.409467,41.826521],[-71.409366,41.826397],[-71.409388,41.826361]]],[[[-71.409969,41.826421],[-71.409945,41.826439],[-71.409945,41.826421],[-71.409969,41.826421]]],[[[-71.40997,41.826457],[-71.409993,41.826438],[-71.409994,41.826456],[-71.40997,41.826457]]],[[[-71.410018,41.826456],[-71.409995,41.826474],[-71.409994,41.826456],[-71.410018,41.826456]]],[[[-71.409539,41.82652],[-71.409514,41.826502],[-71.409538,41.826502],[-71.409539,41.82652]]],[[[-71.410093,41.826526],[-71.410068,41.826509],[-71.410092,41.826508],[-71.410093,41.826526]]],[[[-71.410117,41.826526],[-71.410094,41.826544],[-71.410093,41.826526],[-71.410117,41.826526]]],[[[-71.410118,41.826562],[-71.410142,41.826543],[-71.410143,41.826561],[-71.410118,41.826562]]],[[[-71.409765,41.826767],[-71.409742,41.826804],[-71.409741,41.826768],[-71.409765,41.826767]]],[[[-71.409766,41.826803],[-71.409816,41.826856],[-71.409842,41.826892],[-71.409766,41.826803]]],[[[-71.410082,41.826887],[-71.410057,41.826851],[-71.410081,41.826851],[-71.410082,41.826887]]],[[[-71.409892,41.826945],[-71.409843,41.826928],[-71.409842,41.826892],[-71.409891,41.826909],[-71.409892,41.826945]]],[[[-71.410107,41.826904],[-71.410084,41.826923],[-71.410083,41.826905],[-71.410107,41.826904]]],[[[-71.410133,41.82694],[-71.41011,41.826976],[-71.410109,41.82694],[-71.410133,41.82694]]],[[[-71.410159,41.827011],[-71.410134,41.826976],[-71.410158,41.826975],[-71.410159,41.827011]]],[[[-71.410185,41.827047],[-71.41016,41.827029],[-71.410184,41.827029],[-71.410185,41.827047]]],[[[-71.406226,41.819727],[-71.406052,41.819586],[-71.405812,41.819591],[-71.405741,41.819647],[-71.40562,41.819631],[-71.405539,41.819381],[-71.405387,41.819186],[-71.40512,41.819119],[-71.405064,41.818904],[-71.405132,41.818813],[-71.405288,41.819116],[-71.405337,41.819133],[-71.405359,41.819078],[-71.405386,41.81915],[-71.405481,41.81913],[-71.405739,41.819575],[-71.406074,41.819514],[-71.406174,41.81962],[-71.406293,41.819599],[-71.406247,41.819654],[-71.406513,41.819685],[-71.406226,41.819727]],[[-71.406199,41.819655],[-71.406223,41.819637],[-71.406199,41.819637],[-71.406199,41.819655]]],[[[-71.40656,41.81963],[-71.406536,41.819648],[-71.406535,41.81963],[-71.40656,41.81963]]],[[[-71.406584,41.819629],[-71.406797,41.819553],[-71.406942,41.81955],[-71.406946,41.819658],[-71.406708,41.819735],[-71.406612,41.819737],[-71.406656,41.819646],[-71.406584,41.819629]]],[[[-71.406537,41.819666],[-71.406512,41.819649],[-71.406536,41.819648],[-71.406537,41.819666]]],[[[-71.406612,41.819755],[-71.406588,41.819737],[-71.406612,41.819737],[-71.406612,41.819755]]],[[[-71.406542,41.819792],[-71.406517,41.819775],[-71.406541,41.819774],[-71.406542,41.819792]]],[[[-71.406493,41.819793],[-71.406518,41.819811],[-71.406494,41.819811],[-71.406493,41.819793]]],[[[-71.406377,41.819904],[-71.406494,41.819811],[-71.406495,41.819847],[-71.406377,41.819904]]],[[[-71.406329,41.819905],[-71.406377,41.819904],[-71.406378,41.819922],[-71.40633,41.819923],[-71.406329,41.819905]]],[[[-71.40633,41.819923],[-71.406258,41.819942],[-71.406258,41.819924],[-71.40633,41.819923]]],[[[-71.406234,41.819943],[-71.406187,41.819962],[-71.406186,41.819944],[-71.406234,41.819943]]],[[[-71.406139,41.819963],[-71.406091,41.819982],[-71.40609,41.819964],[-71.406139,41.819963]]],[[[-71.406044,41.820001],[-71.405995,41.819984],[-71.406043,41.819983],[-71.406044,41.820001]]],[[[-71.405972,41.82002],[-71.405996,41.820002],[-71.405996,41.82002],[-71.405972,41.82002]]],[[[-71.405972,41.82002],[-71.405949,41.820039],[-71.405948,41.820021],[-71.405972,41.82002]]],[[[-71.407557,41.823121],[-71.407506,41.823032],[-71.407284,41.822893],[-71.406362,41.821435],[-71.406322,41.821003],[-71.406091,41.82063],[-71.405893,41.82049],[-71.405816,41.820348],[-71.405925,41.820039],[-71.405933,41.820255],[-71.406058,41.820397],[-71.406269,41.820879],[-71.406394,41.820984],[-71.406446,41.821109],[-71.406593,41.821178],[-71.406553,41.821395],[-71.406602,41.821394],[-71.406707,41.821644],[-71.406779,41.821624],[-71.406804,41.82166],[-71.406836,41.821875],[-71.407093,41.822302],[-71.407164,41.822265],[-71.40724,41.822371],[-71.407195,41.822444],[-71.407394,41.82262],[-71.4075,41.822888],[-71.407548,41.822887],[-71.407522,41.822816],[-71.407569,41.822797],[-71.407575,41.822941],[-71.407675,41.823065],[-71.407629,41.82312],[-71.407702,41.823118],[-71.407704,41.82319],[-71.407557,41.823121]]],[[[-71.405904,41.822057],[-71.405881,41.822093],[-71.40588,41.822057],[-71.405904,41.822057]]],[[[-71.405929,41.822092],[-71.405906,41.822111],[-71.405905,41.822093],[-71.405929,41.822092]]],[[[-71.405955,41.822128],[-71.40593,41.82211],[-71.405954,41.82211],[-71.405955,41.822128]]],[[[-71.40598,41.822163],[-71.405955,41.822146],[-71.40598,41.822145],[-71.40598,41.822163]]],[[[-71.406004,41.822163],[-71.405981,41.822181],[-71.40598,41.822163],[-71.406004,41.822163]]],[[[-71.406006,41.822199],[-71.406029,41.82218],[-71.40603,41.822198],[-71.406006,41.822199]]],[[[-71.406103,41.822215],[-71.406031,41.822234],[-71.40603,41.822198],[-71.406103,41.822215]]],[[[-71.407517,41.823968],[-71.406906,41.823081],[-71.406479,41.822621],[-71.406306,41.822499],[-71.406304,41.822445],[-71.406181,41.822375],[-71.406179,41.822321],[-71.406698,41.822689],[-71.406874,41.822883],[-71.407357,41.823558],[-71.407412,41.823737],[-71.407511,41.823824],[-71.407517,41.823968]]],[[[-71.407819,41.823674],[-71.407783,41.823368],[-71.407734,41.823333],[-71.407705,41.823208],[-71.408015,41.823778],[-71.407894,41.823762],[-71.407819,41.823674]]],[[[-71.407644,41.824146],[-71.407517,41.823968],[-71.407734,41.823982],[-71.407761,41.824071],[-71.407666,41.824091],[-71.407644,41.824146]]],[[[-71.40805,41.824065],[-71.407856,41.824015],[-71.407852,41.823925],[-71.408017,41.823832],[-71.408015,41.823778],[-71.408177,41.824225],[-71.408158,41.824369],[-71.40805,41.824065]]],[[[-71.407693,41.824163],[-71.407669,41.824181],[-71.407669,41.824163],[-71.407693,41.824163]]],[[[-71.407719,41.824216],[-71.407695,41.824235],[-71.407695,41.824217],[-71.407719,41.824216]]],[[[-71.407745,41.82427],[-71.407721,41.824288],[-71.407721,41.82427],[-71.407745,41.82427]]],[[[-71.408183,41.824387],[-71.408159,41.824405],[-71.408159,41.824387],[-71.408183,41.824387]]],[[[-71.408208,41.824422],[-71.408185,41.824459],[-71.408184,41.824423],[-71.408208,41.824422]]],[[[-71.408235,41.824494],[-71.408209,41.824458],[-71.408233,41.824458],[-71.408235,41.824494]]],[[[-71.408261,41.824547],[-71.408235,41.824512],[-71.40826,41.824511],[-71.408261,41.824547]]],[[[-71.408285,41.824547],[-71.408262,41.824583],[-71.408261,41.824547],[-71.408285,41.824547]]],[[[-71.408311,41.8246],[-71.408288,41.824619],[-71.408287,41.824601],[-71.408311,41.8246]]],[[[-71.408336,41.824636],[-71.408314,41.824672],[-71.408312,41.824636],[-71.408336,41.824636]]],[[[-71.408184,41.825071],[-71.4078,41.824449],[-71.407701,41.824379],[-71.407723,41.824324],[-71.407771,41.824323],[-71.408184,41.825071]]],[[[-71.408363,41.824707],[-71.408338,41.82469],[-71.408363,41.824689],[-71.408363,41.824707]]],[[[-71.408388,41.824725],[-71.408365,41.824743],[-71.408364,41.824725],[-71.408388,41.824725]]],[[[-71.408413,41.82476],[-71.408391,41.824797],[-71.408389,41.824761],[-71.408413,41.82476]]],[[[-71.408439,41.824814],[-71.408416,41.824832],[-71.408415,41.824814],[-71.408439,41.824814]]],[[[-71.408466,41.824885],[-71.408441,41.82485],[-71.408465,41.824849],[-71.408466,41.824885]]],[[[-71.408492,41.824921],[-71.408467,41.824903],[-71.408491,41.824903],[-71.408492,41.824921]]],[[[-71.408516,41.824938],[-71.408494,41.824975],[-71.408492,41.824939],[-71.408516,41.824938]]],[[[-71.40852,41.825028],[-71.408542,41.824974],[-71.408544,41.825028],[-71.40852,41.825028]]],[[[-71.408568,41.825027],[-71.408545,41.825064],[-71.408544,41.825028],[-71.408568,41.825027]]],[[[-71.408595,41.825117],[-71.408569,41.825063],[-71.408593,41.825063],[-71.408595,41.825117]]],[[[-71.408619,41.825116],[-71.408645,41.825152],[-71.408647,41.825206],[-71.408597,41.825171],[-71.408619,41.825116]]],[[[-71.408825,41.825454],[-71.408777,41.825473],[-71.408777,41.825455],[-71.408825,41.825454]]],[[[-71.408851,41.825508],[-71.408827,41.825526],[-71.408827,41.825508],[-71.408851,41.825508]]],[[[-71.408875,41.825525],[-71.408852,41.825544],[-71.408851,41.825526],[-71.408875,41.825525]]],[[[-71.408902,41.825579],[-71.408877,41.825561],[-71.408901,41.825561],[-71.408902,41.825579]]],[[[-71.403144,41.815216],[-71.403121,41.815253],[-71.403072,41.815236],[-71.403095,41.815199],[-71.403144,41.815216]]],[[[-71.4033,41.815537],[-71.403278,41.815592],[-71.403251,41.81552],[-71.4033,41.815537]]],[[[-71.403302,41.815591],[-71.403352,41.815626],[-71.403354,41.81568],[-71.403304,41.815645],[-71.403302,41.815591]]],[[[-71.403405,41.815769],[-71.403356,41.815734],[-71.403354,41.81568],[-71.403403,41.815715],[-71.403405,41.815769]]],[[[-71.403405,41.815769],[-71.403481,41.815858],[-71.403483,41.81593],[-71.403405,41.815769]]],[[[-71.403657,41.816052],[-71.403684,41.816141],[-71.403614,41.816197],[-71.403665,41.816286],[-71.403737,41.816284],[-71.403743,41.816428],[-71.403617,41.816287],[-71.403483,41.81593],[-71.403657,41.816052]]],[[[-71.401418,41.816711],[-71.401092,41.816358],[-71.401019,41.816341],[-71.400991,41.816234],[-71.401064,41.81625],[-71.401418,41.816711]]],[[[-71.403767,41.816428],[-71.403745,41.816482],[-71.403743,41.816428],[-71.403767,41.816428]]],[[[-71.403793,41.816481],[-71.403771,41.816536],[-71.403769,41.816482],[-71.403793,41.816481]]],[[[-71.40382,41.816571],[-71.403795,41.816535],[-71.403819,41.816535],[-71.40382,41.816571]]],[[[-71.403844,41.81657],[-71.40387,41.816606],[-71.403872,41.81666],[-71.403822,41.816625],[-71.403844,41.81657]]],[[[-71.401442,41.816711],[-71.401419,41.816747],[-71.401418,41.816711],[-71.401442,41.816711]]],[[[-71.403896,41.816659],[-71.403873,41.816696],[-71.403872,41.81666],[-71.403896,41.816659]]],[[[-71.401467,41.816746],[-71.401444,41.816765],[-71.401443,41.816747],[-71.401467,41.816746]]],[[[-71.403922,41.816713],[-71.403897,41.816695],[-71.403921,41.816695],[-71.403922,41.816713]]],[[[-71.403922,41.816713],[-71.403972,41.816748],[-71.403923,41.816749],[-71.403922,41.816713]]],[[[-71.401493,41.816782],[-71.401469,41.8168],[-71.401469,41.816782],[-71.401493,41.816782]]],[[[-71.401543,41.816835],[-71.401519,41.816853],[-71.401519,41.816835],[-71.401543,41.816835]]],[[[-71.401795,41.817136],[-71.401772,41.817154],[-71.401771,41.817136],[-71.401795,41.817136]]],[[[-71.401821,41.817189],[-71.401796,41.817172],[-71.40182,41.817171],[-71.401821,41.817189]]],[[[-71.401846,41.817225],[-71.401822,41.817207],[-71.401846,41.817207],[-71.401846,41.817225]]],[[[-71.40187,41.817224],[-71.401847,41.817243],[-71.401846,41.817225],[-71.40187,41.817224]]],[[[-71.401922,41.817313],[-71.401873,41.817296],[-71.401872,41.81726],[-71.401921,41.817277],[-71.401922,41.817313]]],[[[-71.401946,41.817313],[-71.401923,41.817331],[-71.401922,41.817313],[-71.401946,41.817313]]],[[[-71.401972,41.817366],[-71.401947,41.817331],[-71.401971,41.81733],[-71.401972,41.817366]]],[[[-71.401972,41.817366],[-71.401997,41.817384],[-71.401973,41.817384],[-71.401972,41.817366]]],[[[-71.402021,41.817383],[-71.401997,41.817402],[-71.401997,41.817384],[-71.402021,41.817383]]],[[[-71.405009,41.818743],[-71.404908,41.818601],[-71.40495,41.818457],[-71.404734,41.818461],[-71.404659,41.818391],[-71.404519,41.817871],[-71.404158,41.817861],[-71.404033,41.817755],[-71.404,41.817504],[-71.40387,41.817254],[-71.403982,41.817018],[-71.403974,41.81682],[-71.404073,41.81689],[-71.404053,41.816998],[-71.40423,41.817211],[-71.404335,41.817461],[-71.404432,41.817477],[-71.404438,41.817621],[-71.404614,41.817833],[-71.404569,41.817924],[-71.404745,41.818119],[-71.404852,41.818387],[-71.405093,41.818399],[-71.405113,41.818309],[-71.405235,41.818342],[-71.405353,41.818286],[-71.405373,41.818159],[-71.405325,41.818178],[-71.405324,41.818142],[-71.405591,41.818209],[-71.405662,41.818171],[-71.40566,41.818117],[-71.405853,41.818113],[-71.40574,41.818332],[-71.405595,41.818299],[-71.405551,41.818408],[-71.405579,41.818533],[-71.405408,41.818447],[-71.405265,41.818486],[-71.405172,41.818578],[-71.404977,41.818528],[-71.405107,41.818777],[-71.405009,41.818743]]],[[[-71.404135,41.819842],[-71.403517,41.819405],[-71.403361,41.819084],[-71.402683,41.818342],[-71.402655,41.818252],[-71.402508,41.818165],[-71.402506,41.818129],[-71.402555,41.818146],[-71.402526,41.818021],[-71.402022,41.817419],[-71.40265,41.818108],[-71.402921,41.818283],[-71.403004,41.818569],[-71.403104,41.818657],[-71.403183,41.818854],[-71.404135,41.819842]]],[[[-71.404546,41.820518],[-71.404261,41.819984],[-71.404135,41.819842],[-71.404357,41.819982],[-71.404386,41.820089],[-71.404609,41.820283],[-71.404546,41.820518]]],[[[-71.404546,41.820518],[-71.404571,41.820554],[-71.404547,41.820554],[-71.404546,41.820518]]],[[[-71.404596,41.820553],[-71.404572,41.820572],[-71.404571,41.820554],[-71.404596,41.820553]]],[[[-71.404621,41.820589],[-71.404598,41.820607],[-71.404597,41.820589],[-71.404621,41.820589]]],[[[-71.404646,41.820624],[-71.404623,41.820643],[-71.404622,41.820625],[-71.404646,41.820624]]],[[[-71.404672,41.82066],[-71.404647,41.820642],[-71.404671,41.820642],[-71.404672,41.82066]]],[[[-71.404788,41.820549],[-71.404686,41.820407],[-71.404926,41.820384],[-71.405003,41.820491],[-71.404909,41.820565],[-71.404917,41.820781],[-71.405214,41.820991],[-71.405267,41.821134],[-71.405217,41.821081],[-71.405145,41.821082],[-71.405019,41.820923],[-71.404922,41.820925],[-71.404773,41.820802],[-71.404672,41.82066],[-71.404767,41.82064],[-71.404788,41.820549]]],[[[-71.405291,41.821133],[-71.405268,41.821152],[-71.405267,41.821134],[-71.405291,41.821133]]],[[[-71.405317,41.821169],[-71.405293,41.821187],[-71.405293,41.821169],[-71.405317,41.821169]]],[[[-71.405342,41.821204],[-71.405319,41.821223],[-71.405318,41.821205],[-71.405342,41.821204]]],[[[-71.405368,41.82124],[-71.405343,41.821222],[-71.405367,41.821222],[-71.405368,41.82124]]],[[[-71.405418,41.821293],[-71.405393,41.821275],[-71.405417,41.821275],[-71.405418,41.821293]]],[[[-71.405467,41.821328],[-71.405444,41.821346],[-71.405443,41.821328],[-71.405467,41.821328]]],[[[-71.405493,41.821363],[-71.405469,41.821382],[-71.405469,41.821364],[-71.405493,41.821363]]],[[[-71.405544,41.821452],[-71.405521,41.821471],[-71.40552,41.821453],[-71.405544,41.821452]]],[[[-71.40557,41.821506],[-71.405546,41.821488],[-71.40557,41.821488],[-71.40557,41.821506]]],[[[-71.405647,41.82163],[-71.405622,41.821595],[-71.405646,41.821594],[-71.405647,41.82163]]],[[[-71.405671,41.82163],[-71.405649,41.821666],[-71.405647,41.82163],[-71.405671,41.82163]]],[[[-71.405674,41.821702],[-71.405697,41.821665],[-71.405698,41.821701],[-71.405674,41.821702]]],[[[-71.388614,41.82204],[-71.388661,41.822021],[-71.388665,41.822129],[-71.388617,41.82213],[-71.388614,41.82204]]],[[[-71.405801,41.821879],[-71.405799,41.821825],[-71.405725,41.821791],[-71.405698,41.821701],[-71.405898,41.821895],[-71.405855,41.82204],[-71.405778,41.821916],[-71.405849,41.821878],[-71.405801,41.821879]]],[[[-71.405855,41.82204],[-71.40588,41.822057],[-71.405856,41.822058],[-71.405855,41.82204]]]]}},{"type":"Feature","properties":{"level_mllw":9.0,"level_navd_ft":6.53},"geometry":{"type":"MultiPolygon","coordinates":[[[[-71.421801,41.828549],[-71.421753,41.828568],[-71.421753,41.82855],[-71.421801,41.828549]]],[[[-71.42185,41.828566],[-71.421826,41.828585],[-71.421826,41.828567],[-71.42185,41.828566]]],[[[-71.421971,41.828582],[-71.421899,41.828601],[-71.421898,41.828583],[-71.421971,41.828582]]],[[[-71.42202,41.828617],[-71.421995,41.828599],[-71.422019,41.828599],[-71.42202,41.828617]]],[[[-71.422117,41.828633],[-71.422068,41.828616],[-71.422116,41.828615],[-71.422117,41.828633]]],[[[-71.422189,41.828631],[-71.422142,41.82865],[-71.422141,41.828632],[-71.422189,41.828631]]],[[[-71.422262,41.828648],[-71.422239,41.828666],[-71.422238,41.828648],[-71.422262,41.828648]]],[[[-71.422383,41.828663],[-71.422336,41.828682],[-71.422335,41.828664],[-71.422383,41.828663]]],[[[-71.428593,41.828568],[-71.428544,41.828551],[-71.428592,41.82855],[-71.428593,41.828568]]],[[[-71.422457,41.828698],[-71.422432,41.82868],[-71.422456,41.82868],[-71.422457,41.828698]]],[[[-71.422577,41.828695],[-71.422529,41.828714],[-71.422529,41.828696],[-71.422577,41.828695]]],[[[-71.428136,41.828596],[-71.428113,41.828614],[-71.428112,41.828596],[-71.428136,41.828596]]],[[[-71.42265,41.828711],[-71.422626,41.82873],[-71.422626,41.828712],[-71.42265,41.828711]]],[[[-71.427921,41.828636],[-71.427872,41.828619],[-71.42792,41.828618],[-71.427921,41.828636]]],[[[-71.422747,41.828745],[-71.422699,41.828728],[-71.422747,41.828727],[-71.422747,41.828745]]],[[[-71.422844,41.828743],[-71.422772,41.828763],[-71.422771,41.828745],[-71.422844,41.828743]]],[[[-71.427729,41.828658],[-71.427706,41.828677],[-71.427705,41.828659],[-71.427729,41.828658]]],[[[-71.422892,41.82876],[-71.422845,41.828779],[-71.422844,41.828761],[-71.422892,41.82876]]],[[[-71.422942,41.828795],[-71.422917,41.828778],[-71.422941,41.828777],[-71.422942,41.828795]]],[[[-71.427515,41.828717],[-71.42749,41.828699],[-71.427514,41.828699],[-71.427515,41.828717]]],[[[-71.423111,41.82881],[-71.423088,41.828828],[-71.423087,41.82881],[-71.423111,41.82881]]],[[[-71.427299,41.828739],[-71.427275,41.828758],[-71.427275,41.82874],[-71.427299,41.828739]]],[[[-71.427203,41.828759],[-71.42718,41.828778],[-71.427179,41.82876],[-71.427203,41.828759]]],[[[-71.427108,41.828797],[-71.427084,41.82878],[-71.427108,41.828779],[-71.427108,41.828797]]],[[[-71.423379,41.828876],[-71.423354,41.828859],[-71.423378,41.828858],[-71.423379,41.828876]]],[[[-71.427036,41.828799],[-71.427013,41.828817],[-71.427012,41.828799],[-71.427036,41.828799]]],[[[-71.423451,41.828875],[-71.423427,41.828893],[-71.423427,41.828875],[-71.423451,41.828875]]],[[[-71.426965,41.828818],[-71.426941,41.828837],[-71.426941,41.828819],[-71.426965,41.828818]]],[[[-71.423524,41.828909],[-71.4235,41.828892],[-71.423524,41.828891],[-71.423524,41.828909]]],[[[-71.423621,41.828925],[-71.423596,41.828908],[-71.42362,41.828907],[-71.423621,41.828925]]],[[[-71.426749,41.828859],[-71.426726,41.828878],[-71.426725,41.82886],[-71.426749,41.828859]]],[[[-71.423717,41.828923],[-71.42367,41.828942],[-71.423669,41.828924],[-71.423717,41.828923]]],[[[-71.42379,41.82894],[-71.423743,41.828959],[-71.423742,41.828941],[-71.42379,41.82894]]],[[[-71.423888,41.828974],[-71.423839,41.828957],[-71.423887,41.828956],[-71.423888,41.828974]]],[[[-71.424009,41.828989],[-71.423936,41.828973],[-71.424008,41.828971],[-71.424009,41.828989]]],[[[-71.424081,41.828987],[-71.424034,41.829007],[-71.424033,41.828989],[-71.424081,41.828987]]],[[[-71.427979,41.828905],[-71.427908,41.828925],[-71.427907,41.828907],[-71.427979,41.828905]]],[[[-71.426367,41.828939],[-71.426344,41.828958],[-71.426343,41.82894],[-71.426367,41.828939]]],[[[-71.424179,41.829021],[-71.42413,41.829004],[-71.424178,41.829003],[-71.424179,41.829021]]],[[[-71.426129,41.828998],[-71.426104,41.828981],[-71.426128,41.82898],[-71.426129,41.828998]]],[[[-71.424275,41.829019],[-71.424228,41.829038],[-71.424227,41.82902],[-71.424275,41.829019]]],[[[-71.424348,41.829036],[-71.424324,41.829054],[-71.424324,41.829036],[-71.424348,41.829036]]],[[[-71.426032,41.829],[-71.426009,41.829019],[-71.426008,41.829001],[-71.426032,41.829]]],[[[-71.424445,41.82907],[-71.424421,41.829052],[-71.424445,41.829052],[-71.424445,41.82907]]],[[[-71.422929,41.829102],[-71.422905,41.829084],[-71.422929,41.829084],[-71.422929,41.829102]]],[[[-71.425937,41.82902],[-71.425913,41.829039],[-71.425913,41.829021],[-71.425937,41.82902]]],[[[-71.424542,41.829068],[-71.424518,41.829086],[-71.424518,41.829068],[-71.424542,41.829068]]],[[[-71.425841,41.82904],[-71.425818,41.829059],[-71.425817,41.829041],[-71.425841,41.82904]]],[[[-71.424712,41.8291],[-71.424639,41.829084],[-71.424711,41.829082],[-71.424712,41.8291]]],[[[-71.425746,41.829078],[-71.425721,41.829061],[-71.425746,41.82906],[-71.425746,41.829078]]],[[[-71.424904,41.829096],[-71.424833,41.829116],[-71.424832,41.829098],[-71.424904,41.829096]]],[[[-71.425626,41.829081],[-71.425603,41.829099],[-71.425602,41.829081],[-71.425626,41.829081]]],[[[-71.425001,41.829112],[-71.424978,41.829131],[-71.424977,41.829113],[-71.425001,41.829112]]],[[[-71.427215,41.829083],[-71.427191,41.829066],[-71.427215,41.829065],[-71.427215,41.829083]]],[[[-71.425243,41.829143],[-71.425146,41.829127],[-71.425242,41.829125],[-71.425243,41.829143]]],[[[-71.414088,41.82646],[-71.41392,41.826464],[-71.413919,41.826446],[-71.414063,41.826425],[-71.414088,41.82646]]],[[[-71.414234,41.826493],[-71.414186,41.826494],[-71.414136,41.826459],[-71.414208,41.826458],[-71.414234,41.826493]]],[[[-71.414283,41.82651],[-71.414259,41.826529],[-71.414259,41.826511],[-71.414283,41.82651]]],[[[-71.414307,41.826528],[-71.414382,41.82658],[-71.414383,41.826616],[-71.414285,41.826564],[-71.414307,41.826528]]],[[[-71.414482,41.826686],[-71.414485,41.826758],[-71.41451,41.826794],[-71.414461,41.826777],[-71.414383,41.826616],[-71.414482,41.826686]]],[[[-71.414489,41.826884],[-71.414465,41.826867],[-71.414487,41.82683],[-71.414489,41.826884]]],[[[-71.41385,41.827168],[-71.413826,41.827186],[-71.413826,41.827168],[-71.41385,41.827168]]],[[[-71.416572,41.8272],[-71.416501,41.82722],[-71.4165,41.827202],[-71.416572,41.8272]]],[[[-71.416646,41.827235],[-71.416621,41.827217],[-71.416645,41.827217],[-71.416646,41.827235]]],[[[-71.416719,41.827251],[-71.416694,41.827234],[-71.416718,41.827233],[-71.416719,41.827251]]],[[[-71.416791,41.82725],[-71.416768,41.827268],[-71.416767,41.82725],[-71.416791,41.82725]]],[[[-71.41684,41.827267],[-71.416816,41.827285],[-71.416816,41.827267],[-71.41684,41.827267]]],[[[-71.416913,41.827283],[-71.416865,41.827302],[-71.416864,41.827284],[-71.416913,41.827283]]],[[[-71.416989,41.82739],[-71.416913,41.827301],[-71.417253,41.827366],[-71.417208,41.827457],[-71.416989,41.82739]]],[[[-71.418107,41.827655],[-71.418034,41.827638],[-71.418106,41.827637],[-71.418107,41.827655]]],[[[-71.418179,41.827653],[-71.418107,41.827673],[-71.418107,41.827655],[-71.418179,41.827653]]],[[[-71.418252,41.827669],[-71.418228,41.827688],[-71.418228,41.82767],[-71.418252,41.827669]]],[[[-71.418446,41.827719],[-71.418423,41.827738],[-71.418422,41.82772],[-71.418446,41.827719]]],[[[-71.418472,41.827755],[-71.418447,41.827737],[-71.418471,41.827737],[-71.418472,41.827755]]],[[[-71.41852,41.827772],[-71.418496,41.827754],[-71.41852,41.827754],[-71.41852,41.827772]]],[[[-71.418813,41.827874],[-71.41852,41.827772],[-71.418593,41.82777],[-71.418813,41.827874]]],[[[-71.418838,41.827891],[-71.418813,41.827874],[-71.418837,41.827873],[-71.418838,41.827891]]],[[[-71.418911,41.827908],[-71.418862,41.827891],[-71.41891,41.82789],[-71.418911,41.827908]]],[[[-71.418959,41.827907],[-71.418912,41.827926],[-71.418911,41.827908],[-71.418959,41.827907]]],[[[-71.419008,41.827942],[-71.418984,41.827924],[-71.419008,41.827924],[-71.419008,41.827942]]],[[[-71.419105,41.827958],[-71.419032,41.827941],[-71.419105,41.82794],[-71.419105,41.827958]]],[[[-71.419153,41.827957],[-71.419106,41.827976],[-71.419105,41.827958],[-71.419153,41.827957]]],[[[-71.419226,41.827973],[-71.419179,41.827992],[-71.419178,41.827974],[-71.419226,41.827973]]],[[[-71.419275,41.82799],[-71.419252,41.828009],[-71.419251,41.827991],[-71.419275,41.82799]]],[[[-71.419397,41.828024],[-71.419324,41.828007],[-71.419396,41.828006],[-71.419397,41.828024]]],[[[-71.419494,41.82804],[-71.419421,41.828023],[-71.419493,41.828022],[-71.419494,41.82804]]],[[[-71.419566,41.828038],[-71.419494,41.828058],[-71.419494,41.82804],[-71.419566,41.828038]]],[[[-71.419567,41.828074],[-71.419615,41.828055],[-71.419615,41.828073],[-71.419567,41.828074]]],[[[-71.419664,41.828072],[-71.419616,41.828091],[-71.419615,41.828073],[-71.419664,41.828072]]],[[[-71.419737,41.828106],[-71.419688,41.828089],[-71.419736,41.828088],[-71.419737,41.828106]]],[[[-71.419737,41.828106],[-71.41981,41.828123],[-71.419738,41.828124],[-71.419737,41.828106]]],[[[-71.419858,41.828122],[-71.419811,41.828141],[-71.41981,41.828123],[-71.419858,41.828122]]],[[[-71.419859,41.828158],[-71.419907,41.828139],[-71.419908,41.828157],[-71.419859,41.828158]]],[[[-71.419956,41.828156],[-71.419932,41.828174],[-71.419932,41.828156],[-71.419956,41.828156]]],[[[-71.420053,41.82819],[-71.41998,41.828173],[-71.420053,41.828172],[-71.420053,41.82819]]],[[[-71.420053,41.82819],[-71.420102,41.828207],[-71.420054,41.828208],[-71.420053,41.82819]]],[[[-71.420174,41.828205],[-71.420103,41.828225],[-71.420102,41.828207],[-71.420174,41.828205]]],[[[-71.420176,41.828241],[-71.420247,41.828222],[-71.420248,41.82824],[-71.420176,41.828241]]],[[[-71.420296,41.828239],[-71.420249,41.828258],[-71.420248,41.82824],[-71.420296,41.828239]]],[[[-71.420345,41.828274],[-71.420297,41.828257],[-71.420345,41.828256],[-71.420345,41.828274]]],[[[-71.420394,41.828291],[-71.42037,41.828273],[-71.420394,41.828273],[-71.420394,41.828291]]],[[[-71.420442,41.82829],[-71.420419,41.828308],[-71.420418,41.82829],[-71.420442,41.82829]]],[[[-71.420515,41.828306],[-71.420492,41.828325],[-71.420491,41.828307],[-71.420515,41.828306]]],[[[-71.420588,41.828323],[-71.420565,41.828341],[-71.420564,41.828323],[-71.420588,41.828323]]],[[[-71.420662,41.828357],[-71.420613,41.82834],[-71.420661,41.828339],[-71.420662,41.828357]]],[[[-71.421365,41.828486],[-71.42134,41.828469],[-71.421364,41.828468],[-71.421365,41.828486]]],[[[-71.420283,41.828527],[-71.420259,41.828546],[-71.420259,41.828528],[-71.420283,41.828527]]],[[[-71.421607,41.828517],[-71.421584,41.828536],[-71.421583,41.828518],[-71.421607,41.828517]]],[[[-71.421183,41.82876],[-71.421159,41.828779],[-71.421159,41.828761],[-71.421183,41.82876]]],[[[-71.421523,41.828843],[-71.421498,41.828826],[-71.421522,41.828825],[-71.421523,41.828843]]],[[[-71.413587,41.826579],[-71.413562,41.826561],[-71.413586,41.826561],[-71.413587,41.826579]]],[[[-71.413563,41.826579],[-71.413539,41.826598],[-71.413539,41.82658],[-71.413563,41.826579]]],[[[-71.413515,41.826598],[-71.413492,41.826617],[-71.413491,41.826599],[-71.413515,41.826598]]],[[[-71.413469,41.826635],[-71.41342,41.826618],[-71.413468,41.826617],[-71.413469,41.826635]]],[[[-71.413373,41.826655],[-71.41342,41.826636],[-71.413421,41.826654],[-71.413373,41.826655]]],[[[-71.413373,41.826655],[-71.413326,41.826674],[-71.413325,41.826656],[-71.413373,41.826655]]],[[[-71.413326,41.826674],[-71.413302,41.826693],[-71.413301,41.826675],[-71.413326,41.826674]]],[[[-71.413183,41.826731],[-71.413134,41.826714],[-71.413183,41.826713],[-71.413183,41.826731]]],[[[-71.413112,41.826751],[-71.413063,41.826734],[-71.413111,41.826733],[-71.413112,41.826751]]],[[[-71.413064,41.82677],[-71.413015,41.826753],[-71.413064,41.826752],[-71.413064,41.82677]]],[[[-71.413017,41.826789],[-71.412968,41.826772],[-71.413016,41.826771],[-71.413017,41.826789]]],[[[-71.412945,41.826808],[-71.412921,41.826791],[-71.412945,41.82679],[-71.412945,41.826808]]],[[[-71.412897,41.826809],[-71.41285,41.826828],[-71.412849,41.82681],[-71.412897,41.826809]]],[[[-71.412826,41.826829],[-71.412802,41.826848],[-71.412802,41.82683],[-71.412826,41.826829]]],[[[-71.412779,41.826866],[-71.41273,41.826849],[-71.412778,41.826848],[-71.412779,41.826866]]],[[[-71.412731,41.826885],[-71.412683,41.826868],[-71.412731,41.826867],[-71.412731,41.826885]]],[[[-71.41266,41.826905],[-71.412611,41.826888],[-71.412659,41.826887],[-71.41266,41.826905]]],[[[-71.412588,41.826906],[-71.412564,41.826925],[-71.412564,41.826907],[-71.412588,41.826906]]],[[[-71.411341,41.82704],[-71.410831,41.826943],[-71.411195,41.827007],[-71.411894,41.827029],[-71.411341,41.82704]]],[[[-71.412278,41.826985],[-71.412254,41.827003],[-71.412254,41.826985],[-71.412278,41.826985]]],[[[-71.412086,41.827025],[-71.411941,41.82701],[-71.412086,41.827007],[-71.412086,41.827025]]],[[[-71.412183,41.827023],[-71.41211,41.827006],[-71.412182,41.827005],[-71.412183,41.827023]]],[[[-71.413482,41.826995],[-71.413459,41.827014],[-71.413458,41.826996],[-71.413482,41.826995]]],[[[-71.413483,41.827013],[-71.413704,41.827135],[-71.413632,41.827136],[-71.413483,41.827013]]],[[[-71.412646,41.827175],[-71.413169,41.826984],[-71.413241,41.826982],[-71.413291,41.827035],[-71.413052,41.827076],[-71.412982,41.82715],[-71.412861,41.827134],[-71.412863,41.82717],[-71.412744,41.827209],[-71.412646,41.827175]]],[[[-71.413729,41.827152],[-71.413704,41.827135],[-71.413728,41.827134],[-71.413729,41.827152]]],[[[-71.412599,41.827194],[-71.41255,41.827177],[-71.412598,41.827176],[-71.412599,41.827194]]],[[[-71.411058,41.827208],[-71.411034,41.827227],[-71.411034,41.827209],[-71.411058,41.827208]]],[[[-71.411131,41.827225],[-71.411107,41.827243],[-71.411107,41.827225],[-71.411131,41.827225]]],[[[-71.41255,41.827195],[-71.412503,41.827214],[-71.412502,41.827196],[-71.41255,41.827195]]],[[[-71.411326,41.827293],[-71.411301,41.827275],[-71.411325,41.827275],[-71.411326,41.827293]]],[[[-71.411326,41.827293],[-71.411399,41.827309],[-71.411327,41.827311],[-71.411326,41.827293]]],[[[-71.411591,41.827287],[-71.412096,41.827277],[-71.412097,41.827295],[-71.411592,41.827323],[-71.411591,41.827287]]],[[[-71.410849,41.828059],[-71.410826,41.828078],[-71.410825,41.82806],[-71.410849,41.828059]]],[[[-71.410875,41.828113],[-71.410852,41.828131],[-71.410851,41.828113],[-71.410875,41.828113]]],[[[-71.410902,41.828184],[-71.410877,41.828167],[-71.410901,41.828166],[-71.410902,41.828184]]],[[[-71.410928,41.828238],[-71.410903,41.82822],[-71.410927,41.82822],[-71.410928,41.828238]]],[[[-71.411317,41.829617],[-71.411297,41.829725],[-71.411293,41.829617],[-71.411317,41.829617]]],[[[-71.411322,41.829743],[-71.411403,41.829993],[-71.411409,41.830155],[-71.411357,41.830048],[-71.411322,41.829743]]],[[[-71.411241,41.830159],[-71.411217,41.830177],[-71.411217,41.830159],[-71.411241,41.830159]]],[[[-71.411439,41.830316],[-71.411409,41.830155],[-71.411433,41.830154],[-71.411439,41.830316]]],[[[-71.411439,41.830316],[-71.41147,41.830478],[-71.411446,41.830478],[-71.411439,41.830316]]],[[[-71.411299,41.830427],[-71.411276,41.830464],[-71.411275,41.830428],[-71.411299,41.830427]]],[[[-71.411328,41.830553],[-71.411306,41.830607],[-71.411304,41.830553],[-71.411328,41.830553]]],[[[-71.411357,41.830678],[-71.411335,41.830751],[-71.411333,41.830679],[-71.411357,41.830678]]],[[[-71.411389,41.830894],[-71.411361,41.830786],[-71.411385,41.830786],[-71.411389,41.830894]]],[[[-71.411567,41.831142],[-71.411494,41.830477],[-71.411617,41.831195],[-71.411567,41.831142]]],[[[-71.411414,41.830911],[-71.411394,41.83102],[-71.41139,41.830912],[-71.411414,41.830911]]],[[[-71.411446,41.831127],[-71.411418,41.831019],[-71.411442,41.831019],[-71.411446,41.831127]]],[[[-71.411458,41.831451],[-71.411446,41.831145],[-71.411471,41.831144],[-71.411502,41.831342],[-71.411458,41.831451]]],[[[-71.411426,41.831884],[-71.411403,41.831902],[-71.411402,41.831884],[-71.411426,41.831884]]],[[[-71.411526,41.83199],[-71.411502,41.831972],[-71.411526,41.831972],[-71.411526,41.83199]]],[[[-71.411504,41.832044],[-71.41149,41.832297],[-71.411446,41.832424],[-71.41144,41.832244],[-71.411504,41.832044]]],[[[-71.411293,41.832841],[-71.411272,41.832914],[-71.411269,41.832842],[-71.411293,41.832841]]],[[[-71.411351,41.833092],[-71.411412,41.832785],[-71.411458,41.832748],[-71.411398,41.833073],[-71.411351,41.833092]]],[[[-71.409473,41.826053],[-71.40945,41.826071],[-71.409449,41.826053],[-71.409473,41.826053]]],[[[-71.409499,41.826088],[-71.409474,41.826071],[-71.409498,41.82607],[-71.409499,41.826088]]],[[[-71.409499,41.826088],[-71.409523,41.826106],[-71.409499,41.826106],[-71.409499,41.826088]]],[[[-71.409547,41.826105],[-71.409524,41.826124],[-71.409523,41.826106],[-71.409547,41.826105]]],[[[-71.409549,41.826141],[-71.409572,41.826123],[-71.409573,41.826141],[-71.409549,41.826141]]],[[[-71.409597,41.82614],[-71.409574,41.826159],[-71.409573,41.826141],[-71.409597,41.82614]]],[[[-71.409622,41.826176],[-71.409598,41.826158],[-71.409622,41.826158],[-71.409622,41.826176]]],[[[-71.409622,41.826176],[-71.409647,41.826193],[-71.409623,41.826194],[-71.409622,41.826176]]],[[[-71.409671,41.826193],[-71.409648,41.826211],[-71.409647,41.826193],[-71.409671,41.826193]]],[[[-71.409672,41.826229],[-71.409696,41.82621],[-71.409697,41.826228],[-71.409672,41.826229]]],[[[-71.409721,41.826228],[-71.409697,41.826246],[-71.409697,41.826228],[-71.409721,41.826228]]],[[[-71.409746,41.826263],[-71.409721,41.826246],[-71.409745,41.826245],[-71.409746,41.826263]]],[[[-71.409746,41.826263],[-71.409771,41.826281],[-71.409747,41.826281],[-71.409746,41.826263]]],[[[-71.409795,41.82628],[-71.409771,41.826299],[-71.409771,41.826281],[-71.409795,41.82628]]],[[[-71.409797,41.826334],[-71.40982,41.826298],[-71.409821,41.826334],[-71.409797,41.826334]]],[[[-71.409869,41.826333],[-71.409822,41.826352],[-71.409821,41.826334],[-71.409869,41.826333]]],[[[-71.409895,41.826386],[-71.40987,41.826369],[-71.409894,41.826368],[-71.409895,41.826386]]],[[[-71.409895,41.826386],[-71.40992,41.826404],[-71.409896,41.826404],[-71.409895,41.826386]]],[[[-71.409944,41.826403],[-71.409921,41.826422],[-71.40992,41.826404],[-71.409944,41.826403]]],[[[-71.409945,41.826439],[-71.409969,41.826421],[-71.409969,41.826439],[-71.409945,41.826439]]],[[[-71.409993,41.826438],[-71.40997,41.826457],[-71.409969,41.826439],[-71.409993,41.826438]]],[[[-71.410019,41.826474],[-71.409994,41.826456],[-71.410018,41.826456],[-71.410019,41.826474]]],[[[-71.410019,41.826474],[-71.410044,41.826491],[-71.410019,41.826492],[-71.410019,41.826474]]],[[[-71.409538,41.826502],[-71.409515,41.82652],[-71.409514,41.826502],[-71.409538,41.826502]]],[[[-71.410092,41.826508],[-71.410069,41.826527],[-71.410068,41.826509],[-71.410092,41.826508]]],[[[-71.410117,41.826526],[-71.410094,41.826544],[-71.410093,41.826526],[-71.410117,41.826526]]],[[[-71.410143,41.826561],[-71.410118,41.826544],[-71.410142,41.826543],[-71.410143,41.826561]]],[[[-71.410143,41.826561],[-71.410167,41.826579],[-71.410143,41.826579],[-71.410143,41.826561]]],[[[-71.410191,41.826578],[-71.410168,41.826597],[-71.410167,41.826579],[-71.410191,41.826578]]],[[[-71.410193,41.826614],[-71.410216,41.826596],[-71.410217,41.826614],[-71.410193,41.826614]]],[[[-71.410241,41.826613],[-71.410217,41.826632],[-71.410217,41.826614],[-71.410241,41.826613]]],[[[-71.410266,41.826649],[-71.410241,41.826631],[-71.410266,41.826631],[-71.410266,41.826649]]],[[[-71.410266,41.826649],[-71.410291,41.826666],[-71.410267,41.826667],[-71.410266,41.826649]]],[[[-71.410315,41.826666],[-71.410292,41.826684],[-71.410291,41.826666],[-71.410315,41.826666]]],[[[-71.410316,41.826702],[-71.41034,41.826683],[-71.41034,41.826701],[-71.410316,41.826702]]],[[[-71.410364,41.826701],[-71.410341,41.826719],[-71.41034,41.826701],[-71.410364,41.826701]]],[[[-71.409869,41.826963],[-71.409716,41.82675],[-71.409917,41.826962],[-71.409869,41.826963]]],[[[-71.410082,41.826887],[-71.410057,41.826851],[-71.410081,41.826851],[-71.410082,41.826887]]],[[[-71.410107,41.826886],[-71.410084,41.826923],[-71.410082,41.826887],[-71.410107,41.826886]]],[[[-71.410831,41.826943],[-71.410759,41.826944],[-71.410709,41.826909],[-71.410806,41.826907],[-71.410831,41.826943]]],[[[-71.410133,41.82694],[-71.41011,41.826976],[-71.410109,41.82694],[-71.410133,41.82694]]],[[[-71.410159,41.827011],[-71.410134,41.826976],[-71.410158,41.826975],[-71.410159,41.827011]]],[[[-71.410159,41.827011],[-71.410185,41.827047],[-71.410161,41.827047],[-71.410159,41.827011]]],[[[-71.410209,41.827046],[-71.410186,41.827083],[-71.410185,41.827047],[-71.410209,41.827046]]],[[[-71.41072,41.827828],[-71.410696,41.827846],[-71.410696,41.827828],[-71.41072,41.827828]]],[[[-71.410746,41.827881],[-71.410723,41.8279],[-71.410722,41.827882],[-71.410746,41.827881]]],[[[-71.410772,41.827935],[-71.410747,41.827917],[-71.410771,41.827917],[-71.410772,41.827935]]],[[[-71.410798,41.827988],[-71.410773,41.827971],[-71.410797,41.82797],[-71.410798,41.827988]]],[[[-71.410631,41.828028],[-71.410608,41.828046],[-71.410607,41.828028],[-71.410631,41.828028]]],[[[-71.410824,41.828024],[-71.4108,41.828042],[-71.410799,41.828024],[-71.410824,41.828024]]],[[[-71.410657,41.828081],[-71.410634,41.8281],[-71.410633,41.828082],[-71.410657,41.828081]]],[[[-71.410685,41.828171],[-71.410658,41.828117],[-71.410683,41.828117],[-71.410685,41.828171]]],[[[-71.410685,41.828171],[-71.410711,41.828224],[-71.410687,41.828225],[-71.410685,41.828171]]],[[[-71.410735,41.828224],[-71.410713,41.828278],[-71.410711,41.828224],[-71.410735,41.828224]]],[[[-71.410739,41.828332],[-71.410761,41.828277],[-71.410788,41.828349],[-71.410739,41.828332]]],[[[-71.40656,41.81963],[-71.40656,41.819648],[-71.406536,41.819648],[-71.406535,41.81963],[-71.40656,41.81963]]],[[[-71.406658,41.8197],[-71.406559,41.819612],[-71.406727,41.81959],[-71.406773,41.819535],[-71.406965,41.819531],[-71.406946,41.819658],[-71.406732,41.819734],[-71.406588,41.819755],[-71.406658,41.8197]]],[[[-71.406588,41.819755],[-71.406565,41.819774],[-71.406564,41.819756],[-71.406588,41.819755]]],[[[-71.406542,41.819792],[-71.406517,41.819775],[-71.406541,41.819774],[-71.406542,41.819792]]],[[[-71.406517,41.819793],[-71.406402,41.819921],[-71.40633,41.819923],[-71.406517,41.819793]]],[[[-71.407557,41.823121],[-71.407506,41.823032],[-71.407284,41.822893],[-71.406875,41.822271],[-71.406362,41.821435],[-71.406322,41.821003],[-71.406091,41.82063],[-71.405868,41.820455],[-71.405815,41.82033],[-71.405879,41.820094],[-71.405995,41.819984],[-71.406068,41.82],[-71.405949,41.820057],[-71.405958,41.820291],[-71.406058,41.820397],[-71.406295,41.820914],[-71.406468,41.821054],[-71.406564,41.821034],[-71.406561,41.820962],[-71.406609,41.820961],[-71.406817,41.820723],[-71.407103,41.820627],[-71.407175,41.820643],[-71.407174,41.820607],[-71.407558,41.820581],[-71.407704,41.820614],[-71.407731,41.820686],[-71.407925,41.820736],[-71.407995,41.82068],[-71.407988,41.820482],[-71.408038,41.820535],[-71.40811,41.820516],[-71.408177,41.820388],[-71.408364,41.820889],[-71.408461,41.820887],[-71.408459,41.820833],[-71.40858,41.820848],[-71.408754,41.821007],[-71.408827,41.821023],[-71.408874,41.820986],[-71.409024,41.821145],[-71.409238,41.821068],[-71.409288,41.821103],[-71.409198,41.821285],[-71.408943,41.821543],[-71.408945,41.821597],[-71.409018,41.821613],[-71.409267,41.821842],[-71.408974,41.821722],[-71.40905,41.821829],[-71.408879,41.82176],[-71.408832,41.821797],[-71.408859,41.821869],[-71.408552,41.822037],[-71.408579,41.822127],[-71.408362,41.822095],[-71.408292,41.822169],[-71.408217,41.822099],[-71.408172,41.82219],[-71.408231,41.822476],[-71.408301,41.822403],[-71.40827,41.822223],[-71.408318,41.822204],[-71.408324,41.822384],[-71.408743,41.822646],[-71.409097,41.82244],[-71.409218,41.822456],[-71.409342,41.822561],[-71.409344,41.822597],[-71.409199,41.8226],[-71.409076,41.822513],[-71.409004,41.822532],[-71.408939,41.822714],[-71.409086,41.822783],[-71.409113,41.822872],[-71.408993,41.822875],[-71.408747,41.822754],[-71.408679,41.822863],[-71.408468,41.822994],[-71.408423,41.823085],[-71.408452,41.823228],[-71.408385,41.823356],[-71.408357,41.823266],[-71.408191,41.823324],[-71.408183,41.823108],[-71.408133,41.823055],[-71.408036,41.823057],[-71.407939,41.823023],[-71.407962,41.822986],[-71.407742,41.822919],[-71.407484,41.822456],[-71.407385,41.822368],[-71.407382,41.822296],[-71.407479,41.822312],[-71.407457,41.822367],[-71.407556,41.822437],[-71.407608,41.822562],[-71.407802,41.822576],[-71.407926,41.822681],[-71.408171,41.822784],[-71.408159,41.82246],[-71.408084,41.822408],[-71.408082,41.822354],[-71.408154,41.822334],[-71.408149,41.822208],[-71.407942,41.821816],[-71.407499,41.821573],[-71.407332,41.821613],[-71.407318,41.821865],[-71.40781,41.822143],[-71.407984,41.822302],[-71.407791,41.822288],[-71.407765,41.822234],[-71.40767,41.822272],[-71.407546,41.822167],[-71.407329,41.822171],[-71.407327,41.822117],[-71.407281,41.822172],[-71.407297,41.821974],[-71.407148,41.821833],[-71.40717,41.821796],[-71.407269,41.821848],[-71.40717,41.821778],[-71.407177,41.821328],[-71.407103,41.821293],[-71.407148,41.821184],[-71.407051,41.821168],[-71.407095,41.821077],[-71.406877,41.821046],[-71.406614,41.821087],[-71.406653,41.821483],[-71.406803,41.821624],[-71.406939,41.822035],[-71.407092,41.822284],[-71.407141,41.822301],[-71.407163,41.822247],[-71.407216,41.822372],[-71.407338,41.822423],[-71.407316,41.82246],[-71.407267,41.822443],[-71.40727,41.822515],[-71.407393,41.822602],[-71.407446,41.822727],[-71.407492,41.822672],[-71.407496,41.82278],[-71.407542,41.822725],[-71.407591,41.822742],[-71.4076,41.822976],[-71.40775,41.823117],[-71.407704,41.82319],[-71.407557,41.823121]],[[-71.407741,41.822235],[-71.407716,41.822217],[-71.407717,41.822235],[-71.407741,41.822235]],[[-71.407269,41.821848],[-71.407293,41.821866],[-71.407293,41.821848],[-71.407269,41.821848]],[[-71.408052,41.82284],[-71.408078,41.822894],[-71.408175,41.822892],[-71.408124,41.822821],[-71.408052,41.82284]],[[-71.408604,41.822793],[-71.408625,41.822702],[-71.408455,41.822652],[-71.408462,41.82285],[-71.408511,41.822867],[-71.408556,41.822776],[-71.408604,41.822793]],[[-71.4075,41.822888],[-71.407522,41.822816],[-71.407498,41.822816],[-71.4075,41.822888]],[[-71.407981,41.82286],[-71.408004,41.822841],[-71.40798,41.822842],[-71.407981,41.82286]],[[-71.40889,41.822697],[-71.408913,41.822678],[-71.408889,41.822679],[-71.40889,41.822697]],[[-71.407195,41.822444],[-71.407241,41.822407],[-71.407193,41.822408],[-71.407195,41.822444]],[[-71.408505,41.822056],[-71.408528,41.822038],[-71.408504,41.822038],[-71.408505,41.822056]],[[-71.408332,41.821952],[-71.408378,41.821879],[-71.408329,41.82188],[-71.408332,41.821952]],[[-71.408017,41.821887],[-71.40804,41.821868],[-71.408016,41.821869],[-71.408017,41.821887]],[[-71.408445,41.821752],[-71.408517,41.82175],[-71.408633,41.821621],[-71.408411,41.8215],[-71.408365,41.821537],[-71.408377,41.821861],[-71.408448,41.821842],[-71.408445,41.821752]],[[-71.408011,41.821725],[-71.408034,41.821706],[-71.40801,41.821707],[-71.408011,41.821725]],[[-71.407789,41.821585],[-71.407814,41.821621],[-71.407862,41.82162],[-71.407861,41.821584],[-71.407789,41.821585]],[[-71.408363,41.821483],[-71.408313,41.82143],[-71.408315,41.821484],[-71.408363,41.821483]],[[-71.406553,41.821377],[-71.406575,41.82134],[-71.406551,41.821341],[-71.406553,41.821377]],[[-71.407416,41.821269],[-71.407438,41.821214],[-71.407414,41.821215],[-71.407416,41.821269]],[[-71.407535,41.82123],[-71.40753,41.821104],[-71.407458,41.821106],[-71.407463,41.82125],[-71.407535,41.82123]],[[-71.40753,41.821104],[-71.407553,41.821086],[-71.407529,41.821086],[-71.40753,41.821104]],[[-71.407458,41.821106],[-71.407433,41.821088],[-71.407434,41.821106],[-71.407458,41.821106]]],[[[-71.407517,41.823968],[-71.40683,41.822992],[-71.406306,41.822517],[-71.406279,41.822427],[-71.406156,41.822358],[-71.406179,41.822321],[-71.406698,41.822689],[-71.406874,41.822883],[-71.407357,41.823558],[-71.407412,41.823737],[-71.407511,41.823824],[-71.407517,41.823968]]],[[[-71.408076,41.824101],[-71.407856,41.824015],[-71.407852,41.823925],[-71.408017,41.823832],[-71.408015,41.823778],[-71.407845,41.823727],[-71.407704,41.82319],[-71.407829,41.823295],[-71.407833,41.823421],[-71.408065,41.823813],[-71.408043,41.823885],[-71.408177,41.824225],[-71.408158,41.824369],[-71.408076,41.824101]]],[[[-71.407517,41.823968],[-71.407734,41.823982],[-71.407761,41.824071],[-71.407666,41.824091],[-71.407644,41.824146],[-71.407517,41.823968]]],[[[-71.407693,41.824163],[-71.407669,41.824181],[-71.407669,41.824163],[-71.407693,41.824163]]],[[[-71.407719,41.824216],[-71.407695,41.824235],[-71.407695,41.824217],[-71.407719,41.824216]]],[[[-71.407745,41.824288],[-71.407721,41.82427],[-71.407745,41.82427],[-71.407745,41.824288]]],[[[-71.408183,41.824405],[-71.408159,41.824387],[-71.408183,41.824387],[-71.408183,41.824405]]],[[[-71.408208,41.824422],[-71.408185,41.824459],[-71.408184,41.824423],[-71.408208,41.824422]]],[[[-71.408211,41.824494],[-71.408233,41.824458],[-71.408235,41.824494],[-71.408211,41.824494]]],[[[-71.40826,41.824511],[-71.408237,41.824548],[-71.408235,41.824512],[-71.40826,41.824511]]],[[[-71.408286,41.824583],[-71.408261,41.824547],[-71.408285,41.824547],[-71.408286,41.824583]]],[[[-71.408286,41.824583],[-71.408312,41.824618],[-71.408288,41.824619],[-71.408286,41.824583]]],[[[-71.408336,41.824636],[-71.408314,41.824672],[-71.408312,41.824636],[-71.408336,41.824636]]],[[[-71.408185,41.825089],[-71.407881,41.824681],[-71.407903,41.824627],[-71.4078,41.824449],[-71.407701,41.824379],[-71.407722,41.824306],[-71.408185,41.825089]]],[[[-71.408363,41.824707],[-71.408338,41.82469],[-71.408363,41.824689],[-71.408363,41.824707]]],[[[-71.408388,41.824725],[-71.408365,41.824743],[-71.408364,41.824725],[-71.408388,41.824725]]],[[[-71.408415,41.824796],[-71.408389,41.824761],[-71.408413,41.82476],[-71.408415,41.824796]]],[[[-71.40844,41.824832],[-71.408415,41.824814],[-71.408439,41.824814],[-71.40844,41.824832]]],[[[-71.408465,41.824849],[-71.408442,41.824886],[-71.408441,41.82485],[-71.408465,41.824849]]],[[[-71.408468,41.824921],[-71.40849,41.824885],[-71.408492,41.824921],[-71.408468,41.824921]]],[[[-71.408516,41.824938],[-71.408494,41.824975],[-71.408492,41.824939],[-71.408516,41.824938]]],[[[-71.408544,41.825028],[-71.408518,41.824974],[-71.408542,41.824974],[-71.408544,41.825028]]],[[[-71.408544,41.825028],[-71.408569,41.825063],[-71.408545,41.825064],[-71.408544,41.825028]]],[[[-71.408209,41.825089],[-71.408186,41.825107],[-71.408185,41.825089],[-71.408209,41.825089]]],[[[-71.408593,41.825063],[-71.408571,41.825117],[-71.408569,41.825063],[-71.408593,41.825063]]],[[[-71.408647,41.825206],[-71.408597,41.825171],[-71.408595,41.825117],[-71.408645,41.825152],[-71.408647,41.825206]]],[[[-71.408826,41.82549],[-71.408777,41.825455],[-71.408825,41.825454],[-71.408826,41.82549]]],[[[-71.408826,41.82549],[-71.408851,41.825526],[-71.408827,41.825526],[-71.408826,41.82549]]],[[[-71.408875,41.825525],[-71.408852,41.825544],[-71.408851,41.825526],[-71.408875,41.825525]]],[[[-71.408901,41.825561],[-71.408878,41.825579],[-71.408877,41.825561],[-71.408901,41.825561]]],[[[-71.408926,41.825578],[-71.408902,41.825597],[-71.408902,41.825579],[-71.408926,41.825578]]],[[[-71.408952,41.825631],[-71.408927,41.825614],[-71.408951,41.825613],[-71.408952,41.825631]]],[[[-71.409002,41.825684],[-71.408977,41.825667],[-71.409001,41.825666],[-71.409002,41.825684]]],[[[-71.409076,41.825737],[-71.409053,41.825755],[-71.409052,41.825737],[-71.409076,41.825737]]],[[[-71.409077,41.825773],[-71.409101,41.825754],[-71.409101,41.825772],[-71.409077,41.825773]]],[[[-71.409126,41.825772],[-71.409102,41.82579],[-71.409101,41.825772],[-71.409126,41.825772]]],[[[-71.409152,41.825825],[-71.409127,41.825808],[-71.409151,41.825807],[-71.409152,41.825825]]],[[[-71.409152,41.825825],[-71.409176,41.825843],[-71.409152,41.825843],[-71.409152,41.825825]]],[[[-71.4092,41.825842],[-71.409177,41.825861],[-71.409176,41.825843],[-71.4092,41.825842]]],[[[-71.409202,41.825878],[-71.409225,41.82586],[-71.409226,41.825878],[-71.409202,41.825878]]],[[[-71.40925,41.825877],[-71.409227,41.825896],[-71.409226,41.825878],[-71.40925,41.825877]]],[[[-71.408938,41.82592],[-71.408914,41.825902],[-71.408938,41.825902],[-71.408938,41.82592]]],[[[-71.409275,41.825913],[-71.409251,41.825895],[-71.409275,41.825895],[-71.409275,41.825913]]],[[[-71.409088,41.826043],[-71.409015,41.826044],[-71.409013,41.82599],[-71.409037,41.82599],[-71.409088,41.826043]]],[[[-71.409399,41.826],[-71.409376,41.826019],[-71.409375,41.826001],[-71.409399,41.826]]],[[[-71.409424,41.826018],[-71.4094,41.826036],[-71.4094,41.826018],[-71.409424,41.826018]]],[[[-71.409449,41.826053],[-71.409424,41.826036],[-71.409448,41.826035],[-71.409449,41.826053]]],[[[-71.409291,41.826327],[-71.409189,41.826167],[-71.409088,41.826043],[-71.40931,41.8262],[-71.409339,41.826326],[-71.409291,41.826327]]],[[[-71.409418,41.826504],[-71.409339,41.826326],[-71.409488,41.826449],[-71.409491,41.826521],[-71.409418,41.826504]]],[[[-71.403072,41.815218],[-71.403144,41.815234],[-71.403097,41.815253],[-71.403072,41.815218]]],[[[-71.403483,41.81593],[-71.403356,41.815734],[-71.403251,41.81552],[-71.403351,41.815608],[-71.403483,41.81593]]],[[[-71.400989,41.81618],[-71.400964,41.816162],[-71.400988,41.816162],[-71.400989,41.81618]]],[[[-71.403617,41.816287],[-71.403486,41.816001],[-71.403483,41.81593],[-71.403706,41.816087],[-71.403637,41.81616],[-71.40364,41.81625],[-71.403665,41.816286],[-71.403737,41.816266],[-71.403743,41.816428],[-71.403617,41.816287]]],[[[-71.403767,41.816428],[-71.403745,41.816482],[-71.403743,41.816428],[-71.403767,41.816428]]],[[[-71.403796,41.816571],[-71.403771,41.816536],[-71.403769,41.816482],[-71.403818,41.816517],[-71.403796,41.816571]]],[[[-71.401471,41.816854],[-71.401374,41.81682],[-71.401421,41.816783],[-71.401394,41.816712],[-71.401224,41.816679],[-71.401243,41.816553],[-71.40107,41.81643],[-71.401068,41.816358],[-71.400946,41.816325],[-71.400991,41.816234],[-71.401139,41.816339],[-71.40157,41.816924],[-71.401475,41.816944],[-71.401471,41.816854]]],[[[-71.40382,41.816571],[-71.403895,41.816641],[-71.403897,41.816695],[-71.40382,41.816571]]],[[[-71.403923,41.816749],[-71.403922,41.816713],[-71.403897,41.816695],[-71.40397,41.816712],[-71.403923,41.816749]]],[[[-71.403974,41.816802],[-71.403949,41.816784],[-71.403973,41.816784],[-71.403974,41.816802]]],[[[-71.401618,41.816923],[-71.401572,41.81696],[-71.40157,41.816924],[-71.401618,41.816923]]],[[[-71.401644,41.816977],[-71.401621,41.816995],[-71.40162,41.816977],[-71.401644,41.816977]]],[[[-71.401697,41.817084],[-71.401648,41.817067],[-71.401645,41.816995],[-71.401669,41.816994],[-71.401697,41.817084]]],[[[-71.401697,41.817084],[-71.401745,41.817101],[-71.401698,41.81712],[-71.401697,41.817084]]],[[[-71.401771,41.817136],[-71.401746,41.817119],[-71.40177,41.817118],[-71.401771,41.817136]]],[[[-71.401795,41.817136],[-71.401772,41.817172],[-71.401771,41.817136],[-71.401795,41.817136]]],[[[-71.401798,41.817208],[-71.40182,41.817171],[-71.401822,41.817207],[-71.401798,41.817208]]],[[[-71.401846,41.817207],[-71.401822,41.817225],[-71.401822,41.817207],[-71.401846,41.817207]]],[[[-71.401872,41.81726],[-71.401846,41.817225],[-71.40187,41.817224],[-71.401872,41.81726]]],[[[-71.401873,41.817296],[-71.401921,41.817277],[-71.401922,41.817313],[-71.401873,41.817296]]],[[[-71.401972,41.817366],[-71.401923,41.817349],[-71.401922,41.817313],[-71.401971,41.81733],[-71.401972,41.817366]]],[[[-71.401973,41.817384],[-71.401996,41.817366],[-71.401997,41.817384],[-71.401973,41.817384]]],[[[-71.402021,41.817383],[-71.401998,41.81742],[-71.401997,41.817384],[-71.402021,41.817383]]],[[[-71.405034,41.818761],[-71.404908,41.818601],[-71.40495,41.818457],[-71.404734,41.818461],[-71.404659,41.818391],[-71.404519,41.817871],[-71.404158,41.817861],[-71.404033,41.817755],[-71.404,41.817504],[-71.40387,41.817254],[-71.403982,41.817018],[-71.403974,41.81682],[-71.404073,41.81689],[-71.404053,41.816998],[-71.404178,41.817122],[-71.404335,41.817461],[-71.404407,41.817459],[-71.404458,41.817512],[-71.404438,41.817621],[-71.404614,41.817833],[-71.404569,41.817924],[-71.404643,41.817959],[-71.404771,41.818154],[-71.404852,41.818387],[-71.405068,41.818382],[-71.405087,41.818256],[-71.405113,41.818291],[-71.405208,41.818271],[-71.405323,41.818124],[-71.405444,41.81814],[-71.405519,41.81821],[-71.405615,41.81819],[-71.405581,41.817921],[-71.405683,41.818081],[-71.406019,41.818056],[-71.405862,41.818365],[-71.405814,41.818366],[-71.405817,41.818438],[-71.405696,41.818423],[-71.40565,41.818478],[-71.405657,41.818676],[-71.405338,41.81852],[-71.405267,41.81854],[-71.405269,41.818612],[-71.405152,41.818686],[-71.405051,41.818562],[-71.404978,41.818546],[-71.405131,41.818777],[-71.405034,41.818761]]],[[[-71.404039,41.819827],[-71.403394,41.819336],[-71.403361,41.819102],[-71.403213,41.818997],[-71.403109,41.818801],[-71.402861,41.81859],[-71.402832,41.818483],[-71.402631,41.818235],[-71.402458,41.81813],[-71.402481,41.818094],[-71.40253,41.818111],[-71.402502,41.818003],[-71.402022,41.817419],[-71.40265,41.818108],[-71.402921,41.818283],[-71.403004,41.818569],[-71.403104,41.818657],[-71.403183,41.818854],[-71.404135,41.819842],[-71.404039,41.819827]]],[[[-71.405281,41.818936],[-71.405255,41.818864],[-71.405495,41.818859],[-71.405517,41.818805],[-71.405638,41.81882],[-71.405641,41.818892],[-71.405452,41.818986],[-71.405385,41.819132],[-71.405481,41.81913],[-71.405738,41.819557],[-71.406049,41.819496],[-71.406148,41.819566],[-71.406243,41.819546],[-71.406198,41.819619],[-71.406293,41.819581],[-71.406295,41.819635],[-71.406487,41.819613],[-71.406537,41.819666],[-71.406419,41.819723],[-71.406226,41.819727],[-71.406125,41.819603],[-71.406052,41.819586],[-71.405812,41.819591],[-71.405741,41.819647],[-71.405645,41.819649],[-71.405539,41.819381],[-71.405387,41.819186],[-71.40512,41.819119],[-71.405068,41.819012],[-71.405086,41.818868],[-71.405156,41.818812],[-71.405237,41.819027],[-71.405335,41.819079],[-71.405306,41.818953],[-71.405378,41.818934],[-71.405281,41.818936]],[[-71.405311,41.819079],[-71.405287,41.819098],[-71.405312,41.819097],[-71.405311,41.819079]]],[[[-71.40633,41.819923],[-71.406258,41.819942],[-71.406258,41.819924],[-71.40633,41.819923]]],[[[-71.406258,41.819942],[-71.406187,41.819962],[-71.406186,41.819944],[-71.406258,41.819942]]],[[[-71.406163,41.81998],[-71.40609,41.819964],[-71.406163,41.819962],[-71.406163,41.81998]]],[[[-71.404446,41.820412],[-71.404441,41.820286],[-71.404135,41.819842],[-71.404357,41.819982],[-71.404386,41.820089],[-71.404609,41.820283],[-71.404542,41.82041],[-71.404571,41.820554],[-71.404446,41.820412]]],[[[-71.404596,41.820553],[-71.404573,41.82059],[-71.404571,41.820554],[-71.404596,41.820553]]],[[[-71.404598,41.820607],[-71.404621,41.820589],[-71.404622,41.820607],[-71.404598,41.820607]]],[[[-71.404646,41.820624],[-71.404623,41.820643],[-71.404622,41.820625],[-71.404646,41.820624]]],[[[-71.405095,41.821029],[-71.405019,41.820923],[-71.404849,41.82089],[-71.404721,41.820695],[-71.404648,41.820678],[-71.404647,41.820642],[-71.404744,41.820658],[-71.404813,41.820567],[-71.404688,41.820461],[-71.40471,41.820389],[-71.404926,41.820384],[-71.405,41.820437],[-71.404888,41.820637],[-71.404917,41.820781],[-71.405214,41.820991],[-71.405267,41.821134],[-71.405095,41.821029]]],[[[-71.405267,41.821134],[-71.405293,41.821169],[-71.405269,41.82117],[-71.405267,41.821134]]],[[[-71.405317,41.821169],[-71.405294,41.821205],[-71.405293,41.821169],[-71.405317,41.821169]]],[[[-71.405319,41.821223],[-71.405342,41.821204],[-71.405343,41.821222],[-71.405319,41.821223]]],[[[-71.405367,41.821222],[-71.405344,41.821258],[-71.405343,41.821222],[-71.405367,41.821222]]],[[[-71.405393,41.821275],[-71.405368,41.821258],[-71.405392,41.821257],[-71.405393,41.821275]]],[[[-71.405393,41.821275],[-71.405418,41.821293],[-71.405394,41.821293],[-71.405393,41.821275]]],[[[-71.405443,41.82131],[-71.405419,41.821329],[-71.405418,41.821311],[-71.405443,41.82131]]],[[[-71.405444,41.821346],[-71.405467,41.821328],[-71.405468,41.821346],[-71.405444,41.821346]]],[[[-71.405493,41.821363],[-71.405469,41.821382],[-71.405469,41.821364],[-71.405493,41.821363]]],[[[-71.405519,41.821417],[-71.405494,41.821399],[-71.405518,41.821399],[-71.405519,41.821417]]],[[[-71.405546,41.821488],[-71.40552,41.821453],[-71.405544,41.821452],[-71.405546,41.821488]]],[[[-71.40557,41.821488],[-71.405546,41.821506],[-71.405546,41.821488],[-71.40557,41.821488]]],[[[-71.388617,41.82213],[-71.388614,41.82204],[-71.388685,41.82202],[-71.388665,41.822129],[-71.388617,41.82213]]],[[[-71.405954,41.82211],[-71.405907,41.822129],[-71.405905,41.822093],[-71.405954,41.82211]]],[[[-71.40598,41.822145],[-71.405956,41.822164],[-71.405955,41.822146],[-71.40598,41.822145]]],[[[-71.407123,41.823743],[-71.406768,41.823264],[-71.406672,41.823266],[-71.406642,41.823122],[-71.406442,41.82291],[-71.406369,41.822912],[-71.406116,41.822575],[-71.405991,41.822451],[-71.40587,41.822436],[-71.405891,41.822363],[-71.405268,41.821782],[-71.405115,41.821569],[-71.404992,41.8215],[-71.40499,41.821446],[-71.404866,41.82134],[-71.404794,41.82136],[-71.404815,41.821269],[-71.404764,41.821198],[-71.404566,41.82104],[-71.404212,41.820597],[-71.404309,41.820613],[-71.404486,41.820844],[-71.404534,41.820843],[-71.404482,41.820736],[-71.404555,41.820752],[-71.404707,41.820947],[-71.404929,41.821087],[-71.405183,41.821442],[-71.405508,41.821777],[-71.405777,41.82188],[-71.405599,41.821631],[-71.405646,41.821594],[-71.405898,41.821895],[-71.405852,41.821968],[-71.405905,41.822093],[-71.405731,41.821953],[-71.405729,41.821899],[-71.405681,41.821882],[-71.405658,41.821918],[-71.406109,41.822395],[-71.406087,41.822431],[-71.405988,41.822361],[-71.40604,41.822468],[-71.406189,41.822591],[-71.406211,41.822537],[-71.406309,41.822589],[-71.406533,41.822782],[-71.406736,41.823048],[-71.406858,41.8231],[-71.407218,41.823705],[-71.407144,41.82367],[-71.407123,41.823743]]],[[[-71.405982,41.822199],[-71.406004,41.822163],[-71.406153,41.822268],[-71.40608,41.822269],[-71.405982,41.822199]]]]}},{"type":"Feature","properties":{"level_mllw":9.5,"level_navd_ft":7.03},"geometry":{"type":"MultiPolygon","coordinates":[[[[-71.428831,41.828491],[-71.428807,41.828509],[-71.428807,41.828491],[-71.428831,41.828491]]],[[[-71.428592,41.82855],[-71.428545,41.828569],[-71.428544,41.828551],[-71.428592,41.82855]]],[[[-71.428352,41.828573],[-71.428233,41.828594],[-71.428232,41.828576],[-71.428352,41.828573]]],[[[-71.428136,41.828596],[-71.428065,41.828615],[-71.428064,41.828597],[-71.428136,41.828596]]],[[[-71.42792,41.828618],[-71.427849,41.828638],[-71.427848,41.82862],[-71.42792,41.828618]]],[[[-71.427825,41.828638],[-71.427801,41.828657],[-71.427801,41.828639],[-71.427825,41.828638]]],[[[-71.427729,41.828658],[-71.427682,41.828677],[-71.427681,41.828659],[-71.427729,41.828658]]],[[[-71.427634,41.828696],[-71.427586,41.828679],[-71.427634,41.828678],[-71.427634,41.828696]]],[[[-71.427515,41.828717],[-71.427466,41.8287],[-71.427514,41.828699],[-71.427515,41.828717]]],[[[-71.427394,41.828719],[-71.427371,41.828738],[-71.42737,41.82872],[-71.427394,41.828719]]],[[[-71.427299,41.828739],[-71.427251,41.828758],[-71.427251,41.82874],[-71.427299,41.828739]]],[[[-71.427203,41.828759],[-71.427156,41.828778],[-71.427155,41.82876],[-71.427203,41.828759]]],[[[-71.427108,41.828779],[-71.427084,41.828798],[-71.427084,41.82878],[-71.427108,41.828779]]],[[[-71.427036,41.828799],[-71.426989,41.828818],[-71.426988,41.8288],[-71.427036,41.828799]]],[[[-71.426965,41.828818],[-71.426917,41.828838],[-71.426917,41.82882],[-71.426965,41.828818]]],[[[-71.426869,41.828839],[-71.426822,41.828858],[-71.426821,41.82884],[-71.426869,41.828839]]],[[[-71.426774,41.828877],[-71.426701,41.82886],[-71.426773,41.828859],[-71.426774,41.828877]]],[[[-71.428338,41.828843],[-71.428314,41.828826],[-71.428338,41.828825],[-71.428338,41.828843]]],[[[-71.428242,41.828846],[-71.428219,41.828864],[-71.428218,41.828846],[-71.428242,41.828846]]],[[[-71.423814,41.828939],[-71.423743,41.828959],[-71.423742,41.828941],[-71.423814,41.828939]]],[[[-71.423935,41.828955],[-71.42384,41.828975],[-71.423839,41.828957],[-71.423935,41.828955]]],[[[-71.423937,41.828991],[-71.424032,41.828971],[-71.424033,41.828989],[-71.423937,41.828991]]],[[[-71.428051,41.828886],[-71.428028,41.828904],[-71.428027,41.828886],[-71.428051,41.828886]]],[[[-71.427979,41.828905],[-71.427908,41.828925],[-71.427907,41.828907],[-71.427979,41.828905]]],[[[-71.424105,41.828987],[-71.424034,41.829007],[-71.424033,41.828989],[-71.424105,41.828987]]],[[[-71.426368,41.828957],[-71.426319,41.82894],[-71.426367,41.828939],[-71.426368,41.828957]]],[[[-71.427836,41.828944],[-71.427812,41.828927],[-71.427836,41.828926],[-71.427836,41.828944]]],[[[-71.426247,41.82896],[-71.4262,41.828979],[-71.426199,41.828961],[-71.426247,41.82896]]],[[[-71.424178,41.829003],[-71.424131,41.829022],[-71.42413,41.829004],[-71.424178,41.829003]]],[[[-71.426128,41.82898],[-71.42608,41.828999],[-71.42608,41.828981],[-71.426128,41.82898]]],[[[-71.424276,41.829037],[-71.424227,41.82902],[-71.424275,41.829019],[-71.424276,41.829037]]],[[[-71.426033,41.829018],[-71.425984,41.829001],[-71.426032,41.829],[-71.426033,41.829018]]],[[[-71.424372,41.829035],[-71.424324,41.829054],[-71.424324,41.829036],[-71.424372,41.829035]]],[[[-71.425937,41.82902],[-71.425913,41.829039],[-71.425913,41.829021],[-71.425937,41.82902]]],[[[-71.424469,41.829051],[-71.424421,41.82907],[-71.424421,41.829052],[-71.424469,41.829051]]],[[[-71.424566,41.829085],[-71.424518,41.829068],[-71.424566,41.829067],[-71.424566,41.829085]]],[[[-71.425842,41.829058],[-71.425817,41.829041],[-71.425841,41.82904],[-71.425842,41.829058]]],[[[-71.425746,41.82906],[-71.425698,41.829079],[-71.425697,41.829061],[-71.425746,41.82906]]],[[[-71.424759,41.829081],[-71.424639,41.829102],[-71.424639,41.829084],[-71.424759,41.829081]]],[[[-71.427382,41.829026],[-71.427358,41.829044],[-71.427358,41.829026],[-71.427382,41.829026]]],[[[-71.424904,41.829096],[-71.424833,41.829116],[-71.424832,41.829098],[-71.424904,41.829096]]],[[[-71.425626,41.829081],[-71.425578,41.8291],[-71.425578,41.829082],[-71.425626,41.829081]]],[[[-71.425049,41.829111],[-71.424978,41.829131],[-71.424977,41.829113],[-71.425049,41.829111]]],[[[-71.425338,41.829105],[-71.425314,41.829124],[-71.425314,41.829106],[-71.425338,41.829105]]],[[[-71.425507,41.829119],[-71.425482,41.829102],[-71.425506,41.829101],[-71.425507,41.829119]]],[[[-71.427215,41.829083],[-71.427191,41.829066],[-71.427215,41.829065],[-71.427215,41.829083]]],[[[-71.425242,41.829125],[-71.425147,41.829145],[-71.425146,41.829127],[-71.425242,41.829125]]],[[[-71.427095,41.829086],[-71.427072,41.829104],[-71.427071,41.829086],[-71.427095,41.829086]]],[[[-71.426904,41.829126],[-71.426881,41.829144],[-71.42688,41.829126],[-71.426904,41.829126]]],[[[-71.425948,41.829326],[-71.425924,41.829309],[-71.425948,41.829308],[-71.425948,41.829326]]],[[[-71.419566,41.828038],[-71.419494,41.82804],[-71.419421,41.828023],[-71.419566,41.828038]]],[[[-71.419615,41.828055],[-71.419567,41.828074],[-71.419567,41.828056],[-71.419615,41.828055]]],[[[-71.419616,41.828091],[-71.419688,41.828072],[-71.419688,41.828089],[-71.419616,41.828091]]],[[[-71.41981,41.828123],[-71.419738,41.828124],[-71.419688,41.828089],[-71.41976,41.828088],[-71.41981,41.828123]]],[[[-71.419859,41.82814],[-71.41981,41.828123],[-71.419858,41.828122],[-71.419859,41.82814]]],[[[-71.419859,41.82814],[-71.419932,41.828156],[-71.419859,41.828158],[-71.419859,41.82814]]],[[[-71.41998,41.828155],[-71.419932,41.828174],[-71.419932,41.828156],[-71.41998,41.828155]]],[[[-71.419981,41.828191],[-71.420077,41.828171],[-71.420102,41.828207],[-71.419981,41.828191]]],[[[-71.420174,41.828205],[-71.420103,41.828225],[-71.420102,41.828207],[-71.420174,41.828205]]],[[[-71.420176,41.828241],[-71.420247,41.828222],[-71.420248,41.82824],[-71.420176,41.828241]]],[[[-71.420296,41.828239],[-71.420249,41.828258],[-71.420248,41.82824],[-71.420296,41.828239]]],[[[-71.420297,41.828275],[-71.420345,41.828256],[-71.420345,41.828274],[-71.420297,41.828275]]],[[[-71.420418,41.828272],[-71.42037,41.828291],[-71.42037,41.828273],[-71.420418,41.828272]]],[[[-71.420467,41.828307],[-71.420418,41.82829],[-71.420466,41.828289],[-71.420467,41.828307]]],[[[-71.420516,41.828324],[-71.420491,41.828307],[-71.420515,41.828306],[-71.420516,41.828324]]],[[[-71.420588,41.828323],[-71.420565,41.828341],[-71.420564,41.828323],[-71.420588,41.828323]]],[[[-71.420661,41.828339],[-71.420614,41.828358],[-71.420613,41.82834],[-71.420661,41.828339]]],[[[-71.420734,41.828356],[-71.42071,41.828374],[-71.42071,41.828356],[-71.420734,41.828356]]],[[[-71.421365,41.828486],[-71.42134,41.828469],[-71.421364,41.828468],[-71.421365,41.828486]]],[[[-71.420283,41.828545],[-71.420259,41.828528],[-71.420283,41.828527],[-71.420283,41.828545]]],[[[-71.421631,41.828517],[-71.421584,41.828536],[-71.421583,41.828518],[-71.421631,41.828517]]],[[[-71.421704,41.828533],[-71.42168,41.828552],[-71.42168,41.828534],[-71.421704,41.828533]]],[[[-71.421801,41.828549],[-71.421753,41.828568],[-71.421753,41.82855],[-71.421801,41.828549]]],[[[-71.421874,41.828584],[-71.421826,41.828567],[-71.421874,41.828566],[-71.421874,41.828584]]],[[[-71.421995,41.828599],[-71.421898,41.828583],[-71.421995,41.828581],[-71.421995,41.828599]]],[[[-71.422043,41.828598],[-71.421996,41.828617],[-71.421995,41.828599],[-71.422043,41.828598]]],[[[-71.42214,41.828614],[-71.422069,41.828634],[-71.422068,41.828616],[-71.42214,41.828614]]],[[[-71.422189,41.828631],[-71.422142,41.82865],[-71.422141,41.828632],[-71.422189,41.828631]]],[[[-71.422286,41.828647],[-71.422239,41.828666],[-71.422238,41.828648],[-71.422286,41.828647]]],[[[-71.422383,41.828663],[-71.422336,41.828682],[-71.422335,41.828664],[-71.422383,41.828663]]],[[[-71.422504,41.828679],[-71.422433,41.828698],[-71.422432,41.82868],[-71.422504,41.828679]]],[[[-71.422601,41.828695],[-71.422529,41.828714],[-71.422529,41.828696],[-71.422601,41.828695]]],[[[-71.422675,41.828729],[-71.422626,41.828712],[-71.422674,41.828711],[-71.422675,41.828729]]],[[[-71.421183,41.828778],[-71.421159,41.828761],[-71.421183,41.82876],[-71.421183,41.828778]]],[[[-71.422699,41.828746],[-71.422941,41.828759],[-71.422966,41.828795],[-71.422699,41.828746]]],[[[-71.421522,41.828825],[-71.421499,41.828844],[-71.421498,41.828826],[-71.421522,41.828825]]],[[[-71.423038,41.828793],[-71.423015,41.828812],[-71.423014,41.828794],[-71.423038,41.828793]]],[[[-71.423111,41.82881],[-71.423088,41.828828],[-71.423087,41.82881],[-71.423111,41.82881]]],[[[-71.421886,41.82889],[-71.421863,41.828908],[-71.421862,41.82889],[-71.421886,41.82889]]],[[[-71.423378,41.828858],[-71.423354,41.828877],[-71.423354,41.828859],[-71.423378,41.828858]]],[[[-71.423475,41.828874],[-71.423427,41.828893],[-71.423427,41.828875],[-71.423475,41.828874]]],[[[-71.422129,41.828939],[-71.422056,41.828922],[-71.422128,41.828921],[-71.422129,41.828939]]],[[[-71.423548,41.828909],[-71.4235,41.828892],[-71.423548,41.828891],[-71.423548,41.828909]]],[[[-71.423645,41.828907],[-71.423597,41.828926],[-71.423596,41.828908],[-71.423645,41.828907]]],[[[-71.422298,41.828953],[-71.422274,41.828972],[-71.422274,41.828954],[-71.422298,41.828953]]],[[[-71.423717,41.828923],[-71.42367,41.828942],[-71.423669,41.828924],[-71.423717,41.828923]]],[[[-71.422419,41.828969],[-71.422395,41.828987],[-71.422395,41.828969],[-71.422419,41.828969]]],[[[-71.422613,41.829],[-71.422589,41.829019],[-71.422588,41.829001],[-71.422613,41.829]]],[[[-71.422929,41.829084],[-71.422905,41.829102],[-71.422905,41.829084],[-71.422929,41.829084]]],[[[-71.423002,41.8291],[-71.422978,41.829119],[-71.422978,41.829101],[-71.423002,41.8291]]],[[[-71.41392,41.826464],[-71.413991,41.826426],[-71.414087,41.826442],[-71.414088,41.82646],[-71.41392,41.826464]]],[[[-71.414232,41.826457],[-71.414235,41.826511],[-71.414112,41.82646],[-71.414232,41.826457]]],[[[-71.414283,41.82651],[-71.414259,41.826529],[-71.414259,41.826511],[-71.414283,41.82651]]],[[[-71.413586,41.826561],[-71.413563,41.826579],[-71.413562,41.826561],[-71.413586,41.826561]]],[[[-71.413563,41.826597],[-71.413515,41.82658],[-71.413563,41.826579],[-71.413563,41.826597]]],[[[-71.413516,41.826616],[-71.413491,41.826599],[-71.413515,41.826598],[-71.413516,41.826616]]],[[[-71.413469,41.826635],[-71.41342,41.826618],[-71.413468,41.826617],[-71.413469,41.826635]]],[[[-71.413421,41.826654],[-71.413372,41.826637],[-71.41342,41.826636],[-71.413421,41.826654]]],[[[-71.413325,41.826656],[-71.413374,41.826673],[-71.413326,41.826674],[-71.413325,41.826656]]],[[[-71.41451,41.826794],[-71.414283,41.826528],[-71.414432,41.826633],[-71.414504,41.826632],[-71.41451,41.826794]]],[[[-71.413326,41.826692],[-71.413301,41.826675],[-71.413326,41.826674],[-71.413326,41.826692]]],[[[-71.413183,41.826731],[-71.41311,41.826715],[-71.413183,41.826713],[-71.413183,41.826731]]],[[[-71.413112,41.826751],[-71.413063,41.826734],[-71.413111,41.826733],[-71.413112,41.826751]]],[[[-71.413015,41.826753],[-71.413064,41.82677],[-71.413016,41.826771],[-71.413015,41.826753]]],[[[-71.413017,41.826789],[-71.412944,41.826772],[-71.413016,41.826771],[-71.413017,41.826789]]],[[[-71.412896,41.826791],[-71.412945,41.826808],[-71.412897,41.826809],[-71.412896,41.826791]]],[[[-71.412897,41.826809],[-71.41285,41.826828],[-71.412849,41.82681],[-71.412897,41.826809]]],[[[-71.412826,41.826829],[-71.412778,41.826848],[-71.412778,41.82683],[-71.412826,41.826829]]],[[[-71.412778,41.826848],[-71.412731,41.826867],[-71.41273,41.826849],[-71.412778,41.826848]]],[[[-71.414489,41.826884],[-71.414463,41.826831],[-71.414487,41.82683],[-71.414489,41.826884]]],[[[-71.413289,41.826981],[-71.413264,41.826964],[-71.413288,41.826963],[-71.413289,41.826981]]],[[[-71.413482,41.826995],[-71.413459,41.827014],[-71.413458,41.826996],[-71.413482,41.826995]]],[[[-71.413483,41.827013],[-71.413679,41.827099],[-71.413729,41.827152],[-71.413608,41.827137],[-71.413483,41.827013]]],[[[-71.412646,41.827175],[-71.413169,41.826984],[-71.41334,41.827052],[-71.413076,41.827076],[-71.412982,41.82715],[-71.412911,41.827169],[-71.412861,41.827134],[-71.412768,41.827208],[-71.412646,41.827175]]],[[[-71.413778,41.827169],[-71.413753,41.827152],[-71.413777,41.827151],[-71.413778,41.827169]]],[[[-71.41385,41.827186],[-71.413826,41.827168],[-71.41385,41.827168],[-71.41385,41.827186]]],[[[-71.416499,41.827184],[-71.416476,41.827203],[-71.416475,41.827185],[-71.416499,41.827184]]],[[[-71.416501,41.82722],[-71.416572,41.8272],[-71.416573,41.827218],[-71.416501,41.82722]]],[[[-71.416645,41.827217],[-71.416622,41.827235],[-71.416621,41.827217],[-71.416645,41.827217]]],[[[-71.416719,41.827251],[-71.416694,41.827234],[-71.416718,41.827233],[-71.416719,41.827251]]],[[[-71.416792,41.827268],[-71.416767,41.82725],[-71.416791,41.82725],[-71.416792,41.827268]]],[[[-71.41684,41.827267],[-71.416816,41.827285],[-71.416816,41.827267],[-71.41684,41.827267]]],[[[-71.416913,41.827283],[-71.416865,41.827302],[-71.416864,41.827284],[-71.416913,41.827283]]],[[[-71.417184,41.827458],[-71.416913,41.827301],[-71.417302,41.827401],[-71.41728,41.827456],[-71.417184,41.827458]]],[[[-71.418033,41.82762],[-71.417962,41.82764],[-71.417961,41.827622],[-71.418033,41.82762]]],[[[-71.418153,41.827618],[-71.418227,41.827652],[-71.418034,41.827656],[-71.418153,41.827618]]],[[[-71.418276,41.827669],[-71.418228,41.827688],[-71.418228,41.82767],[-71.418276,41.827669]]],[[[-71.418373,41.827685],[-71.418325,41.827704],[-71.418324,41.827686],[-71.418373,41.827685]]],[[[-71.418422,41.82772],[-71.418373,41.827703],[-71.418421,41.827702],[-71.418422,41.82772]]],[[[-71.418423,41.827738],[-71.41847,41.827701],[-71.418472,41.827755],[-71.418423,41.827738]]],[[[-71.41852,41.827754],[-71.418496,41.827772],[-71.418496,41.827754],[-71.41852,41.827754]]],[[[-71.418593,41.82777],[-71.418813,41.827874],[-71.41852,41.827772],[-71.418593,41.82777]]],[[[-71.418861,41.827873],[-71.418814,41.827892],[-71.418813,41.827874],[-71.418861,41.827873]]],[[[-71.418911,41.827908],[-71.418862,41.827891],[-71.41891,41.82789],[-71.418911,41.827908]]],[[[-71.418911,41.827908],[-71.41896,41.827925],[-71.418912,41.827926],[-71.418911,41.827908]]],[[[-71.419008,41.827924],[-71.418984,41.827942],[-71.418984,41.827924],[-71.419008,41.827924]]],[[[-71.419178,41.827974],[-71.419106,41.827976],[-71.419032,41.827941],[-71.419129,41.827939],[-71.419178,41.827974]]],[[[-71.419226,41.827973],[-71.419179,41.827992],[-71.419178,41.827974],[-71.419226,41.827973]]],[[[-71.4193,41.828008],[-71.419251,41.827991],[-71.419299,41.82799],[-71.4193,41.828008]]],[[[-71.419397,41.828024],[-71.419324,41.828007],[-71.419396,41.828006],[-71.419397,41.828024]]],[[[-71.410266,41.826631],[-71.410242,41.826649],[-71.410241,41.826631],[-71.410266,41.826631]]],[[[-71.410267,41.826667],[-71.41029,41.826648],[-71.410291,41.826666],[-71.410267,41.826667]]],[[[-71.410315,41.826666],[-71.410292,41.826684],[-71.410291,41.826666],[-71.410315,41.826666]]],[[[-71.410316,41.826702],[-71.41034,41.826683],[-71.41034,41.826701],[-71.410316,41.826702]]],[[[-71.410364,41.826701],[-71.410341,41.826719],[-71.41034,41.826701],[-71.410364,41.826701]]],[[[-71.412731,41.826867],[-71.412659,41.826887],[-71.412659,41.826869],[-71.412731,41.826867]]],[[[-71.410831,41.826943],[-71.410759,41.826944],[-71.410709,41.826909],[-71.410806,41.826907],[-71.410831,41.826943]]],[[[-71.41266,41.826905],[-71.412611,41.826888],[-71.412659,41.826887],[-71.41266,41.826905]]],[[[-71.412588,41.826924],[-71.412564,41.826907],[-71.412588,41.826906],[-71.412588,41.826924]]],[[[-71.411341,41.82704],[-71.410831,41.826943],[-71.411219,41.827007],[-71.411894,41.827029],[-71.411341,41.82704]]],[[[-71.412278,41.826985],[-71.41223,41.827004],[-71.412229,41.826986],[-71.412278,41.826985]]],[[[-71.412182,41.827005],[-71.411918,41.827028],[-71.411917,41.82701],[-71.412182,41.827005]]],[[[-71.411058,41.827208],[-71.41101,41.827227],[-71.41101,41.827209],[-71.411058,41.827208]]],[[[-71.412598,41.827176],[-71.412503,41.827214],[-71.412502,41.827196],[-71.412598,41.827176]]],[[[-71.411131,41.827225],[-71.411107,41.827243],[-71.411107,41.827225],[-71.411131,41.827225]]],[[[-71.411301,41.827275],[-71.411398,41.827291],[-71.411399,41.827309],[-71.411303,41.827311],[-71.411301,41.827275]]],[[[-71.411641,41.82734],[-71.411591,41.827287],[-71.412096,41.827277],[-71.411978,41.827333],[-71.411641,41.82734]]],[[[-71.410721,41.827846],[-71.410696,41.827828],[-71.41072,41.827828],[-71.410721,41.827846]]],[[[-71.410745,41.827863],[-71.410723,41.8279],[-71.410721,41.827864],[-71.410745,41.827863]]],[[[-71.410771,41.827917],[-71.410748,41.827935],[-71.410747,41.827917],[-71.410771,41.827917]]],[[[-71.410797,41.82797],[-71.410774,41.827989],[-71.410773,41.827971],[-71.410797,41.82797]]],[[[-71.410823,41.828006],[-71.4108,41.828042],[-71.410799,41.828006],[-71.410823,41.828006]]],[[[-71.410631,41.828028],[-71.410608,41.828046],[-71.410607,41.828028],[-71.410631,41.828028]]],[[[-71.410849,41.828059],[-71.410826,41.828078],[-71.410825,41.82806],[-71.410849,41.828059]]],[[[-71.410657,41.828081],[-71.410634,41.828118],[-71.410633,41.828082],[-71.410657,41.828081]]],[[[-71.410876,41.828131],[-71.41085,41.828095],[-71.410874,41.828095],[-71.410876,41.828131]]],[[[-71.410902,41.828184],[-71.410876,41.828149],[-71.4109,41.828148],[-71.410902,41.828184]]],[[[-71.410711,41.828224],[-71.410661,41.828189],[-71.410658,41.828117],[-71.410683,41.828117],[-71.410711,41.828224]]],[[[-71.410927,41.828202],[-71.410904,41.828238],[-71.410902,41.828202],[-71.410927,41.828202]]],[[[-71.410735,41.828224],[-71.410713,41.828278],[-71.410711,41.828224],[-71.410735,41.828224]]],[[[-71.410953,41.828273],[-71.410929,41.828256],[-71.410953,41.828255],[-71.410953,41.828273]]],[[[-71.410764,41.828367],[-71.410739,41.828332],[-71.410737,41.828278],[-71.410786,41.828313],[-71.410764,41.828367]]],[[[-71.411124,41.829621],[-71.411101,41.829639],[-71.4111,41.829621],[-71.411124,41.829621]]],[[[-71.411316,41.829599],[-71.411297,41.829725],[-71.411292,41.829599],[-71.411316,41.829599]]],[[[-71.41147,41.830478],[-71.411321,41.829725],[-71.411433,41.830136],[-71.41147,41.830478]]],[[[-71.411242,41.830195],[-71.411217,41.830159],[-71.411241,41.830159],[-71.411242,41.830195]]],[[[-71.411301,41.830481],[-71.411275,41.830428],[-71.411299,41.830427],[-71.411301,41.830481]]],[[[-71.411328,41.830553],[-71.411306,41.830607],[-71.411304,41.830553],[-71.411328,41.830553]]],[[[-71.411357,41.830678],[-71.411336,41.830769],[-71.411333,41.830679],[-71.411357,41.830678]]],[[[-71.411385,41.830786],[-71.411365,41.830894],[-71.411361,41.830786],[-71.411385,41.830786]]],[[[-71.411567,41.831142],[-71.41147,41.830478],[-71.411617,41.831195],[-71.411567,41.831142]]],[[[-71.411414,41.830911],[-71.411394,41.83102],[-71.41139,41.830912],[-71.411414,41.830911]]],[[[-71.411422,41.831127],[-71.411442,41.831019],[-71.411446,41.831127],[-71.411422,41.831127]]],[[[-71.411502,41.831342],[-71.411458,41.831451],[-71.411422,41.831145],[-71.411471,41.831144],[-71.411502,41.831342]]],[[[-71.411427,41.831902],[-71.411402,41.831884],[-71.411426,41.831884],[-71.411427,41.831902]]],[[[-71.411526,41.83199],[-71.411502,41.831972],[-71.411526,41.831972],[-71.411526,41.83199]]],[[[-71.41148,41.832045],[-71.411485,41.832171],[-71.411447,41.832442],[-71.41148,41.832045]]],[[[-71.411312,41.832697],[-71.411289,41.832715],[-71.411288,41.832697],[-71.411312,41.832697]]],[[[-71.411293,41.832841],[-71.411272,41.832914],[-71.411269,41.832842],[-71.411293,41.832841]]],[[[-71.411351,41.833092],[-71.411412,41.832785],[-71.411483,41.832747],[-71.411421,41.833019],[-71.411351,41.833092]]],[[[-71.409126,41.82579],[-71.409101,41.825772],[-71.409126,41.825772],[-71.409126,41.82579]]],[[[-71.409151,41.825807],[-71.409128,41.825826],[-71.409127,41.825808],[-71.409151,41.825807]]],[[[-71.409152,41.825843],[-71.409176,41.825825],[-71.409176,41.825843],[-71.409152,41.825843]]],[[[-71.4092,41.825842],[-71.409177,41.825861],[-71.409176,41.825843],[-71.4092,41.825842]]],[[[-71.409226,41.825878],[-71.409201,41.82586],[-71.409225,41.82586],[-71.409226,41.825878]]],[[[-71.409226,41.825878],[-71.409251,41.825895],[-71.409227,41.825896],[-71.409226,41.825878]]],[[[-71.409275,41.825895],[-71.409251,41.825913],[-71.409251,41.825895],[-71.409275,41.825895]]],[[[-71.409276,41.825931],[-71.409299,41.825912],[-71.4093,41.82593],[-71.409276,41.825931]]],[[[-71.409399,41.826],[-71.409376,41.826019],[-71.409375,41.826001],[-71.409399,41.826]]],[[[-71.4094,41.826036],[-71.409424,41.826018],[-71.409424,41.826036],[-71.4094,41.826036]]],[[[-71.409448,41.826035],[-71.409425,41.826054],[-71.409424,41.826036],[-71.409448,41.826035]]],[[[-71.40945,41.826071],[-71.409473,41.826053],[-71.409474,41.826071],[-71.40945,41.826071]]],[[[-71.409498,41.82607],[-71.409475,41.826089],[-71.409474,41.826071],[-71.409498,41.82607]]],[[[-71.409523,41.826106],[-71.409499,41.826088],[-71.409523,41.826088],[-71.409523,41.826106]]],[[[-71.409523,41.826106],[-71.409548,41.826123],[-71.409524,41.826124],[-71.409523,41.826106]]],[[[-71.409572,41.826123],[-71.409549,41.826141],[-71.409548,41.826123],[-71.409572,41.826123]]],[[[-71.409574,41.826159],[-71.409597,41.82614],[-71.409598,41.826158],[-71.409574,41.826159]]],[[[-71.409622,41.826158],[-71.409598,41.826176],[-71.409598,41.826158],[-71.409622,41.826158]]],[[[-71.409647,41.826193],[-71.409622,41.826176],[-71.409646,41.826175],[-71.409647,41.826193]]],[[[-71.409647,41.826193],[-71.409672,41.826211],[-71.409648,41.826211],[-71.409647,41.826193]]],[[[-71.409696,41.82621],[-71.409672,41.826229],[-71.409672,41.826211],[-71.409696,41.82621]]],[[[-71.409697,41.826246],[-71.409721,41.826228],[-71.409721,41.826246],[-71.409697,41.826246]]],[[[-71.409418,41.826504],[-71.409113,41.826078],[-71.409015,41.826044],[-71.409013,41.82599],[-71.40931,41.8262],[-71.409339,41.826326],[-71.409539,41.82652],[-71.409418,41.826504]]],[[[-71.409746,41.826263],[-71.409721,41.826246],[-71.409745,41.826245],[-71.409746,41.826263]]],[[[-71.409746,41.826263],[-71.409771,41.826281],[-71.409747,41.826281],[-71.409746,41.826263]]],[[[-71.409795,41.82628],[-71.409771,41.826299],[-71.409771,41.826281],[-71.409795,41.82628]]],[[[-71.40987,41.826369],[-71.409797,41.826334],[-71.409795,41.826298],[-71.40987,41.826369]]],[[[-71.409894,41.826368],[-71.409871,41.826387],[-71.40987,41.826369],[-71.409894,41.826368]]],[[[-71.409896,41.826404],[-71.409919,41.826386],[-71.40992,41.826404],[-71.409896,41.826404]]],[[[-71.409944,41.826403],[-71.409921,41.826422],[-71.40992,41.826404],[-71.409944,41.826403]]],[[[-71.409945,41.826439],[-71.409969,41.826421],[-71.409969,41.826439],[-71.409945,41.826439]]],[[[-71.409993,41.826438],[-71.40997,41.826457],[-71.409969,41.826439],[-71.409993,41.826438]]],[[[-71.410019,41.826474],[-71.409994,41.826456],[-71.410018,41.826456],[-71.410019,41.826474]]],[[[-71.410019,41.826474],[-71.410044,41.826491],[-71.410019,41.826492],[-71.410019,41.826474]]],[[[-71.410068,41.826491],[-71.410044,41.826509],[-71.410044,41.826491],[-71.410068,41.826491]]],[[[-71.410069,41.826527],[-71.410092,41.826508],[-71.410093,41.826526],[-71.410069,41.826527]]],[[[-71.410117,41.826526],[-71.410094,41.826544],[-71.410093,41.826526],[-71.410117,41.826526]]],[[[-71.410118,41.826562],[-71.410142,41.826543],[-71.410143,41.826561],[-71.410118,41.826562]]],[[[-71.410167,41.826561],[-71.410143,41.826579],[-71.410143,41.826561],[-71.410167,41.826561]]],[[[-71.410168,41.826597],[-71.410191,41.826578],[-71.410192,41.826596],[-71.410168,41.826597]]],[[[-71.410216,41.826596],[-71.410193,41.826614],[-71.410192,41.826596],[-71.410216,41.826596]]],[[[-71.410241,41.826631],[-71.410217,41.826614],[-71.410241,41.826613],[-71.410241,41.826631]]],[[[-71.40977,41.826893],[-71.409718,41.826804],[-71.409716,41.82675],[-71.409917,41.826962],[-71.40977,41.826893]]],[[[-71.410081,41.826851],[-71.410058,41.826887],[-71.410057,41.826851],[-71.410081,41.826851]]],[[[-71.410084,41.826923],[-71.410107,41.826886],[-71.410108,41.826922],[-71.410084,41.826923]]],[[[-71.410133,41.82694],[-71.41011,41.826976],[-71.410109,41.82694],[-71.410133,41.82694]]],[[[-71.410135,41.827012],[-71.410158,41.826975],[-71.410159,41.827011],[-71.410135,41.827012]]],[[[-71.410183,41.827011],[-71.410161,41.827047],[-71.410159,41.827011],[-71.410183,41.827011]]],[[[-71.410186,41.827083],[-71.410209,41.827046],[-71.41021,41.827082],[-71.410186,41.827083]]],[[[-71.410234,41.827082],[-71.410211,41.8271],[-71.41021,41.827082],[-71.410234,41.827082]]],[[[-71.403144,41.815216],[-71.403121,41.815253],[-71.403072,41.815236],[-71.403095,41.815199],[-71.403144,41.815216]]],[[[-71.403643,41.816322],[-71.403483,41.81593],[-71.403251,41.81552],[-71.403325,41.815555],[-71.403509,41.815965],[-71.403705,41.816069],[-71.40364,41.81625],[-71.403737,41.816266],[-71.403769,41.816482],[-71.403643,41.816322]]],[[[-71.400988,41.816162],[-71.400965,41.81618],[-71.400964,41.816162],[-71.400988,41.816162]]],[[[-71.40382,41.816571],[-71.403771,41.816536],[-71.403769,41.816482],[-71.403818,41.816517],[-71.40382,41.816571]]],[[[-71.403972,41.816766],[-71.403873,41.816696],[-71.40382,41.816571],[-71.403921,41.816695],[-71.403969,41.816694],[-71.403943,41.816622],[-71.404109,41.816565],[-71.404206,41.816581],[-71.404281,41.816651],[-71.404284,41.816723],[-71.404235,41.816706],[-71.404213,41.816779],[-71.40402,41.816765],[-71.403994,41.816711],[-71.403972,41.816766]]],[[[-71.403974,41.816802],[-71.403949,41.816784],[-71.403973,41.816784],[-71.403974,41.816802]]],[[[-71.404039,41.819827],[-71.403517,41.819405],[-71.403395,41.819372],[-71.403344,41.819283],[-71.403363,41.819156],[-71.403287,41.81905],[-71.403164,41.81898],[-71.40306,41.818766],[-71.402939,41.818751],[-71.402911,41.818643],[-71.402838,41.818627],[-71.402808,41.818465],[-71.402631,41.818253],[-71.402435,41.818149],[-71.402456,41.818076],[-71.402361,41.818114],[-71.402296,41.818314],[-71.402248,41.818315],[-71.402119,41.818083],[-71.402046,41.818067],[-71.402019,41.817978],[-71.401947,41.817979],[-71.401818,41.817766],[-71.401497,41.817538],[-71.401541,41.817429],[-71.401467,41.817377],[-71.401397,41.817432],[-71.401324,41.817416],[-71.40132,41.817326],[-71.401441,41.817323],[-71.401439,41.817287],[-71.401291,41.817182],[-71.401288,41.81711],[-71.401191,41.817076],[-71.401162,41.816951],[-71.400935,41.816667],[-71.40103,41.816647],[-71.401129,41.816717],[-71.401157,41.816807],[-71.401331,41.816965],[-71.401427,41.816945],[-71.401424,41.816873],[-71.401303,41.816858],[-71.401394,41.81673],[-71.401201,41.816698],[-71.401243,41.816553],[-71.401098,41.81652],[-71.401022,41.816431],[-71.401068,41.816358],[-71.400946,41.816325],[-71.400943,41.816253],[-71.401064,41.81625],[-71.40162,41.816977],[-71.402475,41.817932],[-71.402921,41.818283],[-71.403004,41.818569],[-71.403104,41.818657],[-71.403183,41.818854],[-71.404135,41.819842],[-71.404039,41.819827]],[[-71.402477,41.818004],[-71.402453,41.817986],[-71.402453,41.818004],[-71.402477,41.818004]],[[-71.402001,41.817492],[-71.401975,41.817456],[-71.401925,41.817403],[-71.401929,41.817493],[-71.402001,41.817492]],[[-71.401571,41.816942],[-71.401476,41.81698],[-71.401572,41.816978],[-71.401571,41.816942]]],[[[-71.406317,41.819581],[-71.406439,41.819614],[-71.406412,41.819561],[-71.406486,41.819595],[-71.406508,41.819541],[-71.406581,41.819557],[-71.40658,41.819521],[-71.406652,41.819538],[-71.406675,41.819501],[-71.406724,41.819518],[-71.406702,41.819573],[-71.406846,41.819552],[-71.406844,41.819516],[-71.40687,41.819551],[-71.406965,41.819531],[-71.406922,41.819676],[-71.40666,41.819754],[-71.406588,41.819755],[-71.406658,41.8197],[-71.406608,41.819629],[-71.406419,41.819723],[-71.406226,41.819727],[-71.406125,41.819603],[-71.406052,41.819586],[-71.405812,41.819591],[-71.405741,41.819647],[-71.405645,41.819649],[-71.405539,41.819381],[-71.405387,41.819186],[-71.40512,41.819119],[-71.405064,41.818904],[-71.405134,41.818849],[-71.405131,41.818777],[-71.405009,41.818743],[-71.404908,41.818601],[-71.40495,41.818457],[-71.404734,41.818461],[-71.404659,41.818391],[-71.404519,41.817871],[-71.404158,41.817861],[-71.404033,41.817755],[-71.404,41.817504],[-71.40387,41.817254],[-71.403982,41.817018],[-71.403974,41.81682],[-71.404098,41.816907],[-71.404053,41.816998],[-71.404178,41.817122],[-71.404335,41.817461],[-71.404432,41.817459],[-71.404438,41.817621],[-71.404587,41.817762],[-71.404615,41.817851],[-71.404569,41.817906],[-71.404771,41.818154],[-71.404852,41.818387],[-71.405019,41.818365],[-71.405085,41.818202],[-71.405136,41.818272],[-71.405232,41.818252],[-71.405229,41.81818],[-71.405323,41.818106],[-71.405518,41.818192],[-71.405638,41.818172],[-71.405466,41.818067],[-71.405532,41.817922],[-71.405629,41.81792],[-71.405657,41.818045],[-71.405706,41.818044],[-71.40568,41.818009],[-71.405701,41.817918],[-71.405778,41.818043],[-71.405875,41.818077],[-71.406256,41.817961],[-71.406259,41.818033],[-71.406068,41.818091],[-71.406122,41.818234],[-71.406074,41.818235],[-71.406077,41.818307],[-71.405981,41.818327],[-71.405961,41.818435],[-71.405889,41.818455],[-71.405918,41.818562],[-71.405772,41.818529],[-71.405775,41.818601],[-71.405726,41.818584],[-71.40573,41.818692],[-71.405828,41.818744],[-71.405806,41.818799],[-71.405713,41.818891],[-71.405499,41.818967],[-71.405408,41.819113],[-71.405481,41.819112],[-71.405738,41.819557],[-71.406023,41.819461],[-71.406096,41.819477],[-71.406148,41.819566],[-71.406243,41.819546],[-71.406295,41.819635],[-71.406343,41.819634],[-71.406317,41.819581]],[[-71.406245,41.819582],[-71.406198,41.819619],[-71.406222,41.819619],[-71.406245,41.819582]],[[-71.406606,41.819575],[-71.406629,41.819556],[-71.406605,41.819557],[-71.406606,41.819575]],[[-71.405184,41.818902],[-71.405207,41.818883],[-71.405183,41.818884],[-71.405184,41.818902]],[[-71.405516,41.818769],[-71.405417,41.818699],[-71.405271,41.818666],[-71.405325,41.818809],[-71.405516,41.818769]],[[-71.405464,41.81868],[-71.405441,41.818698],[-71.405465,41.818698],[-71.405464,41.81868]],[[-71.40544,41.81868],[-71.405416,41.818663],[-71.405416,41.818681],[-71.40544,41.81868]],[[-71.405416,41.818663],[-71.405367,41.818646],[-71.405368,41.818664],[-71.405416,41.818663]],[[-71.405367,41.818646],[-71.405342,41.818628],[-71.405343,41.818646],[-71.405367,41.818646]],[[-71.405005,41.818617],[-71.405028,41.818599],[-71.405004,41.818599],[-71.405005,41.818617]]],[[[-71.406564,41.819756],[-71.406589,41.819773],[-71.406565,41.819774],[-71.406564,41.819756]]],[[[-71.406187,41.819962],[-71.406517,41.819775],[-71.406565,41.819774],[-71.406449,41.819902],[-71.406187,41.819962]]],[[[-71.404597,41.820589],[-71.404422,41.820413],[-71.404441,41.820286],[-71.404339,41.820144],[-71.404291,41.820145],[-71.404135,41.819842],[-71.404357,41.819982],[-71.404386,41.820089],[-71.404609,41.820283],[-71.404542,41.82041],[-71.404597,41.820589]]],[[[-71.404597,41.820589],[-71.404622,41.820625],[-71.404598,41.820625],[-71.404597,41.820589]]],[[[-71.388642,41.822147],[-71.388614,41.82204],[-71.388685,41.82202],[-71.388689,41.822128],[-71.388642,41.822147]]],[[[-71.409321,41.822003],[-71.408929,41.821813],[-71.408954,41.821849],[-71.408884,41.821904],[-71.408789,41.821924],[-71.40865,41.822071],[-71.408577,41.822073],[-71.408655,41.822215],[-71.408898,41.822282],[-71.408926,41.82239],[-71.409,41.822424],[-71.409095,41.822386],[-71.40923,41.822149],[-71.409372,41.822074],[-71.409399,41.822146],[-71.409285,41.82231],[-71.409289,41.822418],[-71.409416,41.822614],[-71.409007,41.822622],[-71.409107,41.82271],[-71.409115,41.822926],[-71.408772,41.822771],[-71.408657,41.822918],[-71.408516,41.822993],[-71.408789,41.823221],[-71.408471,41.823084],[-71.408502,41.823263],[-71.408576,41.823316],[-71.408432,41.823319],[-71.40844,41.823553],[-71.408388,41.823446],[-71.408315,41.823429],[-71.408312,41.823339],[-71.408145,41.823397],[-71.408134,41.823091],[-71.407916,41.823059],[-71.407914,41.823005],[-71.407743,41.822937],[-71.407665,41.822777],[-71.407617,41.822796],[-71.4076,41.822976],[-71.407725,41.8231],[-71.407871,41.82315],[-71.407849,41.823187],[-71.407726,41.823136],[-71.407729,41.823208],[-71.407851,41.823259],[-71.407884,41.823492],[-71.408065,41.823813],[-71.408043,41.823885],[-71.408119,41.823974],[-71.408177,41.824225],[-71.408134,41.82437],[-71.40805,41.824065],[-71.407856,41.824015],[-71.407852,41.823925],[-71.408017,41.823832],[-71.408015,41.823778],[-71.407845,41.823727],[-71.407704,41.82319],[-71.407558,41.823139],[-71.407506,41.823032],[-71.407284,41.822893],[-71.406362,41.821435],[-71.406322,41.821003],[-71.406091,41.82063],[-71.405893,41.82049],[-71.405816,41.820348],[-71.405901,41.820058],[-71.405995,41.819984],[-71.406091,41.819982],[-71.40609,41.819964],[-71.406187,41.819962],[-71.405973,41.820038],[-71.405958,41.820273],[-71.406239,41.820717],[-71.406269,41.820861],[-71.406466,41.820982],[-71.406886,41.820631],[-71.407148,41.820554],[-71.407556,41.820527],[-71.407752,41.820613],[-71.407846,41.820539],[-71.40792,41.820592],[-71.40798,41.820266],[-71.4081,41.820264],[-71.408145,41.820173],[-71.408334,41.820727],[-71.408505,41.820778],[-71.408576,41.82074],[-71.408574,41.820686],[-71.408719,41.820701],[-71.408723,41.820809],[-71.408626,41.820811],[-71.408631,41.820919],[-71.408729,41.820971],[-71.408824,41.820951],[-71.409023,41.821109],[-71.409261,41.821032],[-71.409334,41.821048],[-71.409268,41.82123],[-71.409058,41.821414],[-71.408969,41.821596],[-71.409115,41.821647],[-71.409192,41.821754],[-71.409414,41.821893],[-71.409484,41.821856],[-71.409606,41.821889],[-71.409563,41.822016],[-71.409662,41.822086],[-71.409319,41.821931],[-71.409321,41.822003]],[[-71.409246,41.821933],[-71.40927,41.821914],[-71.40922,41.821879],[-71.409246,41.821933]],[[-71.4075,41.82287],[-71.407523,41.822852],[-71.407499,41.822852],[-71.4075,41.82287]],[[-71.40764,41.822759],[-71.407257,41.822173],[-71.407249,41.821957],[-71.407076,41.821834],[-71.406974,41.821692],[-71.406993,41.821548],[-71.407145,41.821761],[-71.407153,41.821328],[-71.407079,41.821294],[-71.407101,41.821221],[-71.407029,41.821241],[-71.407049,41.821114],[-71.406663,41.821104],[-71.406674,41.821392],[-71.406878,41.821712],[-71.406858,41.821803],[-71.406938,41.822017],[-71.40709,41.82223],[-71.407162,41.822211],[-71.407241,41.822389],[-71.407362,41.822423],[-71.407364,41.822477],[-71.407316,41.822478],[-71.407391,41.82253],[-71.407369,41.822603],[-71.407441,41.822583],[-71.407467,41.822655],[-71.40754,41.822653],[-71.40764,41.822759]],[[-71.40816,41.822496],[-71.407888,41.822304],[-71.407599,41.82231],[-71.407628,41.822453],[-71.407703,41.822524],[-71.407824,41.822521],[-71.407948,41.822627],[-71.408167,41.822676],[-71.40816,41.822496]],[[-71.408743,41.822628],[-71.408952,41.822425],[-71.408434,41.822112],[-71.408362,41.822113],[-71.408372,41.822383],[-71.408743,41.822628]],[[-71.407219,41.822444],[-71.407242,41.822425],[-71.407218,41.822426],[-71.407219,41.822444]],[[-71.408105,41.822317],[-71.40808,41.822282],[-71.408031,41.822283],[-71.408057,41.822318],[-71.408105,41.822317]],[[-71.408005,41.822211],[-71.408031,41.822265],[-71.408055,41.822264],[-71.408053,41.82221],[-71.408005,41.822211]],[[-71.407092,41.822266],[-71.407115,41.822248],[-71.407091,41.822248],[-71.407092,41.822266]],[[-71.407389,41.821846],[-71.407711,41.822091],[-71.408028,41.822193],[-71.407903,41.822069],[-71.407924,41.821997],[-71.407822,41.821837],[-71.407648,41.821696],[-71.407527,41.821681],[-71.407506,41.821753],[-71.40741,41.821755],[-71.407389,41.821846]],[[-71.407504,41.821699],[-71.407479,41.821682],[-71.40748,41.8217],[-71.407504,41.821699]],[[-71.407432,41.821719],[-71.407456,41.8217],[-71.407432,41.821701],[-71.407432,41.821719]],[[-71.40849,41.821679],[-71.408562,41.821659],[-71.408561,41.821623],[-71.408465,41.821643],[-71.40849,41.821679]],[[-71.406553,41.821377],[-71.406576,41.821358],[-71.406552,41.821359],[-71.406553,41.821377]]],[[[-71.407241,41.823668],[-71.407371,41.823935],[-71.407299,41.823937],[-71.407326,41.824008],[-71.4072,41.823867],[-71.407204,41.823975],[-71.407155,41.823958],[-71.407076,41.823762],[-71.406876,41.823568],[-71.40687,41.823424],[-71.406769,41.8233],[-71.406625,41.823303],[-71.406644,41.823176],[-71.406443,41.822946],[-71.406321,41.822895],[-71.406267,41.822752],[-71.406119,41.822665],[-71.406117,41.822611],[-71.405943,41.822452],[-71.405848,41.82249],[-71.405867,41.822364],[-71.405669,41.822224],[-71.405643,41.822152],[-71.40557,41.822136],[-71.405342,41.821853],[-71.40527,41.821836],[-71.405217,41.821711],[-71.405094,41.821642],[-71.405091,41.82157],[-71.404995,41.821572],[-71.404942,41.821447],[-71.404746,41.821361],[-71.404792,41.821288],[-71.404568,41.821112],[-71.404363,41.820774],[-71.404291,41.820776],[-71.404263,41.820668],[-71.404116,41.820599],[-71.404134,41.820455],[-71.40423,41.820435],[-71.404279,41.82047],[-71.404381,41.820612],[-71.404454,41.820628],[-71.404655,41.820858],[-71.404828,41.820963],[-71.404854,41.821034],[-71.405051,41.821138],[-71.405154,41.821316],[-71.405502,41.821615],[-71.405272,41.82126],[-71.405125,41.821191],[-71.404947,41.820942],[-71.40485,41.820908],[-71.404722,41.820713],[-71.404624,41.820661],[-71.404622,41.820625],[-71.404744,41.820658],[-71.404813,41.820567],[-71.404688,41.820461],[-71.40471,41.820389],[-71.404926,41.820384],[-71.405,41.820437],[-71.404888,41.820637],[-71.404917,41.820781],[-71.405214,41.820991],[-71.405318,41.821205],[-71.405467,41.821328],[-71.405698,41.821701],[-71.405847,41.821824],[-71.405898,41.821895],[-71.405855,41.82204],[-71.406177,41.822267],[-71.406353,41.82248],[-71.406698,41.822689],[-71.406874,41.822883],[-71.407357,41.823558],[-71.407412,41.823737],[-71.407511,41.823824],[-71.407517,41.823968],[-71.407241,41.823668]],[[-71.407176,41.823868],[-71.407125,41.823797],[-71.407152,41.823868],[-71.407176,41.823868]],[[-71.407125,41.823797],[-71.4071,41.823761],[-71.407101,41.823797],[-71.407125,41.823797]],[[-71.407241,41.823668],[-71.407216,41.823651],[-71.407217,41.823669],[-71.407241,41.823668]],[[-71.406358,41.822606],[-71.406255,41.822428],[-71.406107,41.822323],[-71.40611,41.822413],[-71.406358,41.822606]],[[-71.406111,41.822449],[-71.406088,41.822467],[-71.406112,41.822467],[-71.406111,41.822449]],[[-71.406087,41.822449],[-71.406062,41.822432],[-71.406063,41.82245],[-71.406087,41.822449]],[[-71.405576,41.82165],[-71.40553,41.821723],[-71.405678,41.82181],[-71.405649,41.821684],[-71.405576,41.82165]],[[-71.405503,41.821651],[-71.405527,41.821633],[-71.405503,41.821633],[-71.405503,41.821651]]],[[[-71.407761,41.824071],[-71.407644,41.824146],[-71.407517,41.823968],[-71.407734,41.823982],[-71.407761,41.824071]]],[[[-71.407693,41.824163],[-71.407669,41.824181],[-71.407669,41.824163],[-71.407693,41.824163]]],[[[-71.407719,41.824216],[-71.407695,41.824235],[-71.407695,41.824217],[-71.407719,41.824216]]],[[[-71.408182,41.824369],[-71.408159,41.824405],[-71.408158,41.824369],[-71.408182,41.824369]]],[[[-71.408209,41.824458],[-71.408184,41.824423],[-71.408208,41.824422],[-71.408209,41.824458]]],[[[-71.408209,41.824458],[-71.408235,41.824494],[-71.408211,41.824494],[-71.408209,41.824458]]],[[[-71.40826,41.824511],[-71.408237,41.824548],[-71.408235,41.824512],[-71.40826,41.824511]]],[[[-71.408262,41.824583],[-71.408285,41.824547],[-71.408286,41.824583],[-71.408262,41.824583]]],[[[-71.40831,41.824582],[-71.408288,41.824619],[-71.408286,41.824583],[-71.40831,41.824582]]],[[[-71.408338,41.824672],[-71.408312,41.824636],[-71.408336,41.824636],[-71.408338,41.824672]]],[[[-71.408185,41.825089],[-71.40798,41.824769],[-71.407881,41.824681],[-71.407826,41.824502],[-71.407727,41.82445],[-71.407721,41.82427],[-71.408185,41.825089]]],[[[-71.408362,41.824671],[-71.408339,41.824708],[-71.408338,41.824672],[-71.408362,41.824671]]],[[[-71.408388,41.824725],[-71.408365,41.824743],[-71.408364,41.824725],[-71.408388,41.824725]]],[[[-71.408413,41.82476],[-71.408391,41.824797],[-71.408389,41.824761],[-71.408413,41.82476]]],[[[-71.40844,41.824832],[-71.408415,41.824814],[-71.408439,41.824814],[-71.40844,41.824832]]],[[[-71.408466,41.824885],[-71.408441,41.82485],[-71.408465,41.824849],[-71.408466,41.824885]]],[[[-71.40849,41.824885],[-71.408468,41.824921],[-71.408466,41.824885],[-71.40849,41.824885]]],[[[-71.408516,41.824938],[-71.408494,41.824975],[-71.408492,41.824939],[-71.408516,41.824938]]],[[[-71.408569,41.825063],[-71.40852,41.825028],[-71.408518,41.824974],[-71.408567,41.825009],[-71.408569,41.825063]]],[[[-71.408209,41.825089],[-71.408186,41.825107],[-71.408185,41.825089],[-71.408209,41.825089]]],[[[-71.408234,41.825124],[-71.408211,41.825143],[-71.40821,41.825125],[-71.408234,41.825124]]],[[[-71.408569,41.825063],[-71.408619,41.825098],[-71.408647,41.825206],[-71.408569,41.825063]]],[[[-71.408285,41.825195],[-71.408262,41.825214],[-71.408261,41.825196],[-71.408285,41.825195]]],[[[-71.408825,41.825454],[-71.408777,41.825473],[-71.408776,41.825437],[-71.408825,41.825454]]],[[[-71.408826,41.82549],[-71.408851,41.825526],[-71.408827,41.825526],[-71.408826,41.82549]]],[[[-71.408875,41.825525],[-71.408852,41.825544],[-71.408851,41.825526],[-71.408875,41.825525]]],[[[-71.408901,41.825561],[-71.408878,41.825579],[-71.408877,41.825561],[-71.408901,41.825561]]],[[[-71.408926,41.825578],[-71.408902,41.825597],[-71.408902,41.825579],[-71.408926,41.825578]]],[[[-71.408952,41.825631],[-71.408927,41.825614],[-71.408951,41.825613],[-71.408952,41.825631]]],[[[-71.409002,41.825684],[-71.408977,41.825667],[-71.409001,41.825666],[-71.409002,41.825684]]],[[[-71.409026,41.825684],[-71.409003,41.825702],[-71.409002,41.825684],[-71.409026,41.825684]]],[[[-71.409076,41.825737],[-71.409053,41.825755],[-71.409052,41.825737],[-71.409076,41.825737]]],[[[-71.409101,41.825754],[-71.409077,41.825773],[-71.409077,41.825755],[-71.409101,41.825754]]],[[[-71.408914,41.825902],[-71.408889,41.825885],[-71.408913,41.825884],[-71.408914,41.825902]]],[[[-71.408914,41.825902],[-71.408938,41.82592],[-71.408914,41.82592],[-71.408914,41.825902]]]]}},{"type":"Feature","properties":{"level_mllw":10.0,"level_navd_ft":7.53},"geometry":{"type":"MultiPolygon","coordinates":[[[[-71.438338,41.825173],[-71.438314,41.825192],[-71.438314,41.825174],[-71.438338,41.825173]]],[[[-71.437361,41.825446],[-71.437337,41.825465],[-71.437337,41.825447],[-71.437361,41.825446]]],[[[-71.431799,41.828014],[-71.431775,41.828032],[-71.431775,41.828014],[-71.431799,41.828014]]],[[[-71.430218,41.828245],[-71.430195,41.828264],[-71.430194,41.828246],[-71.430218,41.828245]]],[[[-71.430027,41.828285],[-71.430004,41.828304],[-71.430003,41.828286],[-71.430027,41.828285]]],[[[-71.429644,41.828348],[-71.429597,41.828367],[-71.429596,41.828349],[-71.429644,41.828348]]],[[[-71.4295,41.828369],[-71.429477,41.828387],[-71.429476,41.828369],[-71.4295,41.828369]]],[[[-71.429453,41.828388],[-71.429428,41.82837],[-71.429452,41.82837],[-71.429453,41.828388]]],[[[-71.42907,41.82845],[-71.429045,41.828432],[-71.429069,41.828432],[-71.42907,41.82845]]],[[[-71.428831,41.828491],[-71.428807,41.828509],[-71.428807,41.828491],[-71.428831,41.828491]]],[[[-71.428688,41.82853],[-71.42864,41.828549],[-71.42864,41.828531],[-71.428688,41.82853]]],[[[-71.428592,41.82855],[-71.428521,41.828569],[-71.42852,41.828551],[-71.428592,41.82855]]],[[[-71.428353,41.828591],[-71.42816,41.828577],[-71.428352,41.828573],[-71.428353,41.828591]]],[[[-71.428137,41.828614],[-71.42804,41.828598],[-71.428136,41.828596],[-71.428137,41.828614]]],[[[-71.427944,41.828618],[-71.42792,41.8286],[-71.427944,41.8286],[-71.427944,41.828618]]],[[[-71.427848,41.82862],[-71.427921,41.828636],[-71.427849,41.828638],[-71.427848,41.82862]]],[[[-71.427825,41.828638],[-71.427777,41.828657],[-71.427777,41.828639],[-71.427825,41.828638]]],[[[-71.42773,41.828676],[-71.427657,41.82866],[-71.427729,41.828658],[-71.42773,41.828676]]],[[[-71.427634,41.828696],[-71.427561,41.82868],[-71.427634,41.828678],[-71.427634,41.828696]]],[[[-71.427514,41.828699],[-71.427442,41.828718],[-71.427442,41.8287],[-71.427514,41.828699]]],[[[-71.427394,41.828719],[-71.427347,41.828738],[-71.427346,41.82872],[-71.427394,41.828719]]],[[[-71.427299,41.828739],[-71.427251,41.828758],[-71.427251,41.82874],[-71.427299,41.828739]]],[[[-71.427204,41.828777],[-71.427131,41.828761],[-71.427203,41.828759],[-71.427204,41.828777]]],[[[-71.427108,41.828797],[-71.42706,41.82878],[-71.427108,41.828779],[-71.427108,41.828797]]],[[[-71.427037,41.828817],[-71.426964,41.8288],[-71.427036,41.828799],[-71.427037,41.828817]]],[[[-71.426892,41.82882],[-71.426965,41.828836],[-71.426893,41.828838],[-71.426892,41.82882]]],[[[-71.428505,41.828786],[-71.428481,41.828804],[-71.428481,41.828786],[-71.428505,41.828786]]],[[[-71.42687,41.828857],[-71.426773,41.828841],[-71.426869,41.828839],[-71.42687,41.828857]]],[[[-71.428434,41.828823],[-71.428409,41.828806],[-71.428433,41.828805],[-71.428434,41.828823]]],[[[-71.426773,41.828859],[-71.426702,41.828878],[-71.426701,41.82886],[-71.426773,41.828859]]],[[[-71.428338,41.828825],[-71.428314,41.828844],[-71.428314,41.828826],[-71.428338,41.828825]]],[[[-71.428242,41.828846],[-71.428219,41.828864],[-71.428218,41.828846],[-71.428242,41.828846]]],[[[-71.428171,41.828883],[-71.428146,41.828866],[-71.428171,41.828865],[-71.428171,41.828883]]],[[[-71.428076,41.828903],[-71.428027,41.828886],[-71.428075,41.828885],[-71.428076,41.828903]]],[[[-71.426463,41.828919],[-71.426439,41.828938],[-71.426439,41.82892],[-71.426463,41.828919]]],[[[-71.426415,41.82892],[-71.426391,41.828939],[-71.426391,41.828921],[-71.426415,41.82892]]],[[[-71.428003,41.828905],[-71.427908,41.828925],[-71.427907,41.828907],[-71.428003,41.828905]]],[[[-71.426368,41.828957],[-71.426295,41.828941],[-71.426367,41.828939],[-71.426368,41.828957]]],[[[-71.42786,41.828944],[-71.427812,41.828927],[-71.42786,41.828926],[-71.42786,41.828944]]],[[[-71.426247,41.82896],[-71.426176,41.828979],[-71.426175,41.828961],[-71.426247,41.82896]]],[[[-71.427764,41.828946],[-71.427717,41.828965],[-71.427716,41.828947],[-71.427764,41.828946]]],[[[-71.426128,41.82898],[-71.42608,41.828999],[-71.42608,41.828981],[-71.426128,41.82898]]],[[[-71.427669,41.828984],[-71.42762,41.828967],[-71.427669,41.828966],[-71.427669,41.828984]]],[[[-71.426033,41.829018],[-71.42596,41.829002],[-71.426032,41.829],[-71.426033,41.829018]]],[[[-71.427453,41.829006],[-71.42743,41.829025],[-71.427429,41.829007],[-71.427453,41.829006]]],[[[-71.427382,41.829026],[-71.427358,41.829044],[-71.427358,41.829026],[-71.427382,41.829026]]],[[[-71.427215,41.829065],[-71.427191,41.829084],[-71.427191,41.829066],[-71.427215,41.829065]]],[[[-71.42712,41.829103],[-71.427071,41.829086],[-71.427119,41.829085],[-71.42712,41.829103]]],[[[-71.426905,41.829144],[-71.42688,41.829126],[-71.426904,41.829126],[-71.426905,41.829144]]],[[[-71.426832,41.829146],[-71.426809,41.829164],[-71.426808,41.829146],[-71.426832,41.829146]]],[[[-71.426522,41.829206],[-71.426474,41.829225],[-71.426474,41.829207],[-71.426522,41.829206]]],[[[-71.426282,41.829247],[-71.426259,41.829266],[-71.426258,41.829248],[-71.426282,41.829247]]],[[[-71.425948,41.829326],[-71.425924,41.829309],[-71.425948,41.829308],[-71.425948,41.829326]]],[[[-71.421656,41.828534],[-71.421583,41.828518],[-71.421655,41.828516],[-71.421656,41.828534]]],[[[-71.421728,41.828533],[-71.42168,41.828552],[-71.42168,41.828534],[-71.421728,41.828533]]],[[[-71.421801,41.828549],[-71.421753,41.828568],[-71.421753,41.82855],[-71.421801,41.828549]]],[[[-71.421826,41.828567],[-71.422019,41.828581],[-71.422068,41.828616],[-71.421826,41.828567]]],[[[-71.422141,41.828632],[-71.422068,41.828616],[-71.42214,41.828614],[-71.422141,41.828632]]],[[[-71.422141,41.828632],[-71.42219,41.828649],[-71.422142,41.82865],[-71.422141,41.828632]]],[[[-71.422286,41.828647],[-71.422239,41.828666],[-71.422238,41.828648],[-71.422286,41.828647]]],[[[-71.422407,41.828663],[-71.422336,41.828682],[-71.422335,41.828664],[-71.422407,41.828663]]],[[[-71.422528,41.828678],[-71.422433,41.828698],[-71.422432,41.82868],[-71.422528,41.828678]]],[[[-71.422626,41.828712],[-71.422529,41.828696],[-71.422625,41.828694],[-71.422626,41.828712]]],[[[-71.422626,41.828712],[-71.422699,41.828728],[-71.422626,41.82873],[-71.422626,41.828712]]],[[[-71.422699,41.828728],[-71.422819,41.828726],[-71.42299,41.828794],[-71.422918,41.828796],[-71.422699,41.828728]]],[[[-71.423038,41.828793],[-71.423015,41.828812],[-71.423014,41.828794],[-71.423038,41.828793]]],[[[-71.423135,41.828809],[-71.423088,41.828828],[-71.423087,41.82881],[-71.423135,41.828809]]],[[[-71.423282,41.82886],[-71.423257,41.828843],[-71.423281,41.828842],[-71.423282,41.82886]]],[[[-71.421814,41.828891],[-71.421789,41.828874],[-71.421813,41.828873],[-71.421814,41.828891]]],[[[-71.423402,41.828858],[-71.423354,41.828877],[-71.423354,41.828859],[-71.423402,41.828858]]],[[[-71.42191,41.828889],[-71.421863,41.828908],[-71.421862,41.82889],[-71.42191,41.828889]]],[[[-71.423499,41.828874],[-71.423427,41.828893],[-71.423427,41.828875],[-71.423499,41.828874]]],[[[-71.422008,41.828923],[-71.421983,41.828906],[-71.422007,41.828905],[-71.422008,41.828923]]],[[[-71.423596,41.828908],[-71.4235,41.828892],[-71.423596,41.82889],[-71.423596,41.828908]]],[[[-71.422128,41.828921],[-71.422056,41.82894],[-71.422056,41.828922],[-71.422128,41.828921]]],[[[-71.423669,41.828906],[-71.423597,41.828926],[-71.423596,41.828908],[-71.423669,41.828906]]],[[[-71.423741,41.828923],[-71.42367,41.828942],[-71.423669,41.828924],[-71.423741,41.828923]]],[[[-71.422298,41.828971],[-71.422225,41.828955],[-71.422298,41.828953],[-71.422298,41.828971]]],[[[-71.423839,41.828957],[-71.423742,41.828941],[-71.423838,41.828939],[-71.423839,41.828957]]],[[[-71.422419,41.828969],[-71.422347,41.828988],[-71.422346,41.82897],[-71.422419,41.828969]]],[[[-71.422516,41.828985],[-71.422468,41.829004],[-71.422467,41.828986],[-71.422516,41.828985]]],[[[-71.422613,41.829],[-71.422565,41.829019],[-71.422564,41.829001],[-71.422613,41.829]]],[[[-71.423959,41.828954],[-71.42413,41.829004],[-71.423839,41.828957],[-71.423959,41.828954]]],[[[-71.422686,41.829035],[-71.422637,41.829018],[-71.422685,41.829017],[-71.422686,41.829035]]],[[[-71.424202,41.829003],[-71.424131,41.829022],[-71.42413,41.829004],[-71.424202,41.829003]]],[[[-71.424323,41.829018],[-71.424228,41.829038],[-71.424227,41.82902],[-71.424323,41.829018]]],[[[-71.424396,41.829035],[-71.424324,41.829054],[-71.424324,41.829036],[-71.424396,41.829035]]],[[[-71.422857,41.829085],[-71.422832,41.829068],[-71.422856,41.829067],[-71.422857,41.829085]]],[[[-71.424494,41.829069],[-71.424421,41.829052],[-71.424493,41.829051],[-71.424494,41.829069]]],[[[-71.422929,41.829084],[-71.422881,41.829103],[-71.422881,41.829085],[-71.422929,41.829084]]],[[[-71.425937,41.82902],[-71.425889,41.829039],[-71.425889,41.829021],[-71.425937,41.82902]]],[[[-71.423002,41.8291],[-71.422978,41.829119],[-71.422978,41.829101],[-71.423002,41.8291]]],[[[-71.424591,41.829085],[-71.424518,41.829068],[-71.42459,41.829067],[-71.424591,41.829085]]],[[[-71.425842,41.829058],[-71.425793,41.829041],[-71.425841,41.82904],[-71.425842,41.829058]]],[[[-71.424807,41.82908],[-71.424639,41.829102],[-71.424639,41.829084],[-71.424807,41.82908]]],[[[-71.425746,41.82906],[-71.425698,41.829079],[-71.425697,41.829061],[-71.425746,41.82906]]],[[[-71.424928,41.829096],[-71.424833,41.829116],[-71.424832,41.829098],[-71.424928,41.829096]]],[[[-71.425627,41.829099],[-71.425554,41.829082],[-71.425626,41.829081],[-71.425627,41.829099]]],[[[-71.425098,41.829128],[-71.424977,41.829113],[-71.425097,41.82911],[-71.425098,41.829128]]],[[[-71.425506,41.829101],[-71.425483,41.82912],[-71.425482,41.829102],[-71.425506,41.829101]]],[[[-71.425339,41.829123],[-71.425146,41.829127],[-71.425338,41.829105],[-71.425339,41.829123]]],[[[-71.424504,41.829357],[-71.424481,41.829375],[-71.42448,41.829357],[-71.424504,41.829357]]],[[[-71.424602,41.829391],[-71.424577,41.829373],[-71.424601,41.829373],[-71.424602,41.829391]]],[[[-71.425613,41.829387],[-71.425565,41.82937],[-71.425613,41.829369],[-71.425613,41.829387]]],[[[-71.425445,41.829391],[-71.425422,41.829409],[-71.425421,41.829391],[-71.425445,41.829391]]],[[[-71.425157,41.829415],[-71.425085,41.829435],[-71.425085,41.829417],[-71.425157,41.829415]]],[[[-71.414088,41.82646],[-71.413896,41.826464],[-71.413895,41.826446],[-71.414063,41.826425],[-71.414088,41.82646]]],[[[-71.414232,41.826457],[-71.414235,41.826511],[-71.414112,41.82646],[-71.414232,41.826457]]],[[[-71.414259,41.826511],[-71.414283,41.826528],[-71.414259,41.826529],[-71.414259,41.826511]]],[[[-71.413587,41.826579],[-71.413562,41.826561],[-71.413586,41.826561],[-71.413587,41.826579]]],[[[-71.413515,41.82658],[-71.413563,41.826597],[-71.413515,41.826598],[-71.413515,41.82658]]],[[[-71.413516,41.826616],[-71.413467,41.826599],[-71.413515,41.826598],[-71.413516,41.826616]]],[[[-71.41342,41.826636],[-71.413468,41.826617],[-71.413469,41.826635],[-71.41342,41.826636]]],[[[-71.41342,41.826636],[-71.413373,41.826655],[-71.413372,41.826637],[-71.41342,41.826636]]],[[[-71.414511,41.82683],[-71.414283,41.826528],[-71.414407,41.826616],[-71.414528,41.826631],[-71.414511,41.82683]]],[[[-71.414441,41.826885],[-71.414463,41.826831],[-71.414487,41.82683],[-71.414489,41.826884],[-71.414441,41.826885]]],[[[-71.413482,41.826995],[-71.413459,41.827014],[-71.413458,41.826996],[-71.413482,41.826995]]],[[[-71.413681,41.827171],[-71.413509,41.827067],[-71.413483,41.827013],[-71.413729,41.827152],[-71.413681,41.827171]]],[[[-71.413729,41.827152],[-71.413778,41.827169],[-71.41373,41.82717],[-71.413729,41.827152]]],[[[-71.41385,41.827168],[-71.413802,41.827187],[-71.413802,41.827169],[-71.41385,41.827168]]],[[[-71.414019,41.827182],[-71.4139,41.827221],[-71.413875,41.827185],[-71.414019,41.827182]]],[[[-71.416499,41.827184],[-71.416404,41.827204],[-71.416403,41.827186],[-71.416499,41.827184]]],[[[-71.416573,41.827218],[-71.4165,41.827202],[-71.416572,41.8272],[-71.416573,41.827218]]],[[[-71.416646,41.827235],[-71.416621,41.827217],[-71.416645,41.827217],[-71.416646,41.827235]]],[[[-71.416718,41.827233],[-71.416695,41.827252],[-71.416694,41.827234],[-71.416718,41.827233]]],[[[-71.416791,41.82725],[-71.416768,41.827268],[-71.416767,41.82725],[-71.416791,41.82725]]],[[[-71.41684,41.827267],[-71.416816,41.827285],[-71.416816,41.827267],[-71.41684,41.827267]]],[[[-71.416913,41.827301],[-71.416864,41.827284],[-71.416913,41.827283],[-71.416913,41.827301]]],[[[-71.416913,41.827301],[-71.41735,41.827382],[-71.417329,41.827473],[-71.417014,41.827407],[-71.416913,41.827301]]],[[[-71.418324,41.827686],[-71.418107,41.827673],[-71.417961,41.827622],[-71.418201,41.827616],[-71.418445,41.827683],[-71.418472,41.827755],[-71.418324,41.827686]]],[[[-71.418984,41.827924],[-71.418521,41.82779],[-71.418496,41.827754],[-71.418984,41.827924]]],[[[-71.419032,41.827923],[-71.418984,41.827942],[-71.418984,41.827924],[-71.419032,41.827923]]],[[[-71.419178,41.827956],[-71.419105,41.827958],[-71.419032,41.827941],[-71.419178,41.827956]]],[[[-71.419178,41.827974],[-71.419251,41.827991],[-71.419179,41.827992],[-71.419178,41.827974]]],[[[-71.419323,41.827989],[-71.419252,41.828009],[-71.419251,41.827991],[-71.419323,41.827989]]],[[[-71.419325,41.828025],[-71.41942,41.828005],[-71.419421,41.828023],[-71.419325,41.828025]]],[[[-71.419932,41.828156],[-71.419616,41.828091],[-71.419421,41.828023],[-71.41959,41.828038],[-71.419932,41.828156]]],[[[-71.41998,41.828173],[-71.419932,41.828156],[-71.41998,41.828155],[-71.41998,41.828173]]],[[[-71.420247,41.828222],[-71.420175,41.828223],[-71.41998,41.828173],[-71.420247,41.828222]]],[[[-71.420296,41.828239],[-71.420249,41.828258],[-71.420248,41.82824],[-71.420296,41.828239]]],[[[-71.420297,41.828275],[-71.420369,41.828255],[-71.42037,41.828273],[-71.420297,41.828275]]],[[[-71.420418,41.828272],[-71.42037,41.828291],[-71.42037,41.828273],[-71.420418,41.828272]]],[[[-71.420467,41.828307],[-71.420418,41.82829],[-71.420466,41.828289],[-71.420467,41.828307]]],[[[-71.42054,41.828324],[-71.420491,41.828307],[-71.420539,41.828306],[-71.42054,41.828324]]],[[[-71.420612,41.828322],[-71.420565,41.828341],[-71.420564,41.828323],[-71.420612,41.828322]]],[[[-71.420614,41.828358],[-71.420661,41.828339],[-71.420662,41.828357],[-71.420614,41.828358]]],[[[-71.420734,41.828356],[-71.42071,41.828374],[-71.42071,41.828356],[-71.420734,41.828356]]],[[[-71.420831,41.82839],[-71.420807,41.828372],[-71.420831,41.828372],[-71.420831,41.82839]]],[[[-71.421025,41.828422],[-71.420977,41.828405],[-71.421025,41.828404],[-71.421025,41.828422]]],[[[-71.421098,41.82842],[-71.421074,41.828439],[-71.421073,41.828421],[-71.421098,41.82842]]],[[[-71.421194,41.828436],[-71.421171,41.828455],[-71.42117,41.828437],[-71.421194,41.828436]]],[[[-71.421291,41.828452],[-71.421268,41.82847],[-71.421267,41.828452],[-71.421291,41.828452]]],[[[-71.421365,41.828486],[-71.42134,41.828469],[-71.421364,41.828468],[-71.421365,41.828486]]],[[[-71.421438,41.828503],[-71.421413,41.828485],[-71.421437,41.828485],[-71.421438,41.828503]]],[[[-71.420283,41.828527],[-71.420259,41.828546],[-71.420259,41.828528],[-71.420283,41.828527]]],[[[-71.421086,41.828744],[-71.421062,41.828763],[-71.421062,41.828745],[-71.421086,41.828744]]],[[[-71.421183,41.82876],[-71.421135,41.828779],[-71.421134,41.828761],[-71.421183,41.82876]]],[[[-71.421426,41.828827],[-71.421401,41.82881],[-71.421425,41.828809],[-71.421426,41.828827]]],[[[-71.421523,41.828843],[-71.421474,41.828826],[-71.421522,41.828825],[-71.421523,41.828843]]],[[[-71.413374,41.826673],[-71.413325,41.826656],[-71.413373,41.826655],[-71.413374,41.826673]]],[[[-71.413301,41.826675],[-71.413326,41.826692],[-71.413302,41.826693],[-71.413301,41.826675]]],[[[-71.413111,41.826733],[-71.413182,41.826695],[-71.413183,41.826731],[-71.413111,41.826733]]],[[[-71.413111,41.826733],[-71.413112,41.826751],[-71.413064,41.826752],[-71.413063,41.826734],[-71.413111,41.826733]]],[[[-71.413064,41.82677],[-71.413015,41.826753],[-71.413064,41.826752],[-71.413064,41.82677]]],[[[-71.412944,41.826772],[-71.413017,41.826789],[-71.412945,41.82679],[-71.412944,41.826772]]],[[[-71.412945,41.826808],[-71.412896,41.826791],[-71.412945,41.82679],[-71.412945,41.826808]]],[[[-71.412898,41.826827],[-71.412849,41.82681],[-71.412897,41.826809],[-71.412898,41.826827]]],[[[-71.412826,41.826847],[-71.412778,41.82683],[-71.412826,41.826829],[-71.412826,41.826847]]],[[[-71.412779,41.826866],[-71.41273,41.826849],[-71.412778,41.826848],[-71.412779,41.826866]]],[[[-71.412659,41.826869],[-71.412731,41.826885],[-71.412659,41.826887],[-71.412659,41.826869]]],[[[-71.410831,41.826943],[-71.410759,41.826944],[-71.410709,41.826909],[-71.410806,41.826907],[-71.410831,41.826943]]],[[[-71.41266,41.826905],[-71.412611,41.826888],[-71.412659,41.826887],[-71.41266,41.826905]]],[[[-71.412588,41.826924],[-71.412564,41.826907],[-71.412588,41.826906],[-71.412588,41.826924]]],[[[-71.411341,41.82704],[-71.410831,41.826943],[-71.411894,41.827029],[-71.411341,41.82704]]],[[[-71.413288,41.826963],[-71.413265,41.826982],[-71.413264,41.826964],[-71.413288,41.826963]]],[[[-71.412278,41.826985],[-71.41223,41.827004],[-71.412229,41.826986],[-71.412278,41.826985]]],[[[-71.411918,41.827028],[-71.411989,41.826991],[-71.412182,41.827005],[-71.412183,41.827023],[-71.411918,41.827028]]],[[[-71.412622,41.827176],[-71.413169,41.826984],[-71.41334,41.827052],[-71.413076,41.827076],[-71.413006,41.827149],[-71.412911,41.827169],[-71.412861,41.827134],[-71.412768,41.827208],[-71.412622,41.827176]]],[[[-71.411058,41.827208],[-71.41101,41.827227],[-71.41101,41.827209],[-71.411058,41.827208]]],[[[-71.412598,41.827176],[-71.412503,41.827214],[-71.412502,41.827196],[-71.412598,41.827176]]],[[[-71.411131,41.827225],[-71.411083,41.827244],[-71.411083,41.827226],[-71.411131,41.827225]]],[[[-71.411204,41.827259],[-71.411179,41.827242],[-71.411204,41.827241],[-71.411204,41.827259]]],[[[-71.411303,41.827311],[-71.411326,41.827293],[-71.411399,41.827309],[-71.411303,41.827311]]],[[[-71.412026,41.827332],[-71.411617,41.827341],[-71.411591,41.827287],[-71.412096,41.827277],[-71.412026,41.827332]]],[[[-71.410745,41.827863],[-71.410723,41.8279],[-71.410721,41.827864],[-71.410745,41.827863]]],[[[-71.410771,41.827917],[-71.410748,41.827935],[-71.410747,41.827917],[-71.410771,41.827917]]],[[[-71.410798,41.827988],[-71.410773,41.827953],[-71.410797,41.827952],[-71.410798,41.827988]]],[[[-71.410824,41.828042],[-71.410799,41.828006],[-71.410823,41.828006],[-71.410824,41.828042]]],[[[-71.410848,41.828041],[-71.410826,41.828078],[-71.410824,41.828042],[-71.410848,41.828041]]],[[[-71.410874,41.828095],[-71.410852,41.828131],[-71.41085,41.828095],[-71.410874,41.828095]]],[[[-71.4109,41.828148],[-71.410878,41.828185],[-71.410876,41.828149],[-71.4109,41.828148]]],[[[-71.410928,41.828238],[-71.410902,41.828202],[-71.410927,41.828202],[-71.410928,41.828238]]],[[[-71.410953,41.828273],[-71.410929,41.828256],[-71.410953,41.828255],[-71.410953,41.828273]]],[[[-71.411124,41.829621],[-71.411101,41.829639],[-71.4111,41.829621],[-71.411124,41.829621]]],[[[-71.411315,41.829581],[-71.411297,41.829725],[-71.411291,41.829581],[-71.411315,41.829581]]],[[[-71.411154,41.829764],[-71.41113,41.829783],[-71.41113,41.829765],[-71.411154,41.829764]]],[[[-71.411184,41.829926],[-71.411159,41.829908],[-71.411183,41.829908],[-71.411184,41.829926]]],[[[-71.411213,41.830051],[-71.411188,41.830034],[-71.411212,41.830033],[-71.411213,41.830051]]],[[[-71.411241,41.830159],[-71.411218,41.830195],[-71.411217,41.830159],[-71.411241,41.830159]]],[[[-71.411299,41.830427],[-71.411277,41.830482],[-71.411275,41.830428],[-71.411299,41.830427]]],[[[-71.411567,41.831142],[-71.411328,41.829905],[-71.411321,41.829725],[-71.411617,41.831195],[-71.411567,41.831142]]],[[[-71.411331,41.830625],[-71.411304,41.830553],[-71.411328,41.830553],[-71.411331,41.830625]]],[[[-71.41136,41.830768],[-71.411333,41.830679],[-71.411357,41.830678],[-71.41136,41.830768]]],[[[-71.411385,41.830786],[-71.411365,41.830894],[-71.411361,41.830786],[-71.411385,41.830786]]],[[[-71.411414,41.830911],[-71.411394,41.83102],[-71.41139,41.830912],[-71.411414,41.830911]]],[[[-71.411418,41.831019],[-71.411502,41.831342],[-71.411458,41.831451],[-71.411418,41.831019]]],[[[-71.411427,41.831902],[-71.411402,41.831884],[-71.411426,41.831884],[-71.411427,41.831902]]],[[[-71.411527,41.832008],[-71.411502,41.831972],[-71.411526,41.831972],[-71.411527,41.832008]]],[[[-71.41148,41.832045],[-71.411486,41.832189],[-71.411447,41.832442],[-71.41148,41.832045]]],[[[-71.411312,41.832697],[-71.411289,41.832715],[-71.411288,41.832697],[-71.411312,41.832697]]],[[[-71.411293,41.832823],[-71.411272,41.832914],[-71.411269,41.832824],[-71.411293,41.832823]]],[[[-71.411351,41.833092],[-71.411412,41.832785],[-71.411483,41.832747],[-71.411443,41.832982],[-71.411351,41.833092]]],[[[-71.410337,41.825314],[-71.410091,41.825193],[-71.410139,41.825174],[-71.410112,41.825103],[-71.409963,41.82498],[-71.409867,41.824982],[-71.409585,41.825186],[-71.409537,41.825187],[-71.409558,41.825114],[-71.40944,41.825171],[-71.409365,41.825082],[-71.409387,41.825028],[-71.409434,41.825009],[-71.409436,41.825063],[-71.409508,41.825061],[-71.409625,41.824951],[-71.409619,41.824807],[-71.409425,41.824757],[-71.409421,41.824667],[-71.40952,41.824719],[-71.409464,41.824522],[-71.409417,41.824541],[-71.409421,41.824649],[-71.409302,41.824706],[-71.409344,41.824525],[-71.409271,41.824526],[-71.409226,41.824599],[-71.409081,41.824584],[-71.409011,41.82464],[-71.408981,41.824496],[-71.408669,41.824503],[-71.408619,41.824468],[-71.408597,41.824522],[-71.408675,41.824665],[-71.408868,41.824679],[-71.408894,41.824732],[-71.408966,41.824731],[-71.408896,41.824786],[-71.408992,41.824784],[-71.408926,41.824948],[-71.408878,41.824949],[-71.408802,41.82486],[-71.408798,41.824752],[-71.408751,41.824771],[-71.408828,41.824914],[-71.408806,41.824968],[-71.40868,41.824809],[-71.40865,41.824647],[-71.408469,41.824309],[-71.408357,41.823897],[-71.408396,41.823644],[-71.408347,41.823645],[-71.408321,41.823573],[-71.408314,41.823393],[-71.408265,41.823376],[-71.408149,41.823487],[-71.408096,41.823362],[-71.408139,41.823235],[-71.408065,41.823164],[-71.407919,41.823131],[-71.407993,41.823184],[-71.407946,41.823221],[-71.407978,41.823418],[-71.407936,41.823599],[-71.408065,41.823813],[-71.408043,41.823885],[-71.408119,41.823974],[-71.408176,41.824207],[-71.408134,41.82437],[-71.40805,41.824065],[-71.407856,41.824015],[-71.407852,41.823925],[-71.408017,41.823832],[-71.408015,41.823778],[-71.407845,41.823727],[-71.407704,41.82319],[-71.407558,41.823139],[-71.407506,41.823032],[-71.407284,41.822893],[-71.406362,41.821435],[-71.406348,41.821057],[-71.406168,41.820737],[-71.405868,41.820455],[-71.405815,41.82033],[-71.405879,41.820094],[-71.405995,41.819984],[-71.406187,41.819962],[-71.405973,41.820038],[-71.405958,41.820273],[-71.406057,41.820361],[-71.406293,41.820878],[-71.406316,41.820842],[-71.406389,41.820876],[-71.406508,41.820837],[-71.40653,41.820783],[-71.406627,41.820781],[-71.406837,41.820596],[-71.406956,41.820576],[-71.407002,41.820521],[-71.407194,41.820499],[-71.407216,41.820444],[-71.407362,41.820477],[-71.407408,41.820422],[-71.407722,41.820452],[-71.407719,41.82038],[-71.40791,41.820322],[-71.407955,41.820249],[-71.407924,41.820069],[-71.407972,41.82005],[-71.408046,41.820103],[-71.408111,41.819903],[-71.408219,41.820207],[-71.408343,41.820313],[-71.408275,41.820422],[-71.408356,41.820655],[-71.408452,41.820653],[-71.408544,41.820543],[-71.408711,41.820503],[-71.408747,41.820809],[-71.408675,41.82081],[-71.408655,41.820919],[-71.4088,41.820934],[-71.408997,41.821073],[-71.409235,41.820996],[-71.40938,41.821011],[-71.409338,41.821156],[-71.408968,41.821578],[-71.40946,41.821838],[-71.409624,41.821727],[-71.40965,41.82178],[-71.409768,41.821724],[-71.409654,41.821888],[-71.40966,41.82205],[-71.409785,41.822174],[-71.409664,41.822158],[-71.409714,41.822211],[-71.409692,41.822248],[-71.409519,41.822143],[-71.409423,41.822145],[-71.409474,41.822216],[-71.409479,41.82236],[-71.409387,41.82247],[-71.409443,41.822667],[-71.409345,41.822633],[-71.409152,41.822637],[-71.40913,41.822674],[-71.409162,41.822889],[-71.40926,41.822941],[-71.409263,41.823013],[-71.409019,41.822928],[-71.408944,41.822858],[-71.408681,41.822899],[-71.408659,41.822954],[-71.40854,41.822992],[-71.408542,41.823046],[-71.408712,41.823097],[-71.408788,41.823185],[-71.409083,41.823341],[-71.409155,41.82334],[-71.40934,41.823156],[-71.409391,41.823227],[-71.409113,41.823503],[-71.409069,41.823612],[-71.408997,41.823631],[-71.409,41.823703],[-71.408882,41.82376],[-71.40891,41.823867],[-71.409201,41.823933],[-71.408864,41.823922],[-71.408795,41.824032],[-71.40879,41.823888],[-71.408479,41.82393],[-71.408462,41.824129],[-71.408536,41.824181],[-71.409188,41.824222],[-71.409205,41.824041],[-71.409276,41.824004],[-71.40926,41.82422],[-71.409307,41.824183],[-71.409405,41.824235],[-71.409379,41.824182],[-71.40945,41.824144],[-71.40943,41.824253],[-71.409623,41.824267],[-71.409575,41.824286],[-71.409625,41.82432],[-71.409481,41.824324],[-71.409483,41.824378],[-71.409384,41.824308],[-71.409415,41.824505],[-71.409632,41.8245],[-71.40965,41.824356],[-71.409722,41.824336],[-71.409764,41.824173],[-71.409792,41.824281],[-71.409912,41.82426],[-71.409795,41.824353],[-71.409809,41.824731],[-71.409858,41.824766],[-71.410025,41.824726],[-71.409998,41.824637],[-71.4099,41.824603],[-71.409899,41.824567],[-71.410142,41.824616],[-71.410236,41.82456],[-71.410234,41.824506],[-71.41033,41.824504],[-71.410424,41.82443],[-71.410374,41.824377],[-71.410443,41.824303],[-71.410469,41.824357],[-71.410541,41.824355],[-71.410754,41.824243],[-71.410733,41.824333],[-71.410265,41.824703],[-71.410291,41.824739],[-71.410337,41.824684],[-71.410409,41.824682],[-71.410435,41.824736],[-71.410317,41.824792],[-71.410196,41.824777],[-71.410126,41.824832],[-71.410157,41.82503],[-71.410553,41.82531],[-71.410527,41.825256],[-71.410646,41.825218],[-71.410667,41.825145],[-71.410764,41.825143],[-71.410855,41.825015],[-71.410928,41.825032],[-71.411162,41.824847],[-71.41116,41.824793],[-71.411255,41.824755],[-71.411263,41.824322],[-71.411214,41.824305],[-71.411285,41.824268],[-71.411359,41.82432],[-71.411379,41.82423],[-71.411668,41.824206],[-71.411659,41.823972],[-71.411972,41.823965],[-71.411796,41.823771],[-71.412067,41.823945],[-71.412115,41.823944],[-71.412066,41.823909],[-71.412088,41.823872],[-71.412286,41.824012],[-71.412335,41.824011],[-71.412401,41.823866],[-71.412569,41.823844],[-71.412406,41.823992],[-71.412432,41.824045],[-71.412411,41.824118],[-71.412585,41.824276],[-71.41229,41.82412],[-71.412272,41.824265],[-71.412129,41.824322],[-71.411615,41.824729],[-71.411473,41.824786],[-71.411451,41.824841],[-71.411191,41.824972],[-71.410792,41.825269],[-71.410579,41.825345],[-71.410433,41.825312],[-71.410413,41.825421],[-71.410337,41.825314]],[[-71.409439,41.825135],[-71.409486,41.825098],[-71.409437,41.825081],[-71.409439,41.825135]],[[-71.408546,41.824433],[-71.409052,41.824459],[-71.40907,41.824296],[-71.408515,41.824254],[-71.408546,41.824433]],[[-71.406317,41.820878],[-71.406343,41.820913],[-71.406341,41.820877],[-71.406317,41.820878]],[[-71.412408,41.824046],[-71.412385,41.824064],[-71.412409,41.824064],[-71.412408,41.824046]],[[-71.410432,41.825294],[-71.410384,41.825295],[-71.410386,41.825349],[-71.41041,41.825349],[-71.410432,41.825294]],[[-71.409636,41.824608],[-71.40961,41.824573],[-71.409612,41.824609],[-71.409636,41.824608]],[[-71.409168,41.82433],[-71.409216,41.824329],[-71.409268,41.824436],[-71.409316,41.824417],[-71.409342,41.824489],[-71.40936,41.824308],[-71.409191,41.824294],[-71.409168,41.82433]],[[-71.408805,41.823635],[-71.408877,41.823634],[-71.409086,41.823431],[-71.408913,41.823309],[-71.408796,41.823401],[-71.4087,41.823403],[-71.408625,41.823351],[-71.40846,41.823444],[-71.408489,41.82357],[-71.408444,41.823661],[-71.408498,41.823804],[-71.408714,41.823799],[-71.408807,41.823707],[-71.408805,41.823635]],[[-71.407931,41.823455],[-71.407906,41.823438],[-71.407907,41.823456],[-71.407931,41.823455]],[[-71.40795,41.823329],[-71.407903,41.823348],[-71.407929,41.823401],[-71.407953,41.823401],[-71.40795,41.823329]],[[-71.408792,41.823293],[-71.408692,41.823205],[-71.408721,41.823331],[-71.408792,41.823293]],[[-71.407849,41.823205],[-71.407874,41.823222],[-71.407873,41.823204],[-71.407849,41.823205]],[[-71.407849,41.823205],[-71.407825,41.823187],[-71.407825,41.823205],[-71.407849,41.823205]],[[-71.407802,41.823224],[-71.407777,41.823206],[-71.407778,41.823224],[-71.407802,41.823224]],[[-71.4078,41.82317],[-71.407775,41.823152],[-71.407776,41.82317],[-71.4078,41.82317]],[[-71.408112,41.823145],[-71.408087,41.82311],[-71.408088,41.823146],[-71.408112,41.823145]],[[-71.407816,41.822972],[-71.407667,41.822849],[-71.407649,41.823011],[-71.407725,41.8231],[-71.407845,41.823097],[-71.407816,41.822972]],[[-71.408847,41.822842],[-71.408822,41.822824],[-71.408823,41.822842],[-71.408847,41.822842]],[[-71.407491,41.822636],[-71.407516,41.822654],[-71.407515,41.822636],[-71.407491,41.822636]],[[-71.407491,41.822636],[-71.407465,41.822601],[-71.407467,41.822637],[-71.407491,41.822636]],[[-71.407465,41.822601],[-71.40744,41.822565],[-71.407441,41.822601],[-71.407465,41.822601]],[[-71.40744,41.822565],[-71.407391,41.82253],[-71.407391,41.822548],[-71.40744,41.822565]],[[-71.407463,41.822529],[-71.40746,41.822457],[-71.407207,41.82212],[-71.4072,41.82194],[-71.407028,41.821853],[-71.40705,41.821799],[-71.406843,41.821425],[-71.40684,41.821335],[-71.406912,41.821333],[-71.406916,41.821441],[-71.407066,41.821582],[-71.407043,41.821619],[-71.407116,41.821635],[-71.407131,41.821383],[-71.407056,41.821312],[-71.407077,41.82124],[-71.406982,41.821278],[-71.407002,41.821169],[-71.40686,41.821226],[-71.406689,41.821158],[-71.406672,41.821356],[-71.406828,41.821659],[-71.406902,41.821712],[-71.406884,41.821856],[-71.406963,41.822035],[-71.407064,41.822177],[-71.407161,41.822175],[-71.407164,41.822265],[-71.407265,41.822389],[-71.407361,41.822387],[-71.407463,41.822529]],[[-71.407488,41.822546],[-71.407513,41.822582],[-71.407512,41.822546],[-71.407488,41.822546]],[[-71.408136,41.822496],[-71.407768,41.822324],[-71.407673,41.822362],[-71.407703,41.822506],[-71.407846,41.822485],[-71.408141,41.822622],[-71.408136,41.822496]],[[-71.408782,41.822393],[-71.408536,41.822254],[-71.408465,41.822273],[-71.408493,41.822381],[-71.408739,41.822538],[-71.408834,41.822482],[-71.408782,41.822393]],[[-71.409158,41.822133],[-71.409228,41.822095],[-71.409249,41.822005],[-71.409004,41.821884],[-71.408815,41.821978],[-71.408678,41.822179],[-71.408873,41.822247],[-71.408998,41.82237],[-71.40907,41.822369],[-71.409158,41.822133]]],[[[-71.409399,41.826],[-71.409376,41.826019],[-71.409375,41.826001],[-71.409399,41.826]]],[[[-71.4094,41.826036],[-71.409424,41.826018],[-71.409424,41.826036],[-71.4094,41.826036]]],[[[-71.409448,41.826035],[-71.409425,41.826054],[-71.409424,41.826036],[-71.409448,41.826035]]],[[[-71.409474,41.826071],[-71.409449,41.826053],[-71.409473,41.826053],[-71.409474,41.826071]]],[[[-71.409474,41.826071],[-71.409499,41.826088],[-71.409475,41.826089],[-71.409474,41.826071]]],[[[-71.409523,41.826088],[-71.409499,41.826106],[-71.409499,41.826088],[-71.409523,41.826088]]],[[[-71.409524,41.826124],[-71.409547,41.826105],[-71.409548,41.826123],[-71.409524,41.826124]]],[[[-71.409572,41.826123],[-71.409549,41.826141],[-71.409548,41.826123],[-71.409572,41.826123]]],[[[-71.409598,41.826158],[-71.409573,41.826141],[-71.409597,41.82614],[-71.409598,41.826158]]],[[[-71.409598,41.826158],[-71.409622,41.826176],[-71.409598,41.826176],[-71.409598,41.826158]]],[[[-71.40967,41.826175],[-71.409623,41.826194],[-71.409622,41.826176],[-71.40967,41.826175]]],[[[-71.409672,41.826229],[-71.409696,41.82621],[-71.409697,41.826228],[-71.409672,41.826229]]],[[[-71.409721,41.826228],[-71.409697,41.826246],[-71.409697,41.826228],[-71.409721,41.826228]]],[[[-71.409746,41.826263],[-71.409721,41.826246],[-71.409745,41.826245],[-71.409746,41.826263]]],[[[-71.409746,41.826263],[-71.409771,41.826281],[-71.409747,41.826281],[-71.409746,41.826263]]],[[[-71.409795,41.82628],[-71.409771,41.826299],[-71.409771,41.826281],[-71.409795,41.82628]]],[[[-71.40987,41.826369],[-71.409797,41.826334],[-71.409795,41.826298],[-71.40987,41.826369]]],[[[-71.409894,41.826368],[-71.409871,41.826387],[-71.40987,41.826369],[-71.409894,41.826368]]],[[[-71.40992,41.826404],[-71.409895,41.826386],[-71.409919,41.826386],[-71.40992,41.826404]]],[[[-71.40992,41.826404],[-71.409945,41.826421],[-71.409921,41.826422],[-71.40992,41.826404]]],[[[-71.409969,41.826421],[-71.409945,41.826439],[-71.409945,41.826421],[-71.409969,41.826421]]],[[[-71.40997,41.826457],[-71.409993,41.826438],[-71.409994,41.826456],[-71.40997,41.826457]]],[[[-71.410018,41.826456],[-71.409995,41.826474],[-71.409994,41.826456],[-71.410018,41.826456]]],[[[-71.410044,41.826491],[-71.410019,41.826474],[-71.410043,41.826473],[-71.410044,41.826491]]],[[[-71.410044,41.826491],[-71.410068,41.826509],[-71.410044,41.826509],[-71.410044,41.826491]]],[[[-71.410092,41.826508],[-71.410069,41.826527],[-71.410068,41.826509],[-71.410092,41.826508]]],[[[-71.410094,41.826544],[-71.410117,41.826526],[-71.410118,41.826544],[-71.410094,41.826544]]],[[[-71.410142,41.826543],[-71.410118,41.826562],[-71.410118,41.826544],[-71.410142,41.826543]]],[[[-71.410167,41.826579],[-71.410143,41.826561],[-71.410167,41.826561],[-71.410167,41.826579]]],[[[-71.410167,41.826579],[-71.410192,41.826596],[-71.410168,41.826597],[-71.410167,41.826579]]],[[[-71.410216,41.826596],[-71.410193,41.826614],[-71.410192,41.826596],[-71.410216,41.826596]]],[[[-71.410217,41.826632],[-71.410241,41.826613],[-71.410241,41.826631],[-71.410217,41.826632]]],[[[-71.410266,41.826631],[-71.410242,41.826649],[-71.410241,41.826631],[-71.410266,41.826631]]],[[[-71.410291,41.826666],[-71.410266,41.826649],[-71.41029,41.826648],[-71.410291,41.826666]]],[[[-71.410291,41.826666],[-71.410316,41.826684],[-71.410292,41.826684],[-71.410291,41.826666]]],[[[-71.41034,41.826683],[-71.410316,41.826702],[-71.410316,41.826684],[-71.41034,41.826683]]],[[[-71.410341,41.826719],[-71.410364,41.826701],[-71.410365,41.826719],[-71.410341,41.826719]]],[[[-71.409795,41.826929],[-71.409693,41.826787],[-71.409716,41.82675],[-71.409917,41.826962],[-71.409795,41.826929]]],[[[-71.410082,41.826887],[-71.410057,41.826851],[-71.410081,41.826851],[-71.410082,41.826887]]],[[[-71.410082,41.826887],[-71.410108,41.826922],[-71.410084,41.826923],[-71.410082,41.826887]]],[[[-71.410132,41.826922],[-71.41011,41.826976],[-71.410108,41.826922],[-71.410132,41.826922]]],[[[-71.410135,41.827012],[-71.410158,41.826975],[-71.410159,41.827011],[-71.410135,41.827012]]],[[[-71.410183,41.827011],[-71.410161,41.827047],[-71.410159,41.827011],[-71.410183,41.827011]]],[[[-71.41021,41.827082],[-71.410185,41.827047],[-71.410209,41.827046],[-71.41021,41.827082]]],[[[-71.41021,41.827082],[-71.410235,41.8271],[-71.410211,41.8271],[-71.41021,41.827082]]],[[[-71.410668,41.827739],[-71.410645,41.827757],[-71.410644,41.827739],[-71.410668,41.827739]]],[[[-71.410694,41.827774],[-71.41067,41.827793],[-71.41067,41.827775],[-71.410694,41.827774]]],[[[-71.41072,41.827828],[-71.410696,41.827846],[-71.410696,41.827828],[-71.41072,41.827828]]],[[[-71.410582,41.827993],[-71.410557,41.827975],[-71.410581,41.827975],[-71.410582,41.827993]]],[[[-71.410607,41.828028],[-71.410582,41.828011],[-71.410606,41.82801],[-71.410607,41.828028]]],[[[-71.410631,41.828028],[-71.410608,41.828064],[-71.410607,41.828028],[-71.410631,41.828028]]],[[[-71.410739,41.82835],[-71.410633,41.828082],[-71.410788,41.828367],[-71.410739,41.82835]]],[[[-71.403143,41.815198],[-71.403097,41.815253],[-71.403072,41.815218],[-71.403143,41.815198]]],[[[-71.403251,41.815502],[-71.403226,41.815485],[-71.40325,41.815484],[-71.403251,41.815502]]],[[[-71.400989,41.81618],[-71.400964,41.816162],[-71.400988,41.816162],[-71.400989,41.81618]]],[[[-71.407011,41.819476],[-71.407038,41.819548],[-71.406967,41.819567],[-71.406946,41.819676],[-71.406542,41.819792],[-71.406426,41.819921],[-71.406187,41.819962],[-71.406377,41.819904],[-71.406658,41.8197],[-71.406656,41.819646],[-71.40656,41.81963],[-71.406419,41.819723],[-71.406226,41.819727],[-71.406125,41.819603],[-71.406052,41.819586],[-71.405812,41.819591],[-71.405741,41.819647],[-71.405645,41.819649],[-71.405539,41.819381],[-71.405387,41.819186],[-71.40512,41.819119],[-71.405064,41.818904],[-71.405134,41.818849],[-71.405131,41.818777],[-71.405009,41.818743],[-71.404908,41.818601],[-71.40495,41.818457],[-71.404734,41.818461],[-71.404659,41.818391],[-71.404519,41.817871],[-71.404158,41.817861],[-71.404033,41.817755],[-71.404,41.817504],[-71.40387,41.817254],[-71.403982,41.817018],[-71.403974,41.816802],[-71.403617,41.816287],[-71.403251,41.815502],[-71.403376,41.815626],[-71.403508,41.815947],[-71.403705,41.816069],[-71.403639,41.816232],[-71.403762,41.816284],[-71.403742,41.81641],[-71.403897,41.816677],[-71.403945,41.816676],[-71.403918,41.816605],[-71.404157,41.816564],[-71.40418,41.816527],[-71.404256,41.816616],[-71.404542,41.816538],[-71.404424,41.816612],[-71.404403,41.816703],[-71.404308,41.816741],[-71.404288,41.816831],[-71.404361,41.816848],[-71.404334,41.816776],[-71.404455,41.816792],[-71.404597,41.816735],[-71.404717,41.816732],[-71.404865,41.816819],[-71.404797,41.816929],[-71.404655,41.817004],[-71.404662,41.817184],[-71.404446,41.817206],[-71.404247,41.81703],[-71.404165,41.81678],[-71.403997,41.816783],[-71.404098,41.816907],[-71.404052,41.81698],[-71.404204,41.817157],[-71.404335,41.817461],[-71.404457,41.817494],[-71.404437,41.817603],[-71.404613,41.817797],[-71.404569,41.817906],[-71.404771,41.818154],[-71.404852,41.818387],[-71.404995,41.818366],[-71.405059,41.81813],[-71.405136,41.818254],[-71.405231,41.818234],[-71.405228,41.818162],[-71.405322,41.818088],[-71.405492,41.818139],[-71.405413,41.817942],[-71.405555,41.817885],[-71.405553,41.817831],[-71.405337,41.817836],[-71.405311,41.817801],[-71.405599,41.817758],[-71.405649,41.817811],[-71.405669,41.817721],[-71.405612,41.81747],[-71.405539,41.817454],[-71.405494,41.817527],[-71.405206,41.817569],[-71.405181,41.817533],[-71.404964,41.817538],[-71.405055,41.817392],[-71.404959,41.817412],[-71.404886,41.817377],[-71.405336,41.817188],[-71.405381,41.817097],[-71.405526,41.817112],[-71.406238,41.816826],[-71.406354,41.816716],[-71.406415,41.816408],[-71.406456,41.816876],[-71.406529,41.816892],[-71.406623,41.816818],[-71.406743,41.816816],[-71.406697,41.816871],[-71.406625,41.816872],[-71.40668,41.817051],[-71.406558,41.817018],[-71.406638,41.817214],[-71.406438,41.817038],[-71.406151,41.81708],[-71.405942,41.817283],[-71.405939,41.817211],[-71.405891,41.817212],[-71.405846,41.817285],[-71.406003,41.817624],[-71.405882,41.817608],[-71.405757,41.817503],[-71.405681,41.817378],[-71.405749,41.817287],[-71.405654,41.817307],[-71.405658,41.817415],[-71.405707,41.81745],[-71.405691,41.817648],[-71.405768,41.817773],[-71.405774,41.817935],[-71.405851,41.818059],[-71.405947,41.818057],[-71.406015,41.817948],[-71.406161,41.817981],[-71.406302,41.817906],[-71.406445,41.817867],[-71.406494,41.817884],[-71.406332,41.818067],[-71.406213,41.818088],[-71.406153,41.818431],[-71.406057,41.818433],[-71.406013,41.818542],[-71.40594,41.818526],[-71.405992,41.818633],[-71.406086,41.818559],[-71.406232,41.818592],[-71.406138,41.818666],[-71.406188,41.818701],[-71.405594,41.818929],[-71.405526,41.819039],[-71.405478,41.81904],[-71.405482,41.819148],[-71.405738,41.819557],[-71.406047,41.81946],[-71.406148,41.819566],[-71.406243,41.819546],[-71.406245,41.819582],[-71.406389,41.819579],[-71.406414,41.819615],[-71.406412,41.819561],[-71.406509,41.819577],[-71.406484,41.819541],[-71.406581,41.819557],[-71.40658,41.819521],[-71.406652,41.819538],[-71.406675,41.819501],[-71.406868,41.819497],[-71.406917,41.819532],[-71.406916,41.819496],[-71.407011,41.819476]],[[-71.403997,41.816783],[-71.403972,41.816748],[-71.403973,41.816784],[-71.403997,41.816783]],[[-71.406796,41.819517],[-71.406821,41.819552],[-71.406844,41.819516],[-71.406796,41.819517]],[[-71.406319,41.819635],[-71.406342,41.819616],[-71.406318,41.819617],[-71.406319,41.819635]],[[-71.406197,41.819601],[-71.406221,41.819583],[-71.406197,41.819583],[-71.406197,41.819601]],[[-71.406749,41.819536],[-71.406701,41.819555],[-71.40675,41.819572],[-71.406749,41.819536]],[[-71.405346,41.818736],[-71.40537,41.818718],[-71.405346,41.818718],[-71.405346,41.818736]],[[-71.405578,41.817849],[-71.405601,41.81783],[-71.405577,41.817831],[-71.405578,41.817849]],[[-71.405774,41.817304],[-71.405797,41.817268],[-71.405773,41.817268],[-71.405774,41.817304]],[[-71.40572,41.817144],[-71.405743,41.817125],[-71.405719,41.817126],[-71.40572,41.817144]],[[-71.405816,41.817123],[-71.405767,41.817107],[-71.405767,41.817125],[-71.405816,41.817123]],[[-71.405863,41.817104],[-71.406124,41.817009],[-71.406289,41.816915],[-71.405814,41.817088],[-71.405863,41.817104]],[[-71.406289,41.816915],[-71.406337,41.816896],[-71.406289,41.816897],[-71.406289,41.816915]]],[[[-71.401149,41.817257],[-71.401168,41.817113],[-71.401095,41.817096],[-71.401116,41.817006],[-71.401042,41.816971],[-71.400986,41.816756],[-71.40086,41.816615],[-71.400954,41.816541],[-71.401056,41.816683],[-71.401177,41.816698],[-71.401245,41.816589],[-71.401219,41.816535],[-71.401076,41.816574],[-71.401073,41.816502],[-71.400974,41.816432],[-71.401043,41.816341],[-71.400946,41.816325],[-71.40092,41.816271],[-71.401014,41.816215],[-71.402475,41.817932],[-71.402921,41.818283],[-71.403004,41.818569],[-71.40341,41.819119],[-71.404559,41.820212],[-71.404611,41.820337],[-71.404542,41.82041],[-71.404546,41.820518],[-71.404622,41.820625],[-71.404744,41.820658],[-71.404813,41.820567],[-71.404688,41.820461],[-71.40471,41.820389],[-71.404926,41.820384],[-71.405,41.820437],[-71.404888,41.820637],[-71.404942,41.820816],[-71.405214,41.820991],[-71.405318,41.821205],[-71.405467,41.821328],[-71.405698,41.821701],[-71.405847,41.821824],[-71.405898,41.821895],[-71.405855,41.82204],[-71.406177,41.822267],[-71.406353,41.82248],[-71.406773,41.822759],[-71.407357,41.823558],[-71.407412,41.823737],[-71.407511,41.823824],[-71.407517,41.823968],[-71.407759,41.823999],[-71.407761,41.824071],[-71.407666,41.824091],[-71.407668,41.824145],[-71.407492,41.823951],[-71.40747,41.824005],[-71.407445,41.82397],[-71.407373,41.823989],[-71.4074,41.824079],[-71.407328,41.824062],[-71.407251,41.823956],[-71.407255,41.824046],[-71.407206,41.824029],[-71.407055,41.823852],[-71.407051,41.823762],[-71.406852,41.823568],[-71.406849,41.823496],[-71.406699,41.823355],[-71.406577,41.823322],[-71.406595,41.823159],[-71.406544,41.82307],[-71.406297,41.822913],[-71.406268,41.82277],[-71.406097,41.822701],[-71.406093,41.822611],[-71.40597,41.822524],[-71.405825,41.822509],[-71.405821,41.822419],[-71.405869,41.8224],[-71.405818,41.822329],[-71.405698,41.822349],[-71.405671,41.822278],[-71.405623,41.822279],[-71.405395,41.821978],[-71.405223,41.821873],[-71.405244,41.821801],[-71.405172,41.821802],[-71.405194,41.821748],[-71.405071,41.821678],[-71.405068,41.821588],[-71.404972,41.821608],[-71.40487,41.821448],[-71.404723,41.821397],[-71.404744,41.821307],[-71.404693,41.821236],[-71.404547,41.821185],[-71.404546,41.821149],[-71.404449,41.821151],[-71.404445,41.821043],[-71.404346,41.820973],[-71.40434,41.820793],[-71.404068,41.820618],[-71.404086,41.820456],[-71.404182,41.820436],[-71.404204,41.820381],[-71.404252,41.82038],[-71.404378,41.820522],[-71.404448,41.820466],[-71.40439,41.820215],[-71.404291,41.820145],[-71.404112,41.819861],[-71.403695,41.819654],[-71.403518,41.819441],[-71.403421,41.819407],[-71.403295,41.819248],[-71.403341,41.819193],[-71.403288,41.819086],[-71.403066,41.818928],[-71.403036,41.818785],[-71.402941,41.818805],[-71.402939,41.818751],[-71.402841,41.818699],[-71.402808,41.818483],[-71.402657,41.818288],[-71.402387,41.818168],[-71.402322,41.818349],[-71.40225,41.818369],[-71.402248,41.818315],[-71.402125,41.818227],[-71.402095,41.818084],[-71.40195,41.818069],[-71.401876,41.818017],[-71.401897,41.817926],[-71.401822,41.817874],[-71.40182,41.817802],[-71.401449,41.817539],[-71.401518,41.817448],[-71.401301,41.817452],[-71.401252,41.817417],[-71.401248,41.817327],[-71.401296,41.817308],[-71.40127,41.817273],[-71.401199,41.81731],[-71.401149,41.817257]],[[-71.401296,41.817326],[-71.401321,41.817344],[-71.40132,41.817326],[-71.401296,41.817326]],[[-71.401246,41.817273],[-71.401222,41.817256],[-71.401222,41.817274],[-71.401246,41.817273]],[[-71.406698,41.823337],[-71.406721,41.823301],[-71.406697,41.823301],[-71.406698,41.823337]],[[-71.405579,41.82174],[-71.405602,41.821703],[-71.405578,41.821704],[-71.405579,41.82174]],[[-71.40485,41.820926],[-71.404854,41.821016],[-71.40495,41.821014],[-71.404923,41.820943],[-71.40485,41.820926]],[[-71.404727,41.820857],[-71.40475,41.82082],[-71.404726,41.820821],[-71.404727,41.820857]],[[-71.404701,41.820803],[-71.404748,41.820766],[-71.4047,41.820767],[-71.404701,41.820803]],[[-71.404523,41.820555],[-71.404426,41.820539],[-71.404626,41.820715],[-71.404623,41.820643],[-71.404523,41.820555]],[[-71.401996,41.818014],[-71.40202,41.817996],[-71.401996,41.817996],[-71.401996,41.818014]],[[-71.401216,41.817112],[-71.401242,41.817165],[-71.40129,41.817164],[-71.401216,41.817112]],[[-71.401255,41.816859],[-71.40123,41.816841],[-71.401231,41.816859],[-71.401255,41.816859]],[[-71.401278,41.81684],[-71.401394,41.81673],[-71.401153,41.816717],[-71.401181,41.816806],[-71.401278,41.81684]]],[[[-71.388685,41.82202],[-71.388713,41.822128],[-71.388618,41.822148],[-71.388614,41.82204],[-71.388685,41.82202]]],[[[-71.407693,41.824181],[-71.407669,41.824163],[-71.407693,41.824163],[-71.407693,41.824181]]],[[[-71.407719,41.824234],[-71.407695,41.824217],[-71.407719,41.824216],[-71.407719,41.824234]]],[[[-71.408182,41.824369],[-71.408159,41.824405],[-71.408158,41.824369],[-71.408182,41.824369]]],[[[-71.408208,41.824422],[-71.408185,41.824459],[-71.408184,41.824423],[-71.408208,41.824422]]],[[[-71.408233,41.824458],[-71.408211,41.824494],[-71.408209,41.824458],[-71.408233,41.824458]]],[[[-71.408261,41.824547],[-71.408235,41.824512],[-71.40826,41.824511],[-71.408261,41.824547]]],[[[-71.408261,41.824547],[-71.408286,41.824583],[-71.408262,41.824583],[-71.408261,41.824547]]],[[[-71.40831,41.824582],[-71.408288,41.824619],[-71.408286,41.824583],[-71.40831,41.824582]]],[[[-71.408336,41.824636],[-71.408314,41.824672],[-71.408312,41.824636],[-71.408336,41.824636]]],[[[-71.408185,41.825089],[-71.407881,41.824681],[-71.4078,41.824467],[-71.407727,41.82445],[-71.407676,41.824361],[-71.407721,41.82427],[-71.408185,41.825089]]],[[[-71.408363,41.824707],[-71.408338,41.824672],[-71.408362,41.824671],[-71.408363,41.824707]]],[[[-71.408389,41.824743],[-71.408364,41.824725],[-71.408388,41.824725],[-71.408389,41.824743]]],[[[-71.408413,41.82476],[-71.408391,41.824797],[-71.408389,41.824761],[-71.408413,41.82476]]],[[[-71.408416,41.824832],[-71.408439,41.824796],[-71.40844,41.824832],[-71.408416,41.824832]]],[[[-71.408465,41.824849],[-71.408442,41.824886],[-71.408441,41.82485],[-71.408465,41.824849]]],[[[-71.408492,41.824921],[-71.408466,41.824885],[-71.40849,41.824885],[-71.408492,41.824921]]],[[[-71.408518,41.824974],[-71.408492,41.824939],[-71.408516,41.824938],[-71.408518,41.824974]]],[[[-71.408569,41.825063],[-71.40852,41.825028],[-71.408518,41.824974],[-71.408567,41.825009],[-71.408569,41.825063]]],[[[-71.408209,41.825089],[-71.408186,41.825125],[-71.408185,41.825089],[-71.408209,41.825089]]],[[[-71.408234,41.825124],[-71.408211,41.825143],[-71.40821,41.825125],[-71.408234,41.825124]]],[[[-71.408569,41.825063],[-71.408621,41.825152],[-71.408647,41.825206],[-71.408569,41.825063]]],[[[-71.40826,41.825178],[-71.408236,41.82516],[-71.40826,41.82516],[-71.40826,41.825178]]],[[[-71.408285,41.825195],[-71.408262,41.825214],[-71.408261,41.825196],[-71.408285,41.825195]]],[[[-71.408826,41.82549],[-71.408777,41.825473],[-71.408776,41.825437],[-71.408825,41.825454],[-71.408826,41.82549]]],[[[-71.40885,41.82549],[-71.408827,41.825526],[-71.408826,41.82549],[-71.40885,41.82549]]],[[[-71.408876,41.825543],[-71.408851,41.825526],[-71.408875,41.825525],[-71.408876,41.825543]]],[[[-71.408902,41.825579],[-71.408877,41.825561],[-71.408901,41.825561],[-71.408902,41.825579]]],[[[-71.408926,41.825578],[-71.408902,41.825597],[-71.408902,41.825579],[-71.408926,41.825578]]],[[[-71.408951,41.825613],[-71.408928,41.825632],[-71.408927,41.825614],[-71.408951,41.825613]]],[[[-71.409001,41.825666],[-71.408978,41.825685],[-71.408977,41.825667],[-71.409001,41.825666]]],[[[-71.40869,41.825709],[-71.408665,41.825692],[-71.408689,41.825691],[-71.40869,41.825709]]],[[[-71.409027,41.825702],[-71.409002,41.825684],[-71.409026,41.825684],[-71.409027,41.825702]]],[[[-71.409076,41.825737],[-71.409053,41.825755],[-71.409052,41.825737],[-71.409076,41.825737]]],[[[-71.409077,41.825773],[-71.409101,41.825754],[-71.409101,41.825772],[-71.409077,41.825773]]],[[[-71.409126,41.825772],[-71.409102,41.82579],[-71.409101,41.825772],[-71.409126,41.825772]]],[[[-71.409152,41.825825],[-71.409127,41.825808],[-71.409151,41.825807],[-71.409152,41.825825]]],[[[-71.409152,41.825825],[-71.409176,41.825843],[-71.409152,41.825843],[-71.409152,41.825825]]],[[[-71.4092,41.825842],[-71.409177,41.825861],[-71.409176,41.825843],[-71.4092,41.825842]]],[[[-71.409202,41.825878],[-71.409225,41.82586],[-71.409226,41.825878],[-71.409202,41.825878]]],[[[-71.408913,41.825884],[-71.40889,41.825903],[-71.408889,41.825885],[-71.408913,41.825884]]],[[[-71.409251,41.825895],[-71.409226,41.825878],[-71.40925,41.825877],[-71.409251,41.825895]]],[[[-71.408938,41.82592],[-71.408914,41.825902],[-71.408938,41.825902],[-71.408938,41.82592]]],[[[-71.409275,41.825895],[-71.409251,41.825913],[-71.409251,41.825895],[-71.409275,41.825895]]],[[[-71.409276,41.825931],[-71.409299,41.825912],[-71.4093,41.82593],[-71.409276,41.825931]]],[[[-71.408987,41.825937],[-71.408964,41.825955],[-71.408963,41.825937],[-71.408987,41.825937]]],[[[-71.409013,41.82599],[-71.408989,41.825973],[-71.409013,41.825972],[-71.409013,41.82599]]],[[[-71.409037,41.82599],[-71.40931,41.8262],[-71.409339,41.826326],[-71.409539,41.82652],[-71.409418,41.826504],[-71.409113,41.826078],[-71.40899,41.826009],[-71.409037,41.82599]]]]}},{"type":"Feature","properties":{"level_mllw":10.5,"level_navd_ft":8.03},"geometry":{"type":"MultiPolygon","coordinates":[[[[-71.438338,41.825173],[-71.438314,41.825192],[-71.438314,41.825174],[-71.438338,41.825173]]],[[[-71.438266,41.825193],[-71.438243,41.825211],[-71.438242,41.825193],[-71.438266,41.825193]]],[[[-71.437456,41.825426],[-71.437432,41.825409],[-71.437456,41.825408],[-71.437456,41.825426]]],[[[-71.437385,41.825446],[-71.437432,41.825427],[-71.437433,41.825445],[-71.437385,41.825446]]],[[[-71.437385,41.825446],[-71.437337,41.825465],[-71.437337,41.825447],[-71.437385,41.825446]]],[[[-71.437337,41.825465],[-71.437314,41.825483],[-71.437313,41.825465],[-71.437337,41.825465]]],[[[-71.431799,41.828014],[-71.431727,41.828033],[-71.431727,41.828015],[-71.431799,41.828014]]],[[[-71.430482,41.828222],[-71.430435,41.828241],[-71.430434,41.828223],[-71.430482,41.828222]]],[[[-71.430338,41.828243],[-71.430314,41.828225],[-71.430338,41.828225],[-71.430338,41.828243]]],[[[-71.430532,41.828257],[-71.430507,41.828239],[-71.430531,41.828239],[-71.430532,41.828257]]],[[[-71.430218,41.828245],[-71.430147,41.828265],[-71.430146,41.828247],[-71.430218,41.828245]]],[[[-71.430099,41.828266],[-71.430027,41.828285],[-71.430026,41.828267],[-71.430099,41.828266]]],[[[-71.430027,41.828285],[-71.429908,41.828324],[-71.429907,41.828306],[-71.430027,41.828285]]],[[[-71.429885,41.828342],[-71.429692,41.828329],[-71.429884,41.828324],[-71.429885,41.828342]]],[[[-71.429645,41.828366],[-71.429524,41.82835],[-71.429667,41.828329],[-71.429645,41.828366]]],[[[-71.4295,41.828369],[-71.429405,41.828389],[-71.429404,41.828371],[-71.4295,41.828369]]],[[[-71.429357,41.82839],[-71.429333,41.828408],[-71.429333,41.82839],[-71.429357,41.82839]]],[[[-71.429213,41.828411],[-71.42919,41.828429],[-71.429189,41.828411],[-71.429213,41.828411]]],[[[-71.429141,41.82843],[-71.429093,41.828413],[-71.429141,41.828412],[-71.429141,41.82843]]],[[[-71.42907,41.82845],[-71.429021,41.828433],[-71.429069,41.828432],[-71.42907,41.82845]]],[[[-71.428974,41.828452],[-71.428926,41.828471],[-71.428926,41.828453],[-71.428974,41.828452]]],[[[-71.428902,41.828471],[-71.428831,41.828491],[-71.42883,41.828473],[-71.428902,41.828471]]],[[[-71.428831,41.828491],[-71.428783,41.82851],[-71.428783,41.828492],[-71.428831,41.828491]]],[[[-71.42876,41.828528],[-71.428735,41.828511],[-71.428759,41.82851],[-71.42876,41.828528]]],[[[-71.428521,41.828569],[-71.428567,41.828532],[-71.428688,41.82853],[-71.428688,41.828548],[-71.428521,41.828569]]],[[[-71.428353,41.828591],[-71.427992,41.828599],[-71.428352,41.828573],[-71.428353,41.828591]]],[[[-71.427968,41.828599],[-71.427825,41.828638],[-71.427824,41.82862],[-71.427968,41.828599]]],[[[-71.42934,41.828588],[-71.429317,41.828607],[-71.429316,41.828589],[-71.42934,41.828588]]],[[[-71.427729,41.828658],[-71.427825,41.828638],[-71.427825,41.828656],[-71.427729,41.828658]]],[[[-71.427729,41.828658],[-71.427634,41.828678],[-71.427633,41.82866],[-71.427729,41.828658]]],[[[-71.427634,41.828678],[-71.427562,41.828698],[-71.427561,41.82868],[-71.427634,41.828678]]],[[[-71.427514,41.828699],[-71.427418,41.828719],[-71.427418,41.828701],[-71.427514,41.828699]]],[[[-71.427394,41.828719],[-71.427323,41.828739],[-71.427322,41.828721],[-71.427394,41.828719]]],[[[-71.427299,41.828757],[-71.427227,41.828741],[-71.427299,41.828739],[-71.427299,41.828757]]],[[[-71.427204,41.828777],[-71.427131,41.828761],[-71.427203,41.828759],[-71.427204,41.828777]]],[[[-71.428671,41.828728],[-71.428648,41.828747],[-71.428647,41.828729],[-71.428671,41.828728]]],[[[-71.427108,41.828779],[-71.42706,41.828798],[-71.42706,41.82878],[-71.427108,41.828779]]],[[[-71.427037,41.828817],[-71.426964,41.8288],[-71.427036,41.828799],[-71.427037,41.828817]]],[[[-71.428505,41.828804],[-71.428481,41.828786],[-71.428505,41.828786],[-71.428505,41.828804]]],[[[-71.426965,41.828836],[-71.426868,41.828821],[-71.426965,41.828818],[-71.426965,41.828836]]],[[[-71.428457,41.828805],[-71.42841,41.828824],[-71.428409,41.828806],[-71.428457,41.828805]]],[[[-71.428362,41.828825],[-71.428314,41.828844],[-71.428314,41.828826],[-71.428362,41.828825]]],[[[-71.428266,41.828845],[-71.428219,41.828864],[-71.428218,41.828846],[-71.428266,41.828845]]],[[[-71.428171,41.828883],[-71.428146,41.828866],[-71.428171,41.828865],[-71.428171,41.828883]]],[[[-71.428124,41.828902],[-71.428027,41.828886],[-71.428123,41.828884],[-71.428124,41.828902]]],[[[-71.428028,41.828904],[-71.427908,41.828925],[-71.427907,41.828907],[-71.428028,41.828904]]],[[[-71.427884,41.828925],[-71.427812,41.828945],[-71.427812,41.828927],[-71.427884,41.828925]]],[[[-71.427812,41.828945],[-71.427717,41.828965],[-71.427716,41.828947],[-71.427812,41.828945]]],[[[-71.427693,41.828983],[-71.42762,41.828967],[-71.427693,41.828965],[-71.427693,41.828983]]],[[[-71.427598,41.829003],[-71.427525,41.828987],[-71.427597,41.828985],[-71.427598,41.829003]]],[[[-71.427477,41.829006],[-71.42743,41.829025],[-71.427429,41.829007],[-71.427477,41.829006]]],[[[-71.427382,41.829026],[-71.427358,41.829044],[-71.427358,41.829026],[-71.427382,41.829026]]],[[[-71.427239,41.829065],[-71.427191,41.829084],[-71.427191,41.829066],[-71.427239,41.829065]]],[[[-71.42712,41.829103],[-71.427071,41.829086],[-71.427119,41.829085],[-71.42712,41.829103]]],[[[-71.427024,41.829123],[-71.427,41.829106],[-71.427024,41.829105],[-71.427024,41.829123]]],[[[-71.422334,41.828646],[-71.422239,41.828666],[-71.422238,41.828648],[-71.422334,41.828646]]],[[[-71.422335,41.828664],[-71.422843,41.828725],[-71.423014,41.828794],[-71.422335,41.828664]]],[[[-71.42316,41.828827],[-71.423088,41.828828],[-71.423014,41.828794],[-71.42311,41.828792],[-71.42316,41.828827]]],[[[-71.423209,41.828844],[-71.423184,41.828826],[-71.423208,41.828826],[-71.423209,41.828844]]],[[[-71.423306,41.82886],[-71.423257,41.828843],[-71.423305,41.828842],[-71.423306,41.82886]]],[[[-71.42687,41.828857],[-71.426773,41.828841],[-71.426869,41.828839],[-71.42687,41.828857]]],[[[-71.426677,41.828861],[-71.426774,41.828877],[-71.426678,41.828879],[-71.426677,41.828861]]],[[[-71.422298,41.828953],[-71.422202,41.828973],[-71.422201,41.828955],[-71.422298,41.828953]]],[[[-71.424034,41.829007],[-71.423354,41.828859],[-71.42413,41.829004],[-71.424034,41.829007]]],[[[-71.422419,41.828987],[-71.422322,41.828971],[-71.422419,41.828969],[-71.422419,41.828987]]],[[[-71.422516,41.828985],[-71.422444,41.829004],[-71.422443,41.828986],[-71.422516,41.828985]]],[[[-71.426463,41.828919],[-71.426367,41.828939],[-71.426366,41.828921],[-71.426463,41.828919]]],[[[-71.422613,41.829],[-71.422541,41.82902],[-71.42254,41.829002],[-71.422613,41.829]]],[[[-71.426368,41.828957],[-71.426271,41.828941],[-71.426367,41.828939],[-71.426368,41.828957]]],[[[-71.422686,41.829035],[-71.422613,41.829018],[-71.422685,41.829017],[-71.422686,41.829035]]],[[[-71.424226,41.829002],[-71.424131,41.829022],[-71.42413,41.829004],[-71.424226,41.829002]]],[[[-71.426247,41.82896],[-71.426152,41.82898],[-71.426151,41.828962],[-71.426247,41.82896]]],[[[-71.426128,41.82898],[-71.426056,41.829],[-71.426056,41.828982],[-71.426128,41.82898]]],[[[-71.422857,41.829085],[-71.422832,41.829068],[-71.422856,41.829067],[-71.422857,41.829085]]],[[[-71.426033,41.829018],[-71.42596,41.829002],[-71.426032,41.829],[-71.426033,41.829018]]],[[[-71.424227,41.82902],[-71.424444,41.829034],[-71.424518,41.829068],[-71.424227,41.82902]]],[[[-71.422929,41.829102],[-71.422881,41.829085],[-71.422929,41.829084],[-71.422929,41.829102]]],[[[-71.425937,41.829038],[-71.425865,41.829022],[-71.425937,41.82902],[-71.425937,41.829038]]],[[[-71.425841,41.82904],[-71.425794,41.829059],[-71.425793,41.829041],[-71.425841,41.82904]]],[[[-71.423002,41.829118],[-71.422954,41.829101],[-71.423002,41.8291],[-71.423002,41.829118]]],[[[-71.424615,41.829084],[-71.424518,41.829068],[-71.424614,41.829066],[-71.424615,41.829084]]],[[[-71.425746,41.82906],[-71.425674,41.82908],[-71.425673,41.829062],[-71.425746,41.82906]]],[[[-71.423099,41.829116],[-71.423075,41.829135],[-71.423075,41.829117],[-71.423099,41.829116]]],[[[-71.424831,41.82908],[-71.424639,41.829102],[-71.424639,41.829084],[-71.424831,41.82908]]],[[[-71.424953,41.829113],[-71.424832,41.829098],[-71.424952,41.829095],[-71.424953,41.829113]]],[[[-71.423196,41.82915],[-71.423171,41.829133],[-71.423196,41.829132],[-71.423196,41.82915]]],[[[-71.425626,41.829081],[-71.42553,41.829101],[-71.42553,41.829083],[-71.425626,41.829081]]],[[[-71.425506,41.829101],[-71.425483,41.82912],[-71.425482,41.829102],[-71.425506,41.829101]]],[[[-71.425243,41.829143],[-71.424978,41.829131],[-71.424977,41.829113],[-71.425362,41.829105],[-71.425243,41.829143]]],[[[-71.423463,41.829199],[-71.423438,41.829181],[-71.423462,41.829181],[-71.423463,41.829199]]],[[[-71.426929,41.829143],[-71.42688,41.829126],[-71.426928,41.829125],[-71.426929,41.829143]]],[[[-71.426857,41.829145],[-71.426785,41.829165],[-71.426784,41.829147],[-71.426857,41.829145]]],[[[-71.423729,41.829229],[-71.423706,41.829248],[-71.423705,41.82923],[-71.423729,41.829229]]],[[[-71.426522,41.829206],[-71.426474,41.829225],[-71.426474,41.829207],[-71.426522,41.829206]]],[[[-71.426403,41.829245],[-71.426378,41.829227],[-71.426402,41.829227],[-71.426403,41.829245]]],[[[-71.424069,41.829312],[-71.424045,41.829294],[-71.424069,41.829294],[-71.424069,41.829312]]],[[[-71.426331,41.829246],[-71.426259,41.829266],[-71.426258,41.829248],[-71.426331,41.829246]]],[[[-71.424166,41.82931],[-71.424142,41.829328],[-71.424141,41.82931],[-71.424166,41.82931]]],[[[-71.424287,41.829325],[-71.424263,41.829344],[-71.424262,41.829326],[-71.424287,41.829325]]],[[[-71.424384,41.829359],[-71.424335,41.829342],[-71.424383,41.829341],[-71.424384,41.829359]]],[[[-71.425948,41.829326],[-71.425924,41.829309],[-71.425948,41.829308],[-71.425948,41.829326]]],[[[-71.424504,41.829357],[-71.424409,41.829377],[-71.424408,41.829359],[-71.424504,41.829357]]],[[[-71.424601,41.829373],[-71.42453,41.829392],[-71.424529,41.829374],[-71.424601,41.829373]]],[[[-71.425684,41.82935],[-71.425661,41.829368],[-71.42566,41.82935],[-71.425684,41.82935]]],[[[-71.425613,41.829387],[-71.425541,41.829371],[-71.425613,41.829369],[-71.425613,41.829387]]],[[[-71.424723,41.829406],[-71.424674,41.829389],[-71.424722,41.829388],[-71.424723,41.829406]]],[[[-71.424843,41.829404],[-71.42482,41.829422],[-71.424819,41.829404],[-71.424843,41.829404]]],[[[-71.425469,41.82939],[-71.425422,41.829409],[-71.425421,41.829391],[-71.425469,41.82939]]],[[[-71.425157,41.829415],[-71.424941,41.829438],[-71.42494,41.82942],[-71.425157,41.829415]]],[[[-71.425374,41.829428],[-71.425277,41.829413],[-71.425373,41.82941],[-71.425374,41.829428]]],[[[-71.413896,41.826464],[-71.413991,41.826426],[-71.414087,41.826442],[-71.414088,41.82646],[-71.413896,41.826464]]],[[[-71.414232,41.826457],[-71.414259,41.826511],[-71.414112,41.82646],[-71.414232,41.826457]]],[[[-71.414259,41.826529],[-71.414283,41.82651],[-71.414283,41.826528],[-71.414259,41.826529]]],[[[-71.414459,41.826723],[-71.414285,41.826564],[-71.414283,41.826528],[-71.414553,41.826649],[-71.414489,41.826884],[-71.414441,41.826885],[-71.414487,41.82683],[-71.414459,41.826723]]],[[[-71.413876,41.827221],[-71.41385,41.827186],[-71.414019,41.827182],[-71.413996,41.827219],[-71.413876,41.827221]]],[[[-71.416499,41.827184],[-71.416403,41.827186],[-71.416306,41.82717],[-71.416499,41.827184]]],[[[-71.416572,41.8272],[-71.416501,41.82722],[-71.4165,41.827202],[-71.416572,41.8272]]],[[[-71.416646,41.827235],[-71.416621,41.827217],[-71.416645,41.827217],[-71.416646,41.827235]]],[[[-71.416719,41.827251],[-71.416694,41.827234],[-71.416718,41.827233],[-71.416719,41.827251]]],[[[-71.416791,41.82725],[-71.416768,41.827268],[-71.416767,41.82725],[-71.416791,41.82725]]],[[[-71.41684,41.827285],[-71.416816,41.827267],[-71.41684,41.827267],[-71.41684,41.827285]]],[[[-71.416913,41.827301],[-71.416864,41.827284],[-71.416913,41.827283],[-71.416913,41.827301]]],[[[-71.417062,41.827406],[-71.416913,41.827301],[-71.417398,41.827381],[-71.417377,41.827472],[-71.417062,41.827406]]],[[[-71.418324,41.827686],[-71.418107,41.827673],[-71.417961,41.827622],[-71.41825,41.827615],[-71.418494,41.8277],[-71.418496,41.827754],[-71.418324,41.827686]]],[[[-71.41746,41.82774],[-71.417436,41.827759],[-71.417436,41.827741],[-71.41746,41.82774]]],[[[-71.418984,41.827924],[-71.418496,41.827754],[-71.418641,41.827769],[-71.418984,41.827924]]],[[[-71.417947,41.827892],[-71.417922,41.827875],[-71.417946,41.827874],[-71.417947,41.827892]]],[[[-71.418984,41.827924],[-71.419153,41.827939],[-71.419251,41.827991],[-71.419033,41.827959],[-71.418984,41.827924]]],[[[-71.419468,41.828004],[-71.420271,41.828221],[-71.42037,41.828273],[-71.419251,41.827991],[-71.419468,41.828004]]],[[[-71.419188,41.828226],[-71.419164,41.828245],[-71.419164,41.828227],[-71.419188,41.828226]]],[[[-71.420418,41.82829],[-71.42037,41.828273],[-71.420418,41.828272],[-71.420418,41.82829]]],[[[-71.420418,41.82829],[-71.420467,41.828307],[-71.420419,41.828308],[-71.420418,41.82829]]],[[[-71.420539,41.828306],[-71.420492,41.828325],[-71.420491,41.828307],[-71.420539,41.828306]]],[[[-71.420612,41.828322],[-71.420565,41.828341],[-71.420564,41.828323],[-71.420612,41.828322]]],[[[-71.420661,41.828339],[-71.420614,41.828358],[-71.420613,41.82834],[-71.420661,41.828339]]],[[[-71.420759,41.828373],[-71.42071,41.828356],[-71.420758,41.828355],[-71.420759,41.828373]]],[[[-71.420831,41.82839],[-71.420807,41.828372],[-71.420831,41.828372],[-71.420831,41.82839]]],[[[-71.421025,41.828404],[-71.420977,41.828423],[-71.420977,41.828405],[-71.421025,41.828404]]],[[[-71.421098,41.82842],[-71.421074,41.828439],[-71.421073,41.828421],[-71.421098,41.82842]]],[[[-71.420039,41.82846],[-71.420016,41.828479],[-71.420015,41.828461],[-71.420039,41.82846]]],[[[-71.421219,41.828453],[-71.42117,41.828437],[-71.421219,41.828435],[-71.421219,41.828453]]],[[[-71.421292,41.82847],[-71.421267,41.828452],[-71.421291,41.828452],[-71.421292,41.82847]]],[[[-71.421388,41.828468],[-71.421341,41.828487],[-71.42134,41.828469],[-71.421388,41.828468]]],[[[-71.42021,41.828511],[-71.420187,41.828529],[-71.420186,41.828511],[-71.42021,41.828511]]],[[[-71.421461,41.828484],[-71.421414,41.828503],[-71.421413,41.828485],[-71.421461,41.828484]]],[[[-71.420283,41.828545],[-71.420259,41.828528],[-71.420283,41.828527],[-71.420283,41.828545]]],[[[-71.421535,41.828519],[-71.42151,41.828501],[-71.421534,41.828501],[-71.421535,41.828519]]],[[[-71.421655,41.828516],[-71.421584,41.828536],[-71.421583,41.828518],[-71.421655,41.828516]]],[[[-71.421826,41.828567],[-71.421753,41.828568],[-71.42168,41.828534],[-71.421776,41.828532],[-71.421826,41.828567]]],[[[-71.420526,41.828594],[-71.420503,41.828613],[-71.420502,41.828595],[-71.420526,41.828594]]],[[[-71.420648,41.828646],[-71.420624,41.828628],[-71.420648,41.828628],[-71.420648,41.828646]]],[[[-71.421826,41.828585],[-71.421946,41.828564],[-71.422164,41.828614],[-71.42219,41.828649],[-71.421826,41.828585]]],[[[-71.420769,41.828661],[-71.420746,41.82868],[-71.420745,41.828662],[-71.420769,41.828661]]],[[[-71.420964,41.828711],[-71.420941,41.82873],[-71.42094,41.828712],[-71.420964,41.828711]]],[[[-71.421086,41.828744],[-71.421062,41.828763],[-71.421062,41.828745],[-71.421086,41.828744]]],[[[-71.421183,41.828778],[-71.421134,41.828761],[-71.421183,41.82876],[-71.421183,41.828778]]],[[[-71.421256,41.828795],[-71.421231,41.828777],[-71.421255,41.828777],[-71.421256,41.828795]]],[[[-71.421425,41.828809],[-71.421402,41.828828],[-71.421401,41.82881],[-71.421425,41.828809]]],[[[-71.421523,41.828843],[-71.421474,41.828826],[-71.421522,41.828825],[-71.421523,41.828843]]],[[[-71.421717,41.828875],[-71.421668,41.828858],[-71.421716,41.828857],[-71.421717,41.828875]]],[[[-71.421813,41.828873],[-71.421742,41.828893],[-71.421741,41.828875],[-71.421813,41.828873]]],[[[-71.421911,41.828907],[-71.421838,41.828891],[-71.42191,41.828889],[-71.421911,41.828907]]],[[[-71.422008,41.828923],[-71.421983,41.828906],[-71.422007,41.828905],[-71.422008,41.828923]]],[[[-71.422128,41.828921],[-71.422032,41.828941],[-71.422032,41.828923],[-71.422128,41.828921]]],[[[-71.422201,41.828937],[-71.422177,41.828956],[-71.422177,41.828938],[-71.422201,41.828937]]],[[[-71.413587,41.826579],[-71.413562,41.826561],[-71.413586,41.826561],[-71.413587,41.826579]]],[[[-71.413515,41.826598],[-71.413563,41.826579],[-71.413563,41.826597],[-71.413515,41.826598]]],[[[-71.413515,41.826598],[-71.413468,41.826617],[-71.413467,41.826599],[-71.413515,41.826598]]],[[[-71.413469,41.826635],[-71.41342,41.826618],[-71.413468,41.826617],[-71.413469,41.826635]]],[[[-71.413372,41.826637],[-71.413421,41.826654],[-71.413373,41.826655],[-71.413372,41.826637]]],[[[-71.413374,41.826673],[-71.413325,41.826656],[-71.413373,41.826655],[-71.413374,41.826673]]],[[[-71.413326,41.826692],[-71.413301,41.826675],[-71.413326,41.826674],[-71.413326,41.826692]]],[[[-71.413183,41.826731],[-71.41311,41.826715],[-71.413206,41.826695],[-71.413183,41.826731]]],[[[-71.413112,41.826751],[-71.413063,41.826734],[-71.413111,41.826733],[-71.413112,41.826751]]],[[[-71.413015,41.826753],[-71.413064,41.82677],[-71.413016,41.826771],[-71.413015,41.826753]]],[[[-71.413017,41.826789],[-71.412944,41.826772],[-71.413016,41.826771],[-71.413017,41.826789]]],[[[-71.412897,41.826809],[-71.412945,41.82679],[-71.412945,41.826808],[-71.412897,41.826809]]],[[[-71.412897,41.826809],[-71.412826,41.826829],[-71.412825,41.826811],[-71.412897,41.826809]]],[[[-71.412826,41.826847],[-71.412778,41.82683],[-71.412826,41.826829],[-71.412826,41.826847]]],[[[-71.41273,41.826849],[-71.412779,41.826866],[-71.412731,41.826867],[-71.41273,41.826849]]],[[[-71.412731,41.826885],[-71.412659,41.826869],[-71.412731,41.826867],[-71.412731,41.826885]]],[[[-71.41266,41.826905],[-71.412611,41.826888],[-71.412659,41.826887],[-71.41266,41.826905]]],[[[-71.412588,41.826924],[-71.412564,41.826907],[-71.412588,41.826906],[-71.412588,41.826924]]],[[[-71.411341,41.82704],[-71.410831,41.826943],[-71.411894,41.827029],[-71.411341,41.82704]]],[[[-71.413288,41.826963],[-71.413265,41.826982],[-71.413264,41.826964],[-71.413288,41.826963]]],[[[-71.412278,41.826985],[-71.412206,41.827004],[-71.412205,41.826986],[-71.412278,41.826985]]],[[[-71.411918,41.827028],[-71.411989,41.826991],[-71.412182,41.827005],[-71.412183,41.827023],[-71.411918,41.827028]]],[[[-71.412622,41.827176],[-71.413169,41.826984],[-71.413364,41.827052],[-71.413365,41.827088],[-71.4131,41.827075],[-71.412959,41.827168],[-71.41279,41.827172],[-71.412792,41.827208],[-71.412622,41.827176]]],[[[-71.413706,41.827189],[-71.413583,41.827119],[-71.413434,41.826996],[-71.413531,41.827012],[-71.413778,41.827169],[-71.413706,41.827189]]],[[[-71.410961,41.827192],[-71.410938,41.827211],[-71.410937,41.827193],[-71.410961,41.827192]]],[[[-71.411058,41.827208],[-71.41101,41.827227],[-71.41101,41.827209],[-71.411058,41.827208]]],[[[-71.412575,41.827213],[-71.412502,41.827196],[-71.412598,41.827176],[-71.412575,41.827213]]],[[[-71.41385,41.827186],[-71.413802,41.827169],[-71.41385,41.827168],[-71.41385,41.827186]]],[[[-71.411131,41.827225],[-71.411083,41.827244],[-71.411083,41.827226],[-71.411131,41.827225]]],[[[-71.411204,41.827241],[-71.41118,41.82726],[-71.411179,41.827242],[-71.411204,41.827241]]],[[[-71.412239,41.827238],[-71.412216,41.827256],[-71.412215,41.827238],[-71.412239,41.827238]]],[[[-71.411398,41.827291],[-71.411303,41.827311],[-71.411301,41.827275],[-71.411398,41.827291]]],[[[-71.411593,41.827341],[-71.411567,41.827288],[-71.412096,41.827277],[-71.412074,41.827331],[-71.411593,41.827341]]],[[[-71.410823,41.828006],[-71.4108,41.828042],[-71.410799,41.828006],[-71.410823,41.828006]]],[[[-71.410826,41.828078],[-71.410848,41.828041],[-71.41085,41.828077],[-71.410826,41.828078]]],[[[-71.410874,41.828095],[-71.410852,41.828131],[-71.41085,41.828095],[-71.410874,41.828095]]],[[[-71.410902,41.828184],[-71.410876,41.828149],[-71.4109,41.828148],[-71.410902,41.828184]]],[[[-71.410928,41.828238],[-71.410902,41.828202],[-71.410927,41.828202],[-71.410928,41.828238]]],[[[-71.410953,41.828255],[-71.410929,41.828274],[-71.410929,41.828256],[-71.410953,41.828255]]],[[[-71.411058,41.829784],[-71.411001,41.829533],[-71.411046,41.82946],[-71.411156,41.829818],[-71.411058,41.829784]]],[[[-71.411183,41.829908],[-71.41116,41.829926],[-71.411159,41.829908],[-71.411183,41.829908]]],[[[-71.411213,41.830069],[-71.411188,41.830034],[-71.411212,41.830033],[-71.411213,41.830069]]],[[[-71.411243,41.830213],[-71.411217,41.830159],[-71.411241,41.830159],[-71.411243,41.830213]]],[[[-71.411567,41.831142],[-71.411328,41.829905],[-71.411291,41.829563],[-71.411617,41.831195],[-71.411567,41.831142]]],[[[-71.411299,41.830427],[-71.411278,41.8305],[-71.411275,41.830428],[-71.411299,41.830427]]],[[[-71.411328,41.830553],[-71.411307,41.830625],[-71.411304,41.830553],[-71.411328,41.830553]]],[[[-71.41136,41.830768],[-71.411333,41.830679],[-71.411357,41.830678],[-71.41136,41.830768]]],[[[-71.41139,41.830912],[-71.411361,41.830786],[-71.411385,41.830786],[-71.41139,41.830912]]],[[[-71.41139,41.830912],[-71.411497,41.831216],[-71.411482,41.83145],[-71.41139,41.830912]]],[[[-71.411425,41.831866],[-71.411403,41.831902],[-71.411401,41.831866],[-71.411425,41.831866]]],[[[-71.411526,41.831972],[-71.411503,41.832008],[-71.411502,41.831972],[-71.411526,41.831972]]],[[[-71.411504,41.832044],[-71.411491,41.832333],[-71.411448,41.83246],[-71.41144,41.832244],[-71.411504,41.832044]]],[[[-71.411313,41.832715],[-71.411288,41.832697],[-71.411312,41.832697],[-71.411313,41.832715]]],[[[-71.411293,41.832823],[-71.411272,41.832914],[-71.411269,41.832824],[-71.411293,41.832823]]],[[[-71.411351,41.833092],[-71.411412,41.832785],[-71.411483,41.832747],[-71.411423,41.833073],[-71.411351,41.833092]]],[[[-71.412183,41.823816],[-71.412663,41.823788],[-71.412594,41.823862],[-71.412645,41.823933],[-71.412434,41.824099],[-71.412805,41.824362],[-71.413041,41.824231],[-71.41302,41.824303],[-71.413116,41.824301],[-71.412976,41.824412],[-71.412978,41.824484],[-71.413051,41.824501],[-71.413145,41.824445],[-71.413148,41.824517],[-71.413268,41.824514],[-71.413294,41.82455],[-71.413557,41.824508],[-71.41356,41.82458],[-71.413706,41.824613],[-71.413824,41.824557],[-71.413968,41.824553],[-71.413988,41.824445],[-71.413891,41.824411],[-71.413937,41.824356],[-71.414036,41.824444],[-71.414133,41.824442],[-71.414015,41.824516],[-71.414111,41.824514],[-71.414383,41.824707],[-71.414526,41.82465],[-71.414504,41.824722],[-71.41441,41.82476],[-71.414411,41.824796],[-71.414507,41.824794],[-71.414595,41.824576],[-71.414854,41.824409],[-71.414717,41.82461],[-71.414837,41.824589],[-71.414883,41.824534],[-71.414932,41.824569],[-71.414769,41.824717],[-71.414702,41.824844],[-71.414728,41.824916],[-71.414605,41.824846],[-71.414198,41.824891],[-71.413882,41.824825],[-71.413977,41.824787],[-71.413611,41.824651],[-71.413174,41.82457],[-71.412934,41.824575],[-71.412807,41.824416],[-71.412663,41.824419],[-71.412637,41.824365],[-71.412296,41.824264],[-71.412156,41.824393],[-71.411896,41.824507],[-71.411593,41.824784],[-71.411216,41.825008],[-71.411006,41.825192],[-71.410911,41.825212],[-71.410724,41.82536],[-71.410508,41.825383],[-71.410558,41.825454],[-71.410486,41.825437],[-71.410321,41.825531],[-71.410272,41.825532],[-71.410319,41.825495],[-71.410291,41.825387],[-71.410219,41.825389],[-71.409947,41.825196],[-71.409945,41.82516],[-71.410064,41.825122],[-71.409989,41.825033],[-71.40987,41.825072],[-71.409848,41.825126],[-71.40975,41.825092],[-71.409657,41.825166],[-71.409682,41.825202],[-71.409585,41.825186],[-71.409421,41.825315],[-71.408961,41.825235],[-71.408633,41.824828],[-71.408501,41.824524],[-71.408363,41.824059],[-71.408317,41.823465],[-71.408268,41.823448],[-71.408246,41.823521],[-71.408152,41.823577],[-71.408123,41.823451],[-71.408075,41.823434],[-71.408116,41.823253],[-71.408042,41.823201],[-71.40797,41.82322],[-71.408002,41.823418],[-71.407936,41.823581],[-71.408146,41.824063],[-71.40818,41.824315],[-71.408134,41.82437],[-71.40805,41.824065],[-71.407856,41.824015],[-71.407852,41.823925],[-71.408017,41.823832],[-71.408015,41.823778],[-71.407845,41.823727],[-71.407704,41.82319],[-71.407558,41.823139],[-71.407506,41.823032],[-71.407359,41.822963],[-71.407105,41.822626],[-71.406362,41.821435],[-71.406322,41.821003],[-71.406091,41.82063],[-71.405893,41.82049],[-71.405816,41.820348],[-71.405901,41.820058],[-71.405995,41.819984],[-71.406377,41.819904],[-71.406658,41.8197],[-71.406656,41.819646],[-71.40656,41.81963],[-71.406419,41.819723],[-71.406226,41.819727],[-71.406125,41.819603],[-71.406052,41.819586],[-71.405812,41.819591],[-71.405741,41.819647],[-71.405645,41.819649],[-71.405539,41.819381],[-71.405387,41.819186],[-71.40512,41.819119],[-71.405064,41.818904],[-71.405134,41.818849],[-71.405131,41.818777],[-71.405009,41.818743],[-71.404908,41.818601],[-71.40495,41.818457],[-71.404734,41.818461],[-71.404659,41.818391],[-71.404519,41.817871],[-71.404158,41.817861],[-71.404033,41.817755],[-71.404,41.817504],[-71.40387,41.817254],[-71.403982,41.817018],[-71.403974,41.816802],[-71.403617,41.816287],[-71.403199,41.815413],[-71.403272,41.81543],[-71.403533,41.815964],[-71.403729,41.816068],[-71.403639,41.816232],[-71.403761,41.816266],[-71.403742,41.81641],[-71.403871,41.816624],[-71.403893,41.816587],[-71.404157,41.816546],[-71.404178,41.816473],[-71.404324,41.816524],[-71.404255,41.816598],[-71.404636,41.8165],[-71.404659,41.816463],[-71.404874,41.816405],[-71.405011,41.816222],[-71.405226,41.816163],[-71.405227,41.816199],[-71.405084,41.816238],[-71.405112,41.816346],[-71.405021,41.816474],[-71.404923,41.81644],[-71.404731,41.816462],[-71.404546,41.816646],[-71.404308,41.816741],[-71.404358,41.816776],[-71.404618,41.816662],[-71.404787,41.816659],[-71.404832,41.816586],[-71.404882,41.816639],[-71.404955,41.816637],[-71.405031,41.816744],[-71.405009,41.816798],[-71.404846,41.816946],[-71.404679,41.817003],[-71.404848,41.817],[-71.404829,41.817144],[-71.404713,41.817255],[-71.404522,41.817295],[-71.404323,41.817137],[-71.404169,41.81687],[-71.404047,41.816836],[-71.404097,41.816889],[-71.404052,41.81698],[-71.40428,41.817282],[-71.404335,41.817443],[-71.404457,41.817494],[-71.404462,41.81762],[-71.404638,41.817833],[-71.404569,41.817906],[-71.404642,41.817941],[-71.40467,41.818048],[-71.40477,41.818136],[-71.404851,41.818369],[-71.40497,41.81833],[-71.404966,41.818222],[-71.405035,41.818131],[-71.405008,41.818059],[-71.40516,41.818254],[-71.405231,41.818234],[-71.405204,41.818163],[-71.405321,41.81807],[-71.405371,41.818123],[-71.405468,41.818121],[-71.405341,41.817962],[-71.405339,41.81789],[-71.405409,41.817852],[-71.405312,41.817837],[-71.405286,41.817765],[-71.405429,41.817744],[-71.4055,41.817688],[-71.405332,41.81771],[-71.405304,41.817621],[-71.405182,41.817569],[-71.405159,41.817606],[-71.405013,41.817555],[-71.404893,41.817575],[-71.404984,41.817429],[-71.404791,41.817415],[-71.40536,41.817169],[-71.405356,41.817061],[-71.405453,41.817095],[-71.405597,41.817074],[-71.406308,41.816771],[-71.406468,41.815903],[-71.406496,41.816641],[-71.406625,41.816224],[-71.406619,41.816728],[-71.406862,41.816777],[-71.406674,41.816889],[-71.406678,41.816997],[-71.406805,41.817193],[-71.406783,41.817229],[-71.406684,41.817177],[-71.406765,41.817392],[-71.406615,41.817251],[-71.406519,41.817271],[-71.406564,41.81718],[-71.406467,41.817164],[-71.406416,41.817075],[-71.406223,41.817061],[-71.406128,41.817117],[-71.405945,41.817373],[-71.406028,41.817641],[-71.405766,41.817719],[-71.405798,41.817952],[-71.405899,41.818058],[-71.405946,41.818039],[-71.405941,41.817913],[-71.406137,41.817981],[-71.406206,41.817908],[-71.406255,41.817925],[-71.406253,41.817871],[-71.406612,41.817809],[-71.406614,41.817881],[-71.40652,41.817937],[-71.406524,41.818027],[-71.406429,41.818065],[-71.406407,41.818138],[-71.406311,41.81814],[-71.406343,41.818337],[-71.406252,41.818483],[-71.406371,41.818463],[-71.406447,41.818551],[-71.406283,41.818681],[-71.405618,41.818929],[-71.405573,41.819002],[-71.405646,41.819036],[-71.405479,41.819058],[-71.405481,41.819112],[-71.405737,41.819539],[-71.405834,41.819537],[-71.406023,41.819443],[-71.40612,41.819477],[-71.406148,41.819566],[-71.406243,41.819546],[-71.406245,41.819582],[-71.406389,41.819579],[-71.40639,41.819615],[-71.406412,41.819561],[-71.406581,41.819557],[-71.406651,41.819502],[-71.406868,41.819497],[-71.406917,41.819532],[-71.406915,41.819478],[-71.407011,41.819476],[-71.407013,41.819512],[-71.407181,41.819508],[-71.40709,41.819637],[-71.406566,41.819792],[-71.406426,41.819921],[-71.405974,41.820056],[-71.405958,41.820273],[-71.406263,41.820717],[-71.406384,41.820732],[-71.406385,41.820768],[-71.406577,41.820746],[-71.406834,41.820524],[-71.407167,41.820427],[-71.407259,41.820299],[-71.407381,41.820351],[-71.40762,41.82031],[-71.407759,41.820145],[-71.407901,41.820088],[-71.40794,41.819853],[-71.408037,41.819851],[-71.408081,41.819742],[-71.40816,41.819938],[-71.408329,41.819935],[-71.408378,41.81997],[-71.408355,41.820006],[-71.408235,41.820009],[-71.408334,41.820079],[-71.408289,41.82017],[-71.40844,41.820347],[-71.408443,41.820401],[-71.4083,41.820458],[-71.40835,41.820511],[-71.408759,41.820502],[-71.408715,41.820593],[-71.408771,41.820808],[-71.408699,41.820828],[-71.408702,41.8209],[-71.408923,41.821003],[-71.409207,41.820889],[-71.40933,41.820958],[-71.409303,41.820869],[-71.409207,41.820871],[-71.409227,41.82078],[-71.409151,41.820674],[-71.409197,41.820619],[-71.409423,41.820866],[-71.409378,41.820939],[-71.409451,41.820974],[-71.409408,41.821101],[-71.409268,41.82123],[-71.40925,41.821374],[-71.409177,41.821358],[-71.408968,41.821578],[-71.409263,41.821734],[-71.409577,41.821746],[-71.409739,41.82158],[-71.409837,41.821632],[-71.410023,41.821448],[-71.409933,41.821612],[-71.410238,41.822038],[-71.410384,41.822089],[-71.410453,41.821998],[-71.410526,41.822014],[-71.410433,41.822106],[-71.41051,41.822249],[-71.410341,41.822216],[-71.410204,41.822417],[-71.410476,41.822609],[-71.410453,41.822646],[-71.410281,41.82256],[-71.410606,41.822877],[-71.410112,41.822545],[-71.409784,41.822786],[-71.409759,41.822751],[-71.409854,41.822713],[-71.40978,41.822678],[-71.409988,41.82244],[-71.409644,41.822249],[-71.409572,41.822268],[-71.409574,41.822322],[-71.409622,41.822321],[-71.409575,41.822358],[-71.40972,41.822373],[-71.409825,41.822587],[-71.409487,41.822558],[-71.409517,41.822738],[-71.409346,41.822651],[-71.409225,41.822654],[-71.409279,41.822797],[-71.409211,41.822906],[-71.409408,41.823028],[-71.40948,41.823027],[-71.409549,41.822935],[-71.409599,41.822988],[-71.40953,41.82308],[-71.409458,41.823081],[-71.409485,41.823153],[-71.409437,41.823154],[-71.40937,41.823299],[-71.409756,41.823327],[-71.409808,41.823416],[-71.409575,41.823619],[-71.409231,41.823446],[-71.409257,41.8235],[-71.409091,41.823557],[-71.409101,41.823827],[-71.409321,41.823913],[-71.409365,41.823804],[-71.409585,41.823907],[-71.409541,41.823998],[-71.409643,41.824158],[-71.409733,41.823994],[-71.409875,41.823937],[-71.409815,41.824244],[-71.40991,41.824206],[-71.409931,41.824134],[-71.409982,41.824205],[-71.410029,41.824186],[-71.410031,41.824222],[-71.410128,41.824238],[-71.410101,41.824166],[-71.41015,41.824183],[-71.410243,41.824109],[-71.41024,41.824037],[-71.410384,41.824016],[-71.410658,41.824245],[-71.410845,41.824115],[-71.410918,41.824113],[-71.411433,41.823742],[-71.411424,41.82349],[-71.411595,41.823559],[-71.411544,41.82347],[-71.411738,41.82352],[-71.411856,41.823445],[-71.411762,41.823519],[-71.411792,41.823663],[-71.412137,41.823889],[-71.412256,41.823851],[-71.412183,41.823816]],[[-71.408931,41.825092],[-71.409009,41.825234],[-71.409369,41.825208],[-71.409344,41.825173],[-71.409248,41.825193],[-71.409172,41.825087],[-71.408931,41.825092]],[[-71.40562,41.817686],[-71.405616,41.817578],[-71.405592,41.817578],[-71.405594,41.817632],[-71.4055,41.817688],[-71.40562,41.817686]],[[-71.407089,41.819619],[-71.407064,41.819601],[-71.407065,41.819619],[-71.407089,41.819619]],[[-71.40937,41.823299],[-71.409347,41.823318],[-71.409371,41.823317],[-71.40937,41.823299]],[[-71.409347,41.823318],[-71.409323,41.823336],[-71.409347,41.823336],[-71.409347,41.823318]],[[-71.410128,41.824238],[-71.410152,41.824255],[-71.410152,41.824237],[-71.410128,41.824238]],[[-71.410313,41.824054],[-71.410338,41.824071],[-71.410337,41.824053],[-71.410313,41.824054]],[[-71.410436,41.824123],[-71.410462,41.824159],[-71.41051,41.824158],[-71.410509,41.824122],[-71.410436,41.824123]],[[-71.412185,41.823888],[-71.41221,41.823906],[-71.412209,41.823888],[-71.412185,41.823888]],[[-71.410715,41.825144],[-71.410854,41.824979],[-71.410951,41.824995],[-71.411138,41.824847],[-71.411064,41.824795],[-71.411158,41.824739],[-71.411169,41.824396],[-71.410901,41.824312],[-71.410757,41.824315],[-71.41064,41.824407],[-71.410642,41.824461],[-71.410453,41.824573],[-71.410527,41.824626],[-71.410506,41.824698],[-71.410458,41.824699],[-71.410483,41.824735],[-71.410341,41.824792],[-71.410518,41.825022],[-71.410472,41.825077],[-71.410499,41.825149],[-71.410595,41.825147],[-71.410645,41.8252],[-71.410643,41.825146],[-71.410715,41.825144]],[[-71.409869,41.825036],[-71.409892,41.825017],[-71.409868,41.825018],[-71.409869,41.825036]],[[-71.40926,41.824869],[-71.409309,41.824886],[-71.409306,41.824796],[-71.409112,41.824782],[-71.409121,41.825016],[-71.40926,41.824869]],[[-71.413972,41.824643],[-71.413973,41.824679],[-71.414045,41.824678],[-71.414017,41.82457],[-71.413897,41.824591],[-71.413899,41.824645],[-71.413972,41.824643]],[[-71.413829,41.824682],[-71.413852,41.824664],[-71.413828,41.824664],[-71.413829,41.824682]],[[-71.410131,41.824328],[-71.409844,41.824388],[-71.409848,41.824496],[-71.409896,41.824477],[-71.409994,41.824529],[-71.410186,41.824507],[-71.410181,41.824381],[-71.410133,41.824382],[-71.410131,41.824328]],[[-71.408977,41.82437],[-71.40859,41.824324],[-71.408539,41.824271],[-71.408593,41.824414],[-71.408954,41.824407],[-71.408977,41.82437]],[[-71.41126,41.82425],[-71.411325,41.824069],[-71.411397,41.824049],[-71.411415,41.823905],[-71.411605,41.823811],[-71.411603,41.823775],[-71.411699,41.823773],[-71.411673,41.823701],[-71.41153,41.82374],[-71.411014,41.824129],[-71.411016,41.824165],[-71.411161,41.82418],[-71.411232,41.824143],[-71.41126,41.82425]],[[-71.411016,41.824165],[-71.410992,41.824184],[-71.411017,41.824183],[-71.411016,41.824165]],[[-71.410898,41.82424],[-71.410922,41.824221],[-71.410898,41.824222],[-71.410898,41.82424]],[[-71.409139,41.824205],[-71.40925,41.82395],[-71.408912,41.823939],[-71.408848,41.824157],[-71.408971,41.824208],[-71.409139,41.824205]],[[-71.408774,41.824104],[-71.408744,41.823943],[-71.408647,41.823927],[-71.408528,41.823965],[-71.40851,41.824128],[-71.408608,41.824162],[-71.408727,41.824141],[-71.408774,41.824104]],[[-71.41226,41.823959],[-71.412284,41.82394],[-71.41226,41.823941],[-71.41226,41.823959]],[[-71.411669,41.823611],[-71.411693,41.823593],[-71.411669,41.823593],[-71.411669,41.823611]],[[-71.408875,41.823598],[-71.409012,41.823397],[-71.408965,41.823416],[-71.408915,41.823363],[-71.408797,41.823437],[-71.408603,41.823405],[-71.408561,41.82355],[-71.408466,41.823588],[-71.408468,41.823642],[-71.408805,41.823653],[-71.408803,41.823581],[-71.408875,41.823598]],[[-71.411716,41.823574],[-71.411739,41.823556],[-71.411715,41.823556],[-71.411716,41.823574]],[[-71.409302,41.823427],[-71.409278,41.823409],[-71.409254,41.823428],[-71.409302,41.823427]],[[-71.408615,41.823063],[-71.408661,41.823026],[-71.408588,41.823009],[-71.408615,41.823063]],[[-71.407772,41.823081],[-71.407749,41.823099],[-71.407773,41.823099],[-71.407772,41.823081]],[[-71.407748,41.823081],[-71.407724,41.823064],[-71.407724,41.823082],[-71.407748,41.823081]],[[-71.408139,41.822568],[-71.408115,41.822587],[-71.408139,41.822586],[-71.408139,41.822568]],[[-71.408114,41.822569],[-71.40809,41.822551],[-71.40809,41.822569],[-71.408114,41.822569]],[[-71.408064,41.822516],[-71.408041,41.822535],[-71.408065,41.822534],[-71.408064,41.822516]],[[-71.40804,41.822517],[-71.408016,41.822499],[-71.408016,41.822517],[-71.40804,41.822517]],[[-71.407943,41.822501],[-71.407966,41.822464],[-71.407942,41.822465],[-71.407943,41.822501]],[[-71.410083,41.82242],[-71.410131,41.822401],[-71.410083,41.822402],[-71.410083,41.82242]],[[-71.407917,41.822447],[-71.407894,41.822466],[-71.407918,41.822465],[-71.407917,41.822447]],[[-71.407892,41.82243],[-71.407794,41.82236],[-71.407697,41.822362],[-71.407725,41.822469],[-71.407892,41.82243]],[[-71.410221,41.822237],[-71.410266,41.822146],[-71.410168,41.822112],[-71.409839,41.821668],[-71.409751,41.821904],[-71.409781,41.822048],[-71.409876,41.822028],[-71.409808,41.822137],[-71.41008,41.82233],[-71.410221,41.822237]],[[-71.409019,41.822298],[-71.408997,41.822352],[-71.409045,41.822351],[-71.409019,41.822298]],[[-71.407188,41.822264],[-71.407237,41.822299],[-71.407286,41.822298],[-71.407233,41.822173],[-71.407185,41.822174],[-71.407188,41.822264]],[[-71.409547,41.822233],[-71.40957,41.822214],[-71.409546,41.822215],[-71.409547,41.822233]],[[-71.409132,41.822097],[-71.409152,41.821989],[-71.409055,41.821955],[-71.408984,41.82201],[-71.408936,41.821993],[-71.40889,41.822066],[-71.408992,41.822208],[-71.409132,41.822097]],[[-71.410339,41.822162],[-71.410385,41.822107],[-71.410337,41.822108],[-71.410339,41.822162]],[[-71.407176,41.82194],[-71.407126,41.821887],[-71.407005,41.821872],[-71.406977,41.821782],[-71.406905,41.821784],[-71.406936,41.821963],[-71.407063,41.822141],[-71.407183,41.822138],[-71.407176,41.82194]],[[-71.406977,41.821764],[-71.40682,41.821443],[-71.406837,41.821245],[-71.406715,41.821211],[-71.406696,41.821356],[-71.406749,41.821481],[-71.406878,41.821694],[-71.406977,41.821764]],[[-71.40701,41.821367],[-71.406964,41.82144],[-71.407041,41.821547],[-71.407114,41.821563],[-71.407107,41.821383],[-71.40701,41.821367]],[[-71.40696,41.821332],[-71.406984,41.821314],[-71.40696,41.821314],[-71.40696,41.821332]],[[-71.409225,41.820708],[-71.409248,41.82069],[-71.409224,41.82069],[-71.409225,41.820708]],[[-71.409199,41.820673],[-71.409223,41.820654],[-71.409199,41.820655],[-71.409199,41.820673]],[[-71.406319,41.819635],[-71.406342,41.819616],[-71.406318,41.819617],[-71.406319,41.819635]],[[-71.406725,41.819554],[-71.406749,41.819536],[-71.406725,41.819536],[-71.406725,41.819554]],[[-71.406797,41.819535],[-71.406844,41.819516],[-71.406796,41.819517],[-71.406797,41.819535]],[[-71.405735,41.817539],[-71.405739,41.817665],[-71.405812,41.817664],[-71.405834,41.817609],[-71.405762,41.817611],[-71.405783,41.817538],[-71.405735,41.817539]],[[-71.40533,41.817674],[-71.405425,41.817636],[-71.40533,41.817656],[-71.40533,41.817674]],[[-71.405447,41.817564],[-71.40547,41.817545],[-71.405446,41.817546],[-71.405447,41.817564]],[[-71.405494,41.817545],[-71.405518,41.817526],[-71.405494,41.817527],[-71.405494,41.817545]],[[-71.405566,41.817525],[-71.405589,41.817506],[-71.405565,41.817507],[-71.405566,41.817525]],[[-71.40587,41.817284],[-71.405893,41.817266],[-71.405869,41.817266],[-71.40587,41.817284]],[[-71.406476,41.816767],[-71.4065,41.816749],[-71.406476,41.816749],[-71.406476,41.816767]],[[-71.406474,41.816713],[-71.406498,41.816695],[-71.406474,41.816695],[-71.406474,41.816713]]],[[[-71.4094,41.826018],[-71.409375,41.826001],[-71.409399,41.826],[-71.4094,41.826018]]],[[[-71.4094,41.826018],[-71.409424,41.826036],[-71.4094,41.826036],[-71.4094,41.826018]]],[[[-71.409448,41.826035],[-71.409425,41.826054],[-71.409424,41.826036],[-71.409448,41.826035]]],[[[-71.40945,41.826071],[-71.409473,41.826053],[-71.409474,41.826071],[-71.40945,41.826071]]],[[[-71.409498,41.82607],[-71.409475,41.826089],[-71.409474,41.826071],[-71.409498,41.82607]]],[[[-71.409523,41.826106],[-71.409499,41.826088],[-71.409523,41.826088],[-71.409523,41.826106]]],[[[-71.409523,41.826106],[-71.409548,41.826123],[-71.409524,41.826124],[-71.409523,41.826106]]],[[[-71.409572,41.826123],[-71.409549,41.826141],[-71.409548,41.826123],[-71.409572,41.826123]]],[[[-71.409574,41.826159],[-71.409597,41.82614],[-71.409598,41.826158],[-71.409574,41.826159]]],[[[-71.409622,41.826158],[-71.409598,41.826176],[-71.409598,41.826158],[-71.409622,41.826158]]],[[[-71.409672,41.826211],[-71.409622,41.826176],[-71.40967,41.826175],[-71.409672,41.826211]]],[[[-71.409672,41.826211],[-71.409697,41.826228],[-71.409672,41.826229],[-71.409672,41.826211]]],[[[-71.409721,41.826228],[-71.409697,41.826246],[-71.409697,41.826228],[-71.409721,41.826228]]],[[[-71.409722,41.826264],[-71.409745,41.826245],[-71.409746,41.826263],[-71.409722,41.826264]]],[[[-71.40977,41.826263],[-71.409747,41.826281],[-71.409746,41.826263],[-71.40977,41.826263]]],[[[-71.409795,41.826298],[-71.409771,41.826281],[-71.409795,41.82628],[-71.409795,41.826298]]],[[[-71.40987,41.826369],[-71.409797,41.826334],[-71.409795,41.826298],[-71.40987,41.826369]]],[[[-71.409894,41.826368],[-71.409871,41.826387],[-71.40987,41.826369],[-71.409894,41.826368]]],[[[-71.40992,41.826404],[-71.409895,41.826386],[-71.409919,41.826386],[-71.40992,41.826404]]],[[[-71.40992,41.826404],[-71.409945,41.826421],[-71.409921,41.826422],[-71.40992,41.826404]]],[[[-71.409969,41.826421],[-71.409945,41.826439],[-71.409945,41.826421],[-71.409969,41.826421]]],[[[-71.409994,41.826456],[-71.409969,41.826439],[-71.409993,41.826438],[-71.409994,41.826456]]],[[[-71.409994,41.826456],[-71.410019,41.826474],[-71.409995,41.826474],[-71.409994,41.826456]]],[[[-71.410043,41.826473],[-71.410019,41.826492],[-71.410019,41.826474],[-71.410043,41.826473]]],[[[-71.410044,41.826509],[-71.410068,41.826491],[-71.410068,41.826509],[-71.410044,41.826509]]],[[[-71.410092,41.826508],[-71.410069,41.826527],[-71.410068,41.826509],[-71.410092,41.826508]]],[[[-71.410118,41.826544],[-71.410093,41.826526],[-71.410117,41.826526],[-71.410118,41.826544]]],[[[-71.410118,41.826544],[-71.410143,41.826561],[-71.410118,41.826562],[-71.410118,41.826544]]],[[[-71.410167,41.826561],[-71.410143,41.826579],[-71.410143,41.826561],[-71.410167,41.826561]]],[[[-71.410168,41.826597],[-71.410191,41.826578],[-71.410192,41.826596],[-71.410168,41.826597]]],[[[-71.410216,41.826596],[-71.410193,41.826614],[-71.410192,41.826596],[-71.410216,41.826596]]],[[[-71.410241,41.826631],[-71.410217,41.826614],[-71.410241,41.826613],[-71.410241,41.826631]]],[[[-71.410241,41.826631],[-71.410266,41.826649],[-71.410242,41.826649],[-71.410241,41.826631]]],[[[-71.41029,41.826648],[-71.410267,41.826667],[-71.410266,41.826649],[-71.41029,41.826648]]],[[[-71.410292,41.826684],[-71.410315,41.826666],[-71.410316,41.826684],[-71.410292,41.826684]]],[[[-71.41034,41.826683],[-71.410316,41.826702],[-71.410316,41.826684],[-71.41034,41.826683]]],[[[-71.410365,41.826719],[-71.41034,41.826701],[-71.410364,41.826701],[-71.410365,41.826719]]],[[[-71.409745,41.826876],[-71.409715,41.826732],[-71.409917,41.826962],[-71.409845,41.826964],[-71.409745,41.826876]]],[[[-71.410081,41.826851],[-71.410058,41.826887],[-71.410057,41.826851],[-71.410081,41.826851]]],[[[-71.410084,41.826923],[-71.410107,41.826886],[-71.410108,41.826922],[-71.410084,41.826923]]],[[[-71.410831,41.826943],[-71.410759,41.826944],[-71.410709,41.826909],[-71.410806,41.826907],[-71.410831,41.826943]]],[[[-71.410134,41.826976],[-71.410108,41.826922],[-71.410132,41.826922],[-71.410134,41.826976]]],[[[-71.410134,41.826976],[-71.410159,41.827011],[-71.410135,41.827012],[-71.410134,41.826976]]],[[[-71.410183,41.827011],[-71.410161,41.827047],[-71.410159,41.827011],[-71.410183,41.827011]]],[[[-71.410186,41.827083],[-71.410209,41.827046],[-71.41021,41.827082],[-71.410186,41.827083]]],[[[-71.410234,41.827082],[-71.410211,41.8271],[-71.41021,41.827082],[-71.410234,41.827082]]],[[[-71.410669,41.827757],[-71.410644,41.827739],[-71.410668,41.827739],[-71.410669,41.827757]]],[[[-71.410694,41.827792],[-71.41067,41.827775],[-71.410694,41.827774],[-71.410694,41.827792]]],[[[-71.41072,41.827828],[-71.410696,41.827846],[-71.410696,41.827828],[-71.41072,41.827828]]],[[[-71.410745,41.827863],[-71.410723,41.8279],[-71.410721,41.827864],[-71.410745,41.827863]]],[[[-71.410771,41.827917],[-71.410748,41.827935],[-71.410747,41.827917],[-71.410771,41.827917]]],[[[-71.410798,41.827988],[-71.410773,41.827953],[-71.410797,41.827952],[-71.410798,41.827988]]],[[[-71.410582,41.827993],[-71.410557,41.827975],[-71.410581,41.827975],[-71.410582,41.827993]]],[[[-71.41074,41.828368],[-71.410582,41.828011],[-71.410788,41.828367],[-71.41074,41.828368]]],[[[-71.403145,41.815252],[-71.403097,41.815253],[-71.403072,41.815218],[-71.403143,41.815198],[-71.403145,41.815252]]],[[[-71.400988,41.816162],[-71.400965,41.81618],[-71.400964,41.816162],[-71.400988,41.816162]]],[[[-71.401078,41.817277],[-71.401121,41.81715],[-71.400971,41.816991],[-71.400889,41.816722],[-71.40079,41.81667],[-71.400837,41.816633],[-71.40067,41.816673],[-71.400668,41.816619],[-71.40062,41.81662],[-71.400618,41.816566],[-71.400735,41.816491],[-71.400832,41.816489],[-71.40083,41.816453],[-71.400929,41.816505],[-71.400925,41.816415],[-71.401044,41.816377],[-71.400946,41.816325],[-71.400919,41.816253],[-71.401014,41.816215],[-71.402475,41.817932],[-71.402921,41.818283],[-71.403004,41.818569],[-71.40341,41.819119],[-71.404559,41.820212],[-71.404611,41.820337],[-71.404542,41.82041],[-71.404546,41.820518],[-71.404622,41.820625],[-71.404744,41.820658],[-71.404813,41.820567],[-71.404688,41.820461],[-71.40471,41.820389],[-71.404926,41.820384],[-71.405,41.820437],[-71.404888,41.820637],[-71.404942,41.820816],[-71.405214,41.820991],[-71.405318,41.821205],[-71.405467,41.821328],[-71.405698,41.821701],[-71.405847,41.821824],[-71.405898,41.821895],[-71.405855,41.82204],[-71.406177,41.822267],[-71.406353,41.82248],[-71.406773,41.822759],[-71.407357,41.823558],[-71.407412,41.823737],[-71.407511,41.823824],[-71.407517,41.823968],[-71.407759,41.823999],[-71.407761,41.824071],[-71.407666,41.824091],[-71.407668,41.824145],[-71.407591,41.824021],[-71.407495,41.824041],[-71.407523,41.824148],[-71.407403,41.824151],[-71.407328,41.824062],[-71.407281,41.824099],[-71.407108,41.823977],[-71.407028,41.823781],[-71.406879,41.823658],[-71.40685,41.823532],[-71.40675,41.823426],[-71.40653,41.823341],[-71.406527,41.823251],[-71.406574,41.823232],[-71.406519,41.823053],[-71.406299,41.822949],[-71.406245,41.822806],[-71.406073,41.82272],[-71.406044,41.822594],[-71.405826,41.822545],[-71.405774,41.822456],[-71.405677,41.822422],[-71.405349,41.822015],[-71.405151,41.821893],[-71.405147,41.821767],[-71.404699,41.821398],[-71.404695,41.82129],[-71.4045,41.821222],[-71.404479,41.821312],[-71.404306,41.82119],[-71.404249,41.820957],[-71.404297,41.820938],[-71.404316,41.820793],[-71.404045,41.820637],[-71.404066,41.820564],[-71.403994,41.820566],[-71.404041,41.820529],[-71.40399,41.820458],[-71.404182,41.820436],[-71.404251,41.820344],[-71.404397,41.820395],[-71.404416,41.820269],[-71.404365,41.82018],[-71.404113,41.819897],[-71.404041,41.819899],[-71.403965,41.819792],[-71.403695,41.819654],[-71.403396,41.81939],[-71.403246,41.819231],[-71.403141,41.818999],[-71.402969,41.818912],[-71.402967,41.818858],[-71.402845,41.818825],[-71.402915,41.818751],[-71.402819,41.818753],[-71.402768,41.8187],[-71.402784,41.818466],[-71.402657,41.818288],[-71.402461,41.818202],[-71.402365,41.818204],[-71.402393,41.81833],[-71.402324,41.818403],[-71.402228,41.818405],[-71.402226,41.818351],[-71.401986,41.818374],[-71.401984,41.818338],[-71.402153,41.818335],[-71.402125,41.818245],[-71.402052,41.818211],[-71.402096,41.818102],[-71.401927,41.818106],[-71.401828,41.818018],[-71.401708,41.818038],[-71.401755,41.818001],[-71.401707,41.818002],[-71.40168,41.817931],[-71.401776,41.817929],[-71.401778,41.817983],[-71.40185,41.817963],[-71.401796,41.817802],[-71.401699,41.817786],[-71.401696,41.817714],[-71.401674,41.817769],[-71.40153,41.81779],[-71.401601,41.817752],[-71.401599,41.817698],[-71.401425,41.817558],[-71.40147,41.817467],[-71.401278,41.817489],[-71.401204,41.817436],[-71.401224,41.817328],[-71.401078,41.817277]],[[-71.407519,41.824022],[-71.407493,41.823987],[-71.407495,41.824023],[-71.407519,41.824022]],[[-71.407493,41.823987],[-71.407468,41.823951],[-71.407469,41.823987],[-71.407493,41.823987]],[[-71.407304,41.824063],[-71.407279,41.824045],[-71.407279,41.824063],[-71.407304,41.824063]],[[-71.40147,41.817467],[-71.401494,41.817448],[-71.40147,41.817449],[-71.40147,41.817467]],[[-71.401224,41.817328],[-71.401248,41.817309],[-71.401224,41.81731],[-71.401224,41.817328]],[[-71.40582,41.822383],[-71.405845,41.8224],[-71.405844,41.822382],[-71.40582,41.822383]],[[-71.405819,41.822347],[-71.405771,41.822366],[-71.405772,41.822402],[-71.405796,41.822401],[-71.405796,41.822383],[-71.40582,41.822383],[-71.405819,41.822347]],[[-71.404926,41.821015],[-71.404876,41.82098],[-71.404878,41.821016],[-71.404926,41.821015]],[[-71.402815,41.818663],[-71.40279,41.818646],[-71.402791,41.818664],[-71.402815,41.818663]],[[-71.401266,41.817165],[-71.401242,41.817147],[-71.401242,41.817165],[-71.401266,41.817165]],[[-71.401201,41.816716],[-71.401179,41.816752],[-71.401277,41.816804],[-71.401372,41.816766],[-71.40137,41.816712],[-71.401201,41.816716]],[[-71.401102,41.816646],[-71.401177,41.816698],[-71.401219,41.816553],[-71.401123,41.816555],[-71.401102,41.816646]]],[[[-71.388709,41.82202],[-71.388713,41.822128],[-71.388618,41.822148],[-71.388614,41.82204],[-71.388709,41.82202]]],[[[-71.407693,41.824163],[-71.40767,41.824199],[-71.407669,41.824163],[-71.407693,41.824163]]],[[[-71.40772,41.824252],[-71.407695,41.824217],[-71.407719,41.824216],[-71.40772,41.824252]]],[[[-71.408183,41.824405],[-71.408158,41.824369],[-71.408182,41.824369],[-71.408183,41.824405]]],[[[-71.408208,41.824422],[-71.408185,41.824459],[-71.408184,41.824423],[-71.408208,41.824422]]],[[[-71.408235,41.824494],[-71.408209,41.824458],[-71.408233,41.824458],[-71.408235,41.824494]]],[[[-71.408235,41.824494],[-71.408261,41.824547],[-71.408237,41.824548],[-71.408235,41.824494]]],[[[-71.408285,41.824547],[-71.408262,41.824583],[-71.408261,41.824547],[-71.408285,41.824547]]],[[[-71.408288,41.824619],[-71.40831,41.824582],[-71.408312,41.824618],[-71.408288,41.824619]]],[[[-71.408336,41.824636],[-71.408314,41.824672],[-71.408312,41.824636],[-71.408336,41.824636]]],[[[-71.40821,41.825125],[-71.407881,41.824699],[-71.407852,41.824556],[-71.407677,41.824379],[-71.407697,41.824271],[-71.407745,41.82427],[-71.40821,41.825125]]],[[[-71.408363,41.824707],[-71.408338,41.824672],[-71.408362,41.824671],[-71.408363,41.824707]]],[[[-71.408387,41.824707],[-71.408365,41.824743],[-71.408363,41.824707],[-71.408387,41.824707]]],[[[-71.408413,41.82476],[-71.408391,41.824797],[-71.408389,41.824761],[-71.408413,41.82476]]],[[[-71.408439,41.824796],[-71.408416,41.824832],[-71.408415,41.824796],[-71.408439,41.824796]]],[[[-71.408466,41.824885],[-71.408441,41.82485],[-71.408465,41.824849],[-71.408466,41.824885]]],[[[-71.408466,41.824885],[-71.408492,41.824921],[-71.408468,41.824921],[-71.408466,41.824885]]],[[[-71.408516,41.824938],[-71.408494,41.824975],[-71.408492,41.824939],[-71.408516,41.824938]]],[[[-71.408518,41.824974],[-71.408567,41.825009],[-71.408569,41.825063],[-71.40852,41.825028],[-71.408518,41.824974]]],[[[-71.408569,41.825063],[-71.408619,41.825098],[-71.408647,41.825206],[-71.408569,41.825063]]],[[[-71.408236,41.82516],[-71.40821,41.825125],[-71.408234,41.825124],[-71.408236,41.82516]]],[[[-71.408236,41.82516],[-71.40826,41.825178],[-71.408236,41.825178],[-71.408236,41.82516]]],[[[-71.408285,41.825195],[-71.408262,41.825214],[-71.408261,41.825196],[-71.408285,41.825195]]],[[[-71.408826,41.82549],[-71.408777,41.825473],[-71.408776,41.825437],[-71.408825,41.825454],[-71.408826,41.82549]]],[[[-71.40885,41.82549],[-71.408827,41.825526],[-71.408826,41.82549],[-71.40885,41.82549]]],[[[-71.408876,41.825543],[-71.408851,41.825526],[-71.408875,41.825525],[-71.408876,41.825543]]],[[[-71.408902,41.825579],[-71.408877,41.825561],[-71.408901,41.825561],[-71.408902,41.825579]]],[[[-71.408926,41.825578],[-71.408902,41.825597],[-71.408902,41.825579],[-71.408926,41.825578]]],[[[-71.408951,41.825613],[-71.408928,41.825632],[-71.408927,41.825614],[-71.408951,41.825613]]],[[[-71.408976,41.825631],[-71.408952,41.825649],[-71.408952,41.825631],[-71.408976,41.825631]]],[[[-71.409002,41.825684],[-71.408977,41.825667],[-71.409001,41.825666],[-71.409002,41.825684]]],[[[-71.409002,41.825684],[-71.409027,41.825702],[-71.409003,41.825702],[-71.409002,41.825684]]],[[[-71.408689,41.825691],[-71.408666,41.82571],[-71.408665,41.825692],[-71.408689,41.825691]]],[[[-71.409076,41.825737],[-71.409053,41.825755],[-71.409052,41.825737],[-71.409076,41.825737]]],[[[-71.409101,41.825754],[-71.409077,41.825773],[-71.409077,41.825755],[-71.409101,41.825754]]],[[[-71.409126,41.82579],[-71.409101,41.825772],[-71.409126,41.825772],[-71.409126,41.82579]]],[[[-71.409126,41.82579],[-71.409152,41.825825],[-71.409128,41.825826],[-71.409126,41.82579]]],[[[-71.409176,41.825825],[-71.409152,41.825843],[-71.409152,41.825825],[-71.409176,41.825825]]],[[[-71.409177,41.825861],[-71.4092,41.825842],[-71.409201,41.82586],[-71.409177,41.825861]]],[[[-71.409225,41.82586],[-71.409202,41.825878],[-71.409201,41.82586],[-71.409225,41.82586]]],[[[-71.408914,41.825902],[-71.408889,41.825885],[-71.408913,41.825884],[-71.408914,41.825902]]],[[[-71.409251,41.825895],[-71.409226,41.825878],[-71.40925,41.825877],[-71.409251,41.825895]]],[[[-71.408938,41.825902],[-71.408914,41.82592],[-71.408914,41.825902],[-71.408938,41.825902]]],[[[-71.409275,41.825913],[-71.409251,41.825895],[-71.409275,41.825895],[-71.409275,41.825913]]],[[[-71.409275,41.825913],[-71.4093,41.82593],[-71.409276,41.825931],[-71.409275,41.825913]]],[[[-71.408987,41.825937],[-71.408964,41.825955],[-71.408963,41.825937],[-71.408987,41.825937]]],[[[-71.409013,41.82599],[-71.408989,41.825973],[-71.409013,41.825972],[-71.409013,41.82599]]],[[[-71.409037,41.82599],[-71.40931,41.8262],[-71.409339,41.826326],[-71.409539,41.82652],[-71.409419,41.826522],[-71.409164,41.826149],[-71.40899,41.826009],[-71.409037,41.82599]]]]}},{"type":"Feature","properties":{"level_mllw":12.0,"level_navd_ft":9.53},"geometry":{"type":"MultiPolygon","coordinates":[[[[-71.437295,41.823088],[-71.43732,41.823105],[-71.437296,41.823106],[-71.437295,41.823088]]],[[[-71.437344,41.823105],[-71.437321,41.823123],[-71.43732,41.823105],[-71.437344,41.823105]]],[[[-71.437345,41.823141],[-71.437369,41.823122],[-71.43737,41.82314],[-71.437345,41.823141]]],[[[-71.437999,41.823217],[-71.437975,41.823236],[-71.437974,41.823218],[-71.437999,41.823217]]],[[[-71.438,41.823253],[-71.438023,41.823235],[-71.438024,41.823253],[-71.438,41.823253]]],[[[-71.438502,41.825062],[-71.438479,41.82508],[-71.438478,41.825062],[-71.438502,41.825062]]],[[[-71.438479,41.825098],[-71.438456,41.825117],[-71.438455,41.825099],[-71.438479,41.825098]]],[[[-71.438385,41.825154],[-71.43841,41.825172],[-71.438386,41.825172],[-71.438385,41.825154]]],[[[-71.438338,41.825173],[-71.438314,41.825192],[-71.438314,41.825174],[-71.438338,41.825173]]],[[[-71.43829,41.825192],[-71.438243,41.825211],[-71.438242,41.825193],[-71.43829,41.825192]]],[[[-71.438219,41.825212],[-71.438195,41.82523],[-71.438195,41.825212],[-71.438219,41.825212]]],[[[-71.437837,41.82531],[-71.437814,41.825328],[-71.437813,41.82531],[-71.437837,41.82531]]],[[[-71.43779,41.825329],[-71.437766,41.825347],[-71.437766,41.825329],[-71.43779,41.825329]]],[[[-71.437623,41.825369],[-71.437575,41.825388],[-71.437575,41.82537],[-71.437623,41.825369]]],[[[-71.437551,41.825388],[-71.437504,41.825407],[-71.437503,41.825389],[-71.437551,41.825388]]],[[[-71.437266,41.825484],[-71.437504,41.825407],[-71.437267,41.82552],[-71.437266,41.825484]]],[[[-71.437243,41.825521],[-71.437268,41.825538],[-71.437244,41.825539],[-71.437243,41.825521]]],[[[-71.437244,41.825539],[-71.43722,41.825557],[-71.43722,41.825539],[-71.437244,41.825539]]],[[[-71.434757,41.826636],[-71.434734,41.826655],[-71.434733,41.826637],[-71.434757,41.826636]]],[[[-71.434734,41.826655],[-71.43471,41.826673],[-71.434709,41.826655],[-71.434734,41.826655]]],[[[-71.43407,41.826939],[-71.434047,41.826957],[-71.434046,41.826939],[-71.43407,41.826939]]],[[[-71.434023,41.826958],[-71.433999,41.826976],[-71.433998,41.826958],[-71.434023,41.826958]]],[[[-71.43371,41.826983],[-71.433687,41.827001],[-71.433686,41.826983],[-71.43371,41.826983]]],[[[-71.433735,41.827],[-71.433712,41.827019],[-71.433711,41.827001],[-71.433735,41.827]]],[[[-71.433831,41.82698],[-71.433902,41.82696],[-71.433976,41.826995],[-71.433809,41.827052],[-71.433831,41.82698]]],[[[-71.43376,41.827018],[-71.433737,41.827036],[-71.433736,41.827018],[-71.43376,41.827018]]],[[[-71.433761,41.827054],[-71.433785,41.827035],[-71.433785,41.827053],[-71.433761,41.827054]]],[[[-71.433406,41.827223],[-71.433383,41.827242],[-71.433382,41.827224],[-71.433406,41.827223]]],[[[-71.436078,41.827184],[-71.436055,41.827203],[-71.436054,41.827185],[-71.436078,41.827184]]],[[[-71.433335,41.827243],[-71.43336,41.82726],[-71.433336,41.827261],[-71.433335,41.827243]]],[[[-71.43317,41.827336],[-71.433147,41.827355],[-71.433146,41.827337],[-71.43317,41.827336]]],[[[-71.433122,41.827355],[-71.433099,41.827374],[-71.433098,41.827356],[-71.433122,41.827355]]],[[[-71.432957,41.827431],[-71.432933,41.827449],[-71.432933,41.827431],[-71.432957,41.827431]]],[[[-71.432839,41.827487],[-71.432815,41.827506],[-71.432814,41.827488],[-71.432839,41.827487]]],[[[-71.432768,41.827525],[-71.432744,41.827543],[-71.432744,41.827525],[-71.432768,41.827525]]],[[[-71.43272,41.827544],[-71.432697,41.827562],[-71.432696,41.827544],[-71.43272,41.827544]]],[[[-71.432673,41.827563],[-71.432649,41.827581],[-71.432649,41.827563],[-71.432673,41.827563]]],[[[-71.432625,41.827582],[-71.432602,41.8276],[-71.432601,41.827582],[-71.432625,41.827582]]],[[[-71.432603,41.827618],[-71.432554,41.827601],[-71.432602,41.8276],[-71.432603,41.827618]]],[[[-71.43253,41.82762],[-71.432555,41.827637],[-71.432531,41.827638],[-71.43253,41.82762]]],[[[-71.432507,41.827638],[-71.43246,41.827657],[-71.432459,41.827639],[-71.432507,41.827638]]],[[[-71.432298,41.827841],[-71.432275,41.82786],[-71.432274,41.827842],[-71.432298,41.827841]]],[[[-71.432275,41.82786],[-71.432251,41.827878],[-71.432251,41.82786],[-71.432275,41.82786]]],[[[-71.432227,41.827879],[-71.432204,41.827897],[-71.432203,41.827879],[-71.432227,41.827879]]],[[[-71.432974,41.827881],[-71.432951,41.827917],[-71.432903,41.827918],[-71.432974,41.827881]]],[[[-71.433095,41.827896],[-71.433071,41.827915],[-71.433071,41.827897],[-71.433095,41.827896]]],[[[-71.432759,41.827921],[-71.432735,41.82794],[-71.432735,41.827922],[-71.432759,41.827921]]],[[[-71.432427,41.828054],[-71.432403,41.828073],[-71.432402,41.828055],[-71.432427,41.828054]]],[[[-71.414088,41.82646],[-71.413896,41.826464],[-71.413895,41.826446],[-71.414063,41.826425],[-71.414088,41.82646]]],[[[-71.41416,41.826441],[-71.414257,41.826457],[-71.414259,41.826511],[-71.414113,41.826478],[-71.41416,41.826441]]],[[[-71.414403,41.826508],[-71.414601,41.826648],[-71.414607,41.82681],[-71.414511,41.82683],[-71.41449,41.826902],[-71.414418,41.826904],[-71.414487,41.82683],[-71.414433,41.826669],[-71.414259,41.826529],[-71.414307,41.82651],[-71.414405,41.826562],[-71.414403,41.826508]]],[[[-71.417501,41.826929],[-71.417648,41.826998],[-71.41753,41.827054],[-71.417501,41.826929]]],[[[-71.416233,41.827136],[-71.416378,41.827151],[-71.4165,41.827202],[-71.416234,41.827172],[-71.416233,41.827136]]],[[[-71.416572,41.8272],[-71.416501,41.82722],[-71.4165,41.827202],[-71.416572,41.8272]]],[[[-71.416645,41.827217],[-71.416622,41.827235],[-71.416621,41.827217],[-71.416645,41.827217]]],[[[-71.416718,41.827233],[-71.416695,41.827252],[-71.416694,41.827234],[-71.416718,41.827233]]],[[[-71.416791,41.82725],[-71.416768,41.827268],[-71.416767,41.82725],[-71.416791,41.82725]]],[[[-71.41684,41.827267],[-71.416816,41.827285],[-71.416816,41.827267],[-71.41684,41.827267]]],[[[-71.416913,41.827283],[-71.416865,41.827302],[-71.416864,41.827284],[-71.416913,41.827283]]],[[[-71.417524,41.827523],[-71.417014,41.827407],[-71.416913,41.827301],[-71.417254,41.827384],[-71.417446,41.82738],[-71.417489,41.827253],[-71.417586,41.827269],[-71.417524,41.827523]]],[[[-71.417548,41.827522],[-71.417524,41.827541],[-71.417524,41.827523],[-71.417548,41.827522]]],[[[-71.420198,41.828205],[-71.42071,41.828356],[-71.419567,41.828056],[-71.419033,41.827959],[-71.418324,41.827686],[-71.417646,41.827574],[-71.41762,41.827521],[-71.417714,41.827465],[-71.417883,41.827461],[-71.417982,41.827531],[-71.418149,41.82751],[-71.418249,41.827597],[-71.418393,41.827576],[-71.418467,41.827629],[-71.418806,41.827676],[-71.419125,41.827849],[-71.419005,41.827852],[-71.419007,41.827906],[-71.419347,41.827971],[-71.419419,41.827969],[-71.419369,41.827934],[-71.419804,41.827961],[-71.420194,41.828079],[-71.420318,41.828184],[-71.420198,41.828205]],[[-71.418467,41.827629],[-71.418443,41.827647],[-71.418468,41.827647],[-71.418467,41.827629]],[[-71.418661,41.827661],[-71.418613,41.82768],[-71.418661,41.827679],[-71.418661,41.827661]],[[-71.419419,41.827969],[-71.419444,41.827987],[-71.419443,41.827969],[-71.419419,41.827969]],[[-71.420198,41.828187],[-71.420149,41.82817],[-71.42015,41.828188],[-71.420198,41.828187]],[[-71.420077,41.828171],[-71.420124,41.828152],[-71.420076,41.828153],[-71.420077,41.828171]],[[-71.420028,41.828154],[-71.420051,41.828136],[-71.420027,41.828136],[-71.420028,41.828154]],[[-71.419955,41.828138],[-71.420002,41.828119],[-71.419954,41.82812],[-71.419955,41.828138]],[[-71.419906,41.828121],[-71.41993,41.828102],[-71.419906,41.828103],[-71.419906,41.828121]],[[-71.419809,41.828087],[-71.419832,41.828068],[-71.419808,41.828069],[-71.419809,41.828087]],[[-71.419736,41.82807],[-71.419759,41.828052],[-71.419735,41.828052],[-71.419736,41.82807]],[[-71.419468,41.828004],[-71.419492,41.827986],[-71.419468,41.827986],[-71.419468,41.828004]],[[-71.417984,41.827603],[-71.418008,41.827585],[-71.417984,41.827585],[-71.417984,41.827603]],[[-71.417935,41.827568],[-71.417815,41.827589],[-71.417936,41.827604],[-71.417935,41.827568]]],[[[-71.431602,41.827892],[-71.432104,41.827809],[-71.432387,41.827659],[-71.43246,41.827657],[-71.432365,41.827714],[-71.432321,41.827823],[-71.432108,41.827899],[-71.431915,41.827903],[-71.43175,41.827997],[-71.431846,41.827977],[-71.431943,41.827993],[-71.431727,41.828033],[-71.431723,41.827907],[-71.431602,41.827892]]],[[[-71.43218,41.827898],[-71.432132,41.827917],[-71.432132,41.827899],[-71.43218,41.827898]]],[[[-71.432133,41.827935],[-71.43206,41.827918],[-71.432132,41.827917],[-71.432133,41.827935]]],[[[-71.432037,41.827937],[-71.432061,41.827954],[-71.432037,41.827955],[-71.432037,41.827937]]],[[[-71.432013,41.827955],[-71.431966,41.827974],[-71.431965,41.827956],[-71.432013,41.827955]]],[[[-71.428727,41.828295],[-71.428675,41.828188],[-71.428953,41.827912],[-71.428951,41.82784],[-71.428877,41.827805],[-71.429235,41.827708],[-71.429324,41.827526],[-71.429424,41.827632],[-71.429447,41.827595],[-71.429686,41.827554],[-71.429975,41.827548],[-71.430051,41.827654],[-71.430194,41.827615],[-71.430264,41.82756],[-71.430239,41.827524],[-71.430287,41.827523],[-71.430314,41.827595],[-71.430413,41.827665],[-71.430509,41.827663],[-71.430585,41.827769],[-71.430658,41.827786],[-71.430713,41.827965],[-71.430784,41.827927],[-71.430811,41.827999],[-71.43141,41.827932],[-71.431458,41.827913],[-71.431454,41.827805],[-71.431526,41.827803],[-71.431506,41.827912],[-71.431602,41.82791],[-71.431173,41.828027],[-71.430813,41.828053],[-71.430671,41.82811],[-71.430649,41.828182],[-71.430554,41.828202],[-71.430556,41.828256],[-71.430338,41.828225],[-71.429885,41.828342],[-71.429069,41.828432],[-71.428593,41.828568],[-71.42792,41.828618],[-71.426654,41.828879],[-71.426797,41.82884],[-71.426746,41.828769],[-71.426815,41.828678],[-71.426984,41.828692],[-71.428418,41.828392],[-71.428383,41.828122],[-71.428432,41.828139],[-71.428429,41.828067],[-71.428609,41.828351],[-71.429111,41.828269],[-71.428727,41.828295]],[[-71.429327,41.828246],[-71.429326,41.82821],[-71.42911,41.828233],[-71.429111,41.828251],[-71.429327,41.828246]],[[-71.428374,41.828519],[-71.428496,41.828552],[-71.428735,41.828511],[-71.428781,41.828438],[-71.428374,41.828519]],[[-71.428781,41.828438],[-71.428828,41.828419],[-71.42878,41.82842],[-71.428781,41.828438]],[[-71.429447,41.828226],[-71.42935,41.82821],[-71.429351,41.828228],[-71.429447,41.828226]],[[-71.429446,41.828208],[-71.429542,41.828188],[-71.429445,41.82819],[-71.429446,41.828208]],[[-71.429614,41.828186],[-71.429805,41.828146],[-71.429613,41.82815],[-71.429614,41.828186]],[[-71.43016,41.827976],[-71.430183,41.82794],[-71.430158,41.82794],[-71.43016,41.827976]]],[[[-71.432188,41.828114],[-71.432165,41.828132],[-71.432164,41.828114],[-71.432188,41.828114]]],[[[-71.420782,41.828355],[-71.42071,41.828374],[-71.42071,41.828356],[-71.420782,41.828355]]],[[[-71.43214,41.828133],[-71.432117,41.828151],[-71.432116,41.828133],[-71.43214,41.828133]]],[[[-71.420879,41.828371],[-71.420807,41.82839],[-71.420807,41.828372],[-71.420879,41.828371]]],[[[-71.432093,41.828152],[-71.43207,41.82817],[-71.432069,41.828152],[-71.432093,41.828152]]],[[[-71.420976,41.828387],[-71.420904,41.828406],[-71.420904,41.828388],[-71.420976,41.828387]]],[[[-71.420977,41.828405],[-71.421073,41.828421],[-71.420977,41.828423],[-71.420977,41.828405]]],[[[-71.431974,41.82819],[-71.431951,41.828209],[-71.43195,41.828191],[-71.431974,41.82819]]],[[[-71.42117,41.828419],[-71.421074,41.828439],[-71.421073,41.828421],[-71.42117,41.828419]]],[[[-71.421267,41.828434],[-71.421171,41.828455],[-71.42117,41.828437],[-71.421267,41.828434]]],[[[-71.422613,41.829],[-71.423899,41.829262],[-71.423973,41.829314],[-71.424069,41.829294],[-71.424602,41.829391],[-71.425158,41.829433],[-71.426258,41.829248],[-71.426379,41.829263],[-71.426045,41.829324],[-71.425997,41.829343],[-71.426047,41.829396],[-71.425738,41.829493],[-71.42533,41.829537],[-71.424727,41.829514],[-71.423516,41.829342],[-71.423418,41.82929],[-71.421528,41.828969],[-71.421407,41.828972],[-71.421385,41.829008],[-71.421383,41.828954],[-71.421284,41.828902],[-71.42109,41.82887],[-71.42082,41.828732],[-71.420164,41.828584],[-71.420041,41.828514],[-71.419727,41.828467],[-71.418971,41.828231],[-71.418559,41.828167],[-71.418509,41.828114],[-71.418365,41.828117],[-71.417999,41.827999],[-71.417949,41.827946],[-71.417732,41.827933],[-71.417637,41.827971],[-71.417437,41.827777],[-71.416853,41.827609],[-71.416756,41.827611],[-71.416758,41.827647],[-71.416639,41.827685],[-71.416562,41.827579],[-71.417046,41.827623],[-71.41824,41.827994],[-71.418458,41.828025],[-71.419553,41.828327],[-71.419554,41.828363],[-71.419674,41.82836],[-71.419725,41.828413],[-71.419796,41.828393],[-71.421014,41.828746],[-71.422613,41.829]],[[-71.420405,41.828579],[-71.420382,41.828597],[-71.420406,41.828597],[-71.420405,41.828579]],[[-71.420454,41.828596],[-71.420431,41.828614],[-71.420455,41.828614],[-71.420454,41.828596]],[[-71.420576,41.828629],[-71.420552,41.828648],[-71.420576,41.828647],[-71.420576,41.828629]],[[-71.423099,41.829134],[-71.423076,41.829153],[-71.4231,41.829152],[-71.423099,41.829134]],[[-71.421427,41.828863],[-71.421475,41.828844],[-71.421427,41.828845],[-71.421427,41.828863]],[[-71.421354,41.828847],[-71.421402,41.828828],[-71.421354,41.828829],[-71.421354,41.828847]],[[-71.420601,41.828665],[-71.420624,41.828646],[-71.4206,41.828647],[-71.420601,41.828665]]],[[[-71.429964,41.828521],[-71.429918,41.828576],[-71.429845,41.828559],[-71.429867,41.828505],[-71.429964,41.828521]]],[[[-71.429579,41.828547],[-71.429556,41.828566],[-71.429555,41.828548],[-71.429579,41.828547]]],[[[-71.429364,41.828588],[-71.429317,41.828607],[-71.429316,41.828589],[-71.429364,41.828588]]],[[[-71.429269,41.828608],[-71.429221,41.828627],[-71.42922,41.828609],[-71.429269,41.828608]]],[[[-71.421579,41.82841],[-71.422454,41.828626],[-71.42296,41.828633],[-71.423471,41.828766],[-71.423614,41.828745],[-71.424221,41.828858],[-71.42461,41.828976],[-71.42466,41.829011],[-71.424638,41.829066],[-71.425363,41.829123],[-71.425147,41.829145],[-71.424639,41.829102],[-71.423743,41.828959],[-71.422626,41.828712],[-71.421414,41.828503],[-71.421268,41.82847],[-71.421363,41.828432],[-71.421217,41.828399],[-71.421579,41.82841]],[[-71.421364,41.82845],[-71.421436,41.828467],[-71.421436,41.828449],[-71.421364,41.82845]],[[-71.421436,41.828467],[-71.421485,41.828484],[-71.421485,41.828466],[-71.421436,41.828467]],[[-71.422795,41.828726],[-71.422818,41.828708],[-71.422794,41.828708],[-71.422795,41.828726]],[[-71.422698,41.82871],[-71.422769,41.828691],[-71.422697,41.828692],[-71.422698,41.82871]],[[-71.422625,41.828694],[-71.422648,41.828676],[-71.422624,41.828676],[-71.422625,41.828694]],[[-71.422431,41.828644],[-71.422504,41.828679],[-71.4226,41.828677],[-71.422527,41.828642],[-71.422431,41.828644]],[[-71.422431,41.828644],[-71.422334,41.828628],[-71.422334,41.828646],[-71.422431,41.828644]],[[-71.422334,41.828628],[-71.422237,41.828612],[-71.422237,41.82863],[-71.422334,41.828628]],[[-71.422237,41.828612],[-71.422164,41.828596],[-71.422164,41.828614],[-71.422237,41.828612]],[[-71.422164,41.828596],[-71.422067,41.82858],[-71.422068,41.828598],[-71.422164,41.828596]],[[-71.422067,41.82858],[-71.421994,41.828563],[-71.421995,41.828581],[-71.422067,41.82858]],[[-71.421922,41.828565],[-71.421969,41.828546],[-71.421921,41.828547],[-71.421922,41.828565]],[[-71.421825,41.828549],[-71.421872,41.82853],[-71.421824,41.828531],[-71.421825,41.828549]],[[-71.421655,41.828516],[-71.421678,41.828498],[-71.421654,41.828498],[-71.421655,41.828516]],[[-71.421558,41.8285],[-71.421606,41.828481],[-71.421557,41.828482],[-71.421558,41.8285]]],[[[-71.429222,41.828645],[-71.429103,41.828683],[-71.42903,41.828667],[-71.429125,41.828629],[-71.429222,41.828645]]],[[[-71.42903,41.828667],[-71.428934,41.828687],[-71.428934,41.828669],[-71.42903,41.828667]]],[[[-71.428719,41.828727],[-71.428648,41.828747],[-71.428647,41.828729],[-71.428719,41.828727]]],[[[-71.428624,41.828747],[-71.428576,41.828766],[-71.428576,41.828748],[-71.428624,41.828747]]],[[[-71.426606,41.82888],[-71.426558,41.828899],[-71.426558,41.828881],[-71.426606,41.82888]]],[[[-71.42651,41.8289],[-71.426463,41.828919],[-71.426462,41.828901],[-71.42651,41.8289]]],[[[-71.425673,41.829044],[-71.425624,41.829027],[-71.42598,41.828893],[-71.426292,41.828869],[-71.426294,41.828923],[-71.426463,41.828919],[-71.425387,41.829122],[-71.425673,41.829044]]],[[[-71.429609,41.829339],[-71.429457,41.829126],[-71.429309,41.829039],[-71.429205,41.828843],[-71.42911,41.828863],[-71.429144,41.829133],[-71.429023,41.829117],[-71.42902,41.829045],[-71.428948,41.829047],[-71.428921,41.828975],[-71.428848,41.828959],[-71.42887,41.828904],[-71.4288,41.828942],[-71.42863,41.828927],[-71.428489,41.829002],[-71.428296,41.829006],[-71.42825,41.829043],[-71.428302,41.829168],[-71.42823,41.829152],[-71.428231,41.829188],[-71.428131,41.829082],[-71.428034,41.829066],[-71.427005,41.82925],[-71.426956,41.829233],[-71.427001,41.829142],[-71.426929,41.829161],[-71.426784,41.829147],[-71.428147,41.828884],[-71.428528,41.828767],[-71.428507,41.828858],[-71.42858,41.828856],[-71.428721,41.828763],[-71.428912,41.828741],[-71.428743,41.828709],[-71.429104,41.828701],[-71.429271,41.828662],[-71.429471,41.828856],[-71.429704,41.829301],[-71.429631,41.829266],[-71.429609,41.829339]],[[-71.429631,41.829266],[-71.429606,41.829249],[-71.429607,41.829267],[-71.429631,41.829266]],[[-71.42958,41.829213],[-71.429604,41.829195],[-71.42958,41.829195],[-71.42958,41.829213]]],[[[-71.426737,41.829166],[-71.426689,41.829185],[-71.426689,41.829167],[-71.426737,41.829166]]],[[[-71.426617,41.829186],[-71.42657,41.829205],[-71.426569,41.829187],[-71.426617,41.829186]]],[[[-71.426546,41.829224],[-71.426474,41.829207],[-71.426546,41.829206],[-71.426546,41.829224]]],[[[-71.426378,41.829227],[-71.426475,41.829243],[-71.426379,41.829245],[-71.426378,41.829227]]],[[[-71.411892,41.825065],[-71.411704,41.825177],[-71.411774,41.825104],[-71.411747,41.82505],[-71.411911,41.824921],[-71.411745,41.824978],[-71.411746,41.825014],[-71.411697,41.824997],[-71.411532,41.825091],[-71.41127,41.825151],[-71.410963,41.825319],[-71.410823,41.82543],[-71.410879,41.825645],[-71.410658,41.825542],[-71.410642,41.825758],[-71.410469,41.825636],[-71.410447,41.82569],[-71.410254,41.825676],[-71.409926,41.825917],[-71.409759,41.825957],[-71.409733,41.825903],[-71.409781,41.825902],[-71.409896,41.825756],[-71.409726,41.825741],[-71.409452,41.825495],[-71.409357,41.825515],[-71.409337,41.825623],[-71.409287,41.82557],[-71.409214,41.825572],[-71.409216,41.825608],[-71.409489,41.825818],[-71.409219,41.825698],[-71.409045,41.825557],[-71.40894,41.825308],[-71.408617,41.825062],[-71.408514,41.824884],[-71.408468,41.824921],[-71.408321,41.824222],[-71.408271,41.824187],[-71.408304,41.823772],[-71.408257,41.823791],[-71.408261,41.823917],[-71.408168,41.824009],[-71.408133,41.823703],[-71.408036,41.823687],[-71.408175,41.824189],[-71.408134,41.82437],[-71.40805,41.824065],[-71.407856,41.824015],[-71.407852,41.823925],[-71.408017,41.823832],[-71.408015,41.823778],[-71.407845,41.823727],[-71.407704,41.82319],[-71.407558,41.823139],[-71.407506,41.823032],[-71.407359,41.822963],[-71.407105,41.822626],[-71.406362,41.821435],[-71.406322,41.821003],[-71.406091,41.82063],[-71.405893,41.82049],[-71.405816,41.820348],[-71.405901,41.820058],[-71.405995,41.819984],[-71.406377,41.819904],[-71.406658,41.8197],[-71.406656,41.819646],[-71.40656,41.81963],[-71.406419,41.819723],[-71.406226,41.819727],[-71.406125,41.819603],[-71.406052,41.819586],[-71.405812,41.819591],[-71.405741,41.819647],[-71.405645,41.819649],[-71.405539,41.819381],[-71.405387,41.819186],[-71.40512,41.819119],[-71.405064,41.818904],[-71.405134,41.818849],[-71.405131,41.818777],[-71.405009,41.818743],[-71.404908,41.818601],[-71.40495,41.818457],[-71.404734,41.818461],[-71.404659,41.818391],[-71.404519,41.817871],[-71.404158,41.817861],[-71.404033,41.817755],[-71.404,41.817504],[-71.40387,41.817254],[-71.403982,41.817018],[-71.403974,41.816802],[-71.403617,41.816287],[-71.403405,41.815769],[-71.403175,41.815414],[-71.403221,41.815359],[-71.403484,41.815299],[-71.403505,41.815227],[-71.403431,41.815174],[-71.403098,41.815271],[-71.403095,41.815199],[-71.403522,41.815028],[-71.403594,41.815027],[-71.403644,41.81508],[-71.403646,41.815116],[-71.403527,41.815154],[-71.403604,41.815279],[-71.403534,41.815352],[-71.403608,41.815387],[-71.403635,41.815476],[-71.403563,41.815496],[-71.403535,41.81537],[-71.403463,41.815372],[-71.403368,41.81541],[-71.403348,41.815518],[-71.403421,41.815553],[-71.4034,41.815625],[-71.403477,41.815768],[-71.403576,41.81582],[-71.403555,41.81591],[-71.403628,41.815926],[-71.403705,41.816051],[-71.403776,41.816031],[-71.403733,41.816158],[-71.40383,41.816192],[-71.40376,41.816248],[-71.403768,41.816464],[-71.403844,41.816552],[-71.404035,41.816512],[-71.404122,41.816276],[-71.404221,41.816328],[-71.404364,41.816307],[-71.404487,41.816377],[-71.404505,41.816214],[-71.404865,41.816171],[-71.404958,41.816079],[-71.405079,41.816094],[-71.405148,41.816021],[-71.405197,41.816038],[-71.405169,41.81593],[-71.405241,41.815929],[-71.405341,41.816017],[-71.405673,41.815884],[-71.405671,41.81583],[-71.405841,41.81588],[-71.405937,41.81586],[-71.405886,41.815789],[-71.405981,41.815751],[-71.406031,41.815804],[-71.406127,41.815784],[-71.406029,41.81575],[-71.406027,41.815696],[-71.406169,41.815621],[-71.406165,41.815513],[-71.406285,41.815511],[-71.406217,41.815638],[-71.406337,41.815618],[-71.406332,41.815492],[-71.406431,41.815562],[-71.406479,41.815543],[-71.406557,41.815055],[-71.406616,41.81536],[-71.406664,41.815359],[-71.406707,41.815214],[-71.406761,41.815357],[-71.406806,41.815284],[-71.406905,41.815353],[-71.407075,41.815386],[-71.407456,41.815288],[-71.407291,41.815363],[-71.40734,41.815398],[-71.407055,41.815512],[-71.406963,41.815622],[-71.407068,41.815854],[-71.406949,41.815893],[-71.406927,41.815947],[-71.407081,41.816196],[-71.406984,41.81618],[-71.406963,41.816253],[-71.406813,41.816112],[-71.406766,41.816149],[-71.406798,41.816346],[-71.406656,41.816421],[-71.406782,41.816563],[-71.406737,41.816654],[-71.406976,41.816595],[-71.407122,41.816646],[-71.406986,41.816865],[-71.406891,41.816903],[-71.406896,41.817047],[-71.406946,41.817082],[-71.406849,41.817084],[-71.406946,41.8171],[-71.407047,41.817206],[-71.40698,41.817351],[-71.407053,41.817368],[-71.40711,41.817601],[-71.407158,41.8176],[-71.407188,41.817779],[-71.407116,41.817763],[-71.407146,41.817924],[-71.406997,41.817801],[-71.4069,41.817803],[-71.406929,41.817911],[-71.406858,41.817948],[-71.406734,41.817861],[-71.406864,41.81811],[-71.406911,41.818073],[-71.407032,41.818089],[-71.406986,41.818162],[-71.406987,41.818198],[-71.407059,41.818178],[-71.407019,41.818395],[-71.406755,41.818419],[-71.406757,41.818473],[-71.406592,41.818566],[-71.406601,41.8188],[-71.406575,41.818765],[-71.406382,41.818751],[-71.405529,41.819111],[-71.405712,41.819503],[-71.405833,41.819519],[-71.40607,41.819424],[-71.406171,41.819548],[-71.406485,41.819559],[-71.406507,41.819523],[-71.406914,41.81946],[-71.40718,41.81949],[-71.407179,41.819455],[-71.407323,41.819451],[-71.407322,41.819415],[-71.40749,41.819412],[-71.407752,41.819334],[-71.407873,41.81935],[-71.407888,41.819097],[-71.407985,41.819113],[-71.408053,41.819004],[-71.408136,41.81929],[-71.408208,41.819271],[-71.408155,41.819146],[-71.408228,41.819162],[-71.408279,41.819251],[-71.408472,41.819247],[-71.408474,41.819301],[-71.408354,41.819322],[-71.408356,41.819376],[-71.408479,41.819445],[-71.408706,41.819711],[-71.40871,41.819819],[-71.40852,41.819895],[-71.408642,41.819928],[-71.408569,41.81993],[-71.40843,41.820059],[-71.40847,41.82049],[-71.408664,41.820522],[-71.408926,41.820463],[-71.408933,41.820643],[-71.409101,41.820621],[-71.409311,41.820436],[-71.409526,41.820396],[-71.409642,41.820285],[-71.410094,41.820132],[-71.410211,41.820039],[-71.410324,41.819857],[-71.410227,41.819841],[-71.410103,41.819735],[-71.410151,41.819716],[-71.410124,41.819663],[-71.410541,41.819852],[-71.410685,41.819849],[-71.410712,41.819921],[-71.410665,41.81994],[-71.410886,41.820061],[-71.411057,41.82013],[-71.411225,41.820108],[-71.411328,41.820304],[-71.411402,41.820339],[-71.411357,41.820412],[-71.411211,41.820397],[-71.410958,41.82069],[-71.410916,41.820871],[-71.41099,41.820906],[-71.410796,41.820874],[-71.411041,41.820995],[-71.411045,41.821085],[-71.410656,41.821003],[-71.410492,41.821114],[-71.410498,41.821276],[-71.410914,41.821448],[-71.410986,41.821446],[-71.411125,41.821299],[-71.411244,41.82126],[-71.411178,41.821424],[-71.411084,41.82148],[-71.411209,41.821621],[-71.411039,41.821571],[-71.410967,41.82159],[-71.410947,41.821699],[-71.410807,41.82181],[-71.410812,41.821954],[-71.410764,41.821955],[-71.410721,41.822082],[-71.410579,41.822157],[-71.410581,41.822211],[-71.410773,41.822189],[-71.410753,41.822297],[-71.410801,41.822278],[-71.410803,41.822332],[-71.410896,41.822258],[-71.410856,41.822475],[-71.410928,41.822474],[-71.41093,41.82251],[-71.410861,41.822601],[-71.411105,41.822704],[-71.411132,41.822758],[-71.411204,41.822756],[-71.41153,41.822461],[-71.411462,41.822589],[-71.411559,41.822605],[-71.411537,41.822659],[-71.411638,41.822765],[-71.411467,41.822715],[-71.411399,41.822824],[-71.411519,41.822822],[-71.411695,41.823016],[-71.411792,41.823032],[-71.411795,41.823104],[-71.411892,41.82312],[-71.412104,41.823008],[-71.412324,41.823093],[-71.412513,41.822981],[-71.412538,41.823016],[-71.412397,41.82311],[-71.4124,41.823181],[-71.412648,41.823374],[-71.412743,41.823354],[-71.412796,41.823479],[-71.413109,41.823473],[-71.413112,41.823563],[-71.413207,41.823525],[-71.413187,41.823615],[-71.413283,41.823613],[-71.413328,41.82354],[-71.4134,41.823539],[-71.413497,41.823555],[-71.413597,41.823643],[-71.41369,41.823569],[-71.41379,41.823657],[-71.413907,41.823564],[-71.413783,41.823459],[-71.413805,41.823422],[-71.413979,41.823545],[-71.413934,41.823654],[-71.414078,41.823633],[-71.414524,41.823965],[-71.414759,41.823816],[-71.414808,41.823833],[-71.414791,41.824014],[-71.414721,41.824069],[-71.414747,41.824123],[-71.414794,41.824086],[-71.414821,41.824175],[-71.415179,41.824096],[-71.415247,41.823986],[-71.415295,41.823985],[-71.415297,41.824039],[-71.415203,41.824095],[-71.415182,41.824168],[-71.41549,41.824035],[-71.415283,41.824292],[-71.415355,41.82429],[-71.415448,41.824198],[-71.41557,41.824232],[-71.415614,41.824141],[-71.415783,41.824137],[-71.415781,41.824083],[-71.415902,41.824099],[-71.415881,41.824189],[-71.415625,41.824411],[-71.41565,41.824446],[-71.416001,41.824168],[-71.416005,41.824276],[-71.416123,41.82422],[-71.415752,41.824588],[-71.415754,41.82466],[-71.415901,41.824729],[-71.416191,41.824741],[-71.416369,41.824359],[-71.416373,41.824467],[-71.416549,41.824661],[-71.416768,41.824729],[-71.417227,41.824773],[-71.417133,41.824829],[-71.417137,41.824919],[-71.417089,41.82492],[-71.416906,41.825194],[-71.416761,41.825179],[-71.416564,41.825057],[-71.416543,41.82513],[-71.416446,41.825114],[-71.416504,41.825383],[-71.416579,41.825453],[-71.416675,41.825451],[-71.416653,41.825506],[-71.416461,41.825528],[-71.415692,41.825562],[-71.415544,41.825475],[-71.415558,41.825204],[-71.415438,41.825225],[-71.415436,41.825171],[-71.415224,41.825284],[-71.415251,41.825373],[-71.4152,41.825302],[-71.414987,41.825397],[-71.414866,41.825381],[-71.414712,41.825132],[-71.414616,41.825116],[-71.414562,41.824973],[-71.414103,41.824947],[-71.414053,41.824894],[-71.413617,41.824813],[-71.413473,41.824834],[-71.413277,41.824748],[-71.413136,41.824823],[-71.413085,41.82477],[-71.412966,41.824791],[-71.412992,41.824844],[-71.413088,41.824842],[-71.41302,41.824952],[-71.413249,41.825271],[-71.413178,41.825309],[-71.413229,41.82538],[-71.41306,41.825365],[-71.412991,41.825475],[-71.412943,41.825476],[-71.412941,41.825404],[-71.412868,41.825405],[-71.412765,41.825209],[-71.412641,41.825122],[-71.412687,41.825049],[-71.412485,41.824819],[-71.412437,41.82482],[-71.412394,41.824965],[-71.412249,41.82495],[-71.411637,41.825323],[-71.411892,41.825065]],[[-71.409214,41.825572],[-71.40919,41.825554],[-71.40919,41.825572],[-71.409214,41.825572]],[[-71.408464,41.824831],[-71.40849,41.824867],[-71.408488,41.824831],[-71.408464,41.824831]],[[-71.41177,41.823087],[-71.411747,41.823105],[-71.411771,41.823105],[-71.41177,41.823087]],[[-71.413306,41.823595],[-71.413355,41.823612],[-71.413354,41.823594],[-71.413306,41.823595]],[[-71.413934,41.823654],[-71.413911,41.823672],[-71.413935,41.823672],[-71.413934,41.823654]],[[-71.415182,41.824168],[-71.415159,41.824186],[-71.415183,41.824186],[-71.415182,41.824168]],[[-71.411892,41.825065],[-71.411916,41.825047],[-71.411892,41.825047],[-71.411892,41.825065]],[[-71.411916,41.825047],[-71.411939,41.825028],[-71.411915,41.825029],[-71.411916,41.825047]],[[-71.411939,41.825028],[-71.411963,41.82501],[-71.411939,41.82501],[-71.411939,41.825028]],[[-71.415711,41.825417],[-71.415759,41.825434],[-71.415782,41.825398],[-71.415733,41.825381],[-71.415711,41.825417]],[[-71.409039,41.825378],[-71.409066,41.825467],[-71.409164,41.825501],[-71.409185,41.825428],[-71.409039,41.825378]],[[-71.409205,41.82532],[-71.409111,41.825376],[-71.409327,41.825371],[-71.409326,41.825335],[-71.409205,41.82532]],[[-71.415939,41.825088],[-71.415988,41.825105],[-71.415986,41.825051],[-71.415962,41.825052],[-71.415939,41.825088]],[[-71.415915,41.825089],[-71.415916,41.825107],[-71.41594,41.825106],[-71.415939,41.825088],[-71.415915,41.825089]],[[-71.415765,41.824948],[-71.41572,41.825039],[-71.415817,41.825055],[-71.415839,41.824982],[-71.415765,41.824948]],[[-71.41109,41.824848],[-71.410846,41.824763],[-71.410866,41.824673],[-71.410694,41.824568],[-71.410666,41.824479],[-71.410501,41.824572],[-71.410503,41.824608],[-71.410649,41.824659],[-71.410653,41.824767],[-71.410726,41.824784],[-71.410753,41.824873],[-71.410873,41.824853],[-71.410924,41.824924],[-71.41102,41.824922],[-71.41109,41.824848]],[[-71.412406,41.824622],[-71.412381,41.824605],[-71.412382,41.824623],[-71.412406,41.824622]],[[-71.412405,41.824604],[-71.412428,41.824586],[-71.412404,41.824586],[-71.412405,41.824604]],[[-71.412428,41.824586],[-71.412452,41.824567],[-71.412428,41.824568],[-71.412428,41.824586]],[[-71.414683,41.824358],[-71.414682,41.824322],[-71.414633,41.824305],[-71.414635,41.824341],[-71.414683,41.824358]],[[-71.414608,41.824288],[-71.414583,41.824252],[-71.414535,41.824253],[-71.41456,41.824289],[-71.414608,41.824288]],[[-71.414024,41.824102],[-71.414071,41.824083],[-71.414023,41.824084],[-71.414024,41.824102]],[[-71.410774,41.824134],[-71.410647,41.823975],[-71.41067,41.823938],[-71.410744,41.823991],[-71.410889,41.823988],[-71.410831,41.823719],[-71.410567,41.823742],[-71.410421,41.823709],[-71.410374,41.823746],[-71.4103,41.823694],[-71.410158,41.823769],[-71.410186,41.823858],[-71.410431,41.823979],[-71.410655,41.824173],[-71.410774,41.824134]],[[-71.413948,41.824014],[-71.413973,41.824031],[-71.413996,41.824013],[-71.413948,41.824014]],[[-71.413948,41.824014],[-71.413923,41.823996],[-71.413924,41.824014],[-71.413948,41.824014]],[[-71.413875,41.823997],[-71.413899,41.823979],[-71.413849,41.823944],[-71.413875,41.823997]],[[-71.413849,41.823944],[-71.413824,41.823926],[-71.413825,41.823944],[-71.413849,41.823944]],[[-71.414574,41.824018],[-71.414598,41.824],[-71.414574,41.824],[-71.414574,41.824018]],[[-71.413991,41.823887],[-71.414056,41.823687],[-71.413984,41.823689],[-71.413867,41.823781],[-71.413991,41.823887]],[[-71.413821,41.823836],[-71.413844,41.823818],[-71.41382,41.823818],[-71.413821,41.823836]],[[-71.414084,41.823795],[-71.414107,41.823758],[-71.414083,41.823759],[-71.414084,41.823795]],[[-71.413143,41.823742],[-71.413167,41.823724],[-71.413142,41.823724],[-71.413143,41.823742]],[[-71.413213,41.823687],[-71.413261,41.823668],[-71.413213,41.823669],[-71.413213,41.823687]],[[-71.412993,41.823601],[-71.413092,41.823671],[-71.413066,41.8236],[-71.412993,41.823601]],[[-71.409458,41.823712],[-71.409531,41.823728],[-71.409529,41.823692],[-71.409458,41.823712]],[[-71.413404,41.823629],[-71.413426,41.823592],[-71.413402,41.823593],[-71.413404,41.823629]],[[-71.412967,41.823548],[-71.412942,41.823512],[-71.41287,41.823514],[-71.412895,41.823549],[-71.412967,41.823548]],[[-71.409599,41.823619],[-71.409646,41.8236],[-71.409598,41.823601],[-71.409599,41.823619]],[[-71.412553,41.82343],[-71.412378,41.823254],[-71.412258,41.823257],[-71.412049,41.823459],[-71.412098,41.823494],[-71.412506,41.823449],[-71.412553,41.82343]],[[-71.40803,41.823525],[-71.408053,41.823507],[-71.408029,41.823507],[-71.40803,41.823525]],[[-71.410864,41.82334],[-71.41094,41.823428],[-71.411036,41.823426],[-71.410985,41.823337],[-71.410864,41.82334]],[[-71.411649,41.823071],[-71.411626,41.82309],[-71.41165,41.823089],[-71.411649,41.823071]],[[-71.411625,41.823072],[-71.4116,41.823054],[-71.411601,41.823072],[-71.411625,41.823072]],[[-71.410708,41.822388],[-71.410732,41.82237],[-71.410708,41.82237],[-71.410708,41.822388]],[[-71.407058,41.821997],[-71.407035,41.822033],[-71.407059,41.822033],[-71.407058,41.821997]],[[-71.407033,41.821997],[-71.407008,41.821962],[-71.407009,41.821998],[-71.407033,41.821997]],[[-71.410636,41.821742],[-71.410797,41.82154],[-71.41046,41.821547],[-71.410369,41.821675],[-71.410443,41.821728],[-71.410636,41.821742]],[[-71.409407,41.821713],[-71.409547,41.821602],[-71.409522,41.821567],[-71.409257,41.821572],[-71.409037,41.821487],[-71.40904,41.821577],[-71.409113,41.821575],[-71.40909,41.821612],[-71.409238,41.821699],[-71.409407,41.821713]],[[-71.406988,41.821422],[-71.407039,41.821511],[-71.407088,41.821528],[-71.407083,41.821402],[-71.406988,41.821422]],[[-71.409846,41.821218],[-71.410037,41.821178],[-71.410007,41.821016],[-71.410101,41.82096],[-71.410075,41.820907],[-71.410194,41.820868],[-71.410022,41.820782],[-71.40995,41.820783],[-71.409789,41.821003],[-71.409645,41.821006],[-71.409618,41.820916],[-71.409523,41.820972],[-71.409505,41.821117],[-71.409776,41.821291],[-71.409846,41.821218]],[[-71.410722,41.820821],[-71.410674,41.82084],[-71.410723,41.820857],[-71.410722,41.820821]],[[-71.408889,41.820752],[-71.408819,41.820807],[-71.408846,41.820897],[-71.408989,41.820839],[-71.408985,41.82075],[-71.408889,41.820752]],[[-71.409663,41.820843],[-71.409711,41.820824],[-71.409662,41.820825],[-71.409663,41.820843]],[[-71.406617,41.820529],[-71.406709,41.820419],[-71.406683,41.820348],[-71.406778,41.820309],[-71.406923,41.820324],[-71.406919,41.820216],[-71.406988,41.820143],[-71.407484,41.81988],[-71.407557,41.819915],[-71.407553,41.819807],[-71.407626,41.819805],[-71.407623,41.819733],[-71.407455,41.819755],[-71.407029,41.819944],[-71.406691,41.819933],[-71.406502,41.820027],[-71.406475,41.819956],[-71.406546,41.8199],[-71.406473,41.819902],[-71.406284,41.819996],[-71.406021,41.820037],[-71.405974,41.820074],[-71.405982,41.82029],[-71.406107,41.820414],[-71.406186,41.820592],[-71.406356,41.820625],[-71.406617,41.820529]],[[-71.411094,41.820471],[-71.411069,41.820454],[-71.41107,41.820472],[-71.411094,41.820471]],[[-71.411093,41.820453],[-71.411116,41.820417],[-71.411092,41.820417],[-71.411093,41.820453]],[[-71.411114,41.820363],[-71.411139,41.820398],[-71.411187,41.820379],[-71.411161,41.820344],[-71.411114,41.820363]],[[-71.410817,41.820153],[-71.410572,41.820032],[-71.410357,41.820072],[-71.41031,41.820127],[-71.410817,41.820153]],[[-71.410403,41.820017],[-71.410426,41.819999],[-71.410402,41.819999],[-71.410403,41.820017]],[[-71.408273,41.81972],[-71.408302,41.819863],[-71.408326,41.819863],[-71.408321,41.819719],[-71.408273,41.81972]],[[-71.408295,41.819683],[-71.408318,41.819647],[-71.408294,41.819647],[-71.408295,41.819683]],[[-71.407741,41.819677],[-71.407765,41.819658],[-71.40774,41.819659],[-71.407741,41.819677]],[[-71.408244,41.819594],[-71.408267,41.819576],[-71.408243,41.819576],[-71.408244,41.819594]],[[-71.406725,41.819554],[-71.406749,41.819536],[-71.406725,41.819536],[-71.406725,41.819554]],[[-71.408188,41.819397],[-71.408119,41.819471],[-71.408288,41.819503],[-71.408262,41.819432],[-71.408188,41.819397]],[[-71.406869,41.819533],[-71.406892,41.819515],[-71.406868,41.819515],[-71.406869,41.819533]],[[-71.407802,41.819369],[-71.407825,41.819351],[-71.407801,41.819351],[-71.407802,41.819369]],[[-71.406913,41.818145],[-71.406937,41.818127],[-71.406913,41.818127],[-71.406913,41.818145]],[[-71.405131,41.818147],[-71.405179,41.818128],[-71.405131,41.818129],[-71.405131,41.818147]],[[-71.404956,41.81797],[-71.405003,41.817933],[-71.404955,41.817934],[-71.404956,41.81797]],[[-71.404906,41.817917],[-71.40493,41.817899],[-71.404905,41.817899],[-71.404906,41.817917]],[[-71.404777,41.817686],[-71.404752,41.81765],[-71.40468,41.81767],[-71.4047,41.817561],[-71.404603,41.817527],[-71.404623,41.817419],[-71.404574,41.817402],[-71.404456,41.817476],[-71.40446,41.817584],[-71.404612,41.817779],[-71.404777,41.817686]],[[-71.404694,41.817399],[-71.40479,41.817379],[-71.404693,41.817363],[-71.404694,41.817399]],[[-71.40479,41.817379],[-71.404837,41.81736],[-71.404789,41.817361],[-71.40479,41.817379]],[[-71.404837,41.81736],[-71.404885,41.817341],[-71.404836,41.817342],[-71.404837,41.81736]],[[-71.404885,41.817341],[-71.404908,41.817323],[-71.404884,41.817323],[-71.404885,41.817341]],[[-71.404932,41.817322],[-71.404955,41.817304],[-71.404931,41.817304],[-71.404932,41.817322]],[[-71.405002,41.817249],[-71.405024,41.817212],[-71.405,41.817213],[-71.405002,41.817249]],[[-71.405257,41.816991],[-71.405233,41.81701],[-71.405257,41.817009],[-71.405257,41.816991]],[[-71.405231,41.816938],[-71.405155,41.816849],[-71.40506,41.816869],[-71.405156,41.816885],[-71.405209,41.816992],[-71.405231,41.816938]],[[-71.405376,41.816953],[-71.405423,41.816934],[-71.405375,41.816935],[-71.405376,41.816953]],[[-71.405323,41.816828],[-71.405325,41.816882],[-71.405371,41.816827],[-71.405323,41.816828]],[[-71.405487,41.816716],[-71.405463,41.816699],[-71.405463,41.816717],[-71.405487,41.816716]],[[-71.405487,41.816698],[-71.405534,41.816679],[-71.405485,41.816662],[-71.405487,41.816698]],[[-71.405167,41.816525],[-71.405148,41.816651],[-71.405246,41.816703],[-71.405265,41.816559],[-71.405167,41.816525]],[[-71.405505,41.816536],[-71.405308,41.816432],[-71.405436,41.816627],[-71.405555,41.816607],[-71.405581,41.81666],[-71.406152,41.816468],[-71.406079,41.816452],[-71.406125,41.816379],[-71.406028,41.816381],[-71.405978,41.81631],[-71.405881,41.816294],[-71.405811,41.816349],[-71.405909,41.816401],[-71.405791,41.816458],[-71.405577,41.816534],[-71.405505,41.816536]],[[-71.405811,41.816349],[-71.405764,41.816386],[-71.405812,41.816385],[-71.405811,41.816349]],[[-71.405504,41.816518],[-71.405599,41.816498],[-71.405573,41.816426],[-71.405501,41.816428],[-71.40545,41.816375],[-71.405504,41.816518]],[[-71.405597,41.816426],[-71.40567,41.816442],[-71.405618,41.816353],[-71.405545,41.816337],[-71.405597,41.816426]],[[-71.405668,41.816388],[-71.405718,41.816441],[-71.405715,41.816369],[-71.405668,41.816388]],[[-71.40617,41.816306],[-71.406148,41.81636],[-71.406223,41.81643],[-71.406294,41.816411],[-71.406267,41.816322],[-71.40617,41.816306]],[[-71.405524,41.816409],[-71.405547,41.816391],[-71.405523,41.816391],[-71.405524,41.816409]],[[-71.405666,41.816334],[-71.405643,41.816371],[-71.405667,41.81637],[-71.405666,41.816334]],[[-71.405642,41.816335],[-71.405617,41.816317],[-71.405617,41.816335],[-71.405642,41.816335]],[[-71.405737,41.816315],[-71.40576,41.816296],[-71.405736,41.816297],[-71.405737,41.816315]],[[-71.406286,41.816177],[-71.406115,41.816127],[-71.406145,41.816288],[-71.406264,41.81625],[-71.406286,41.816177]],[[-71.405809,41.816295],[-71.405831,41.816259],[-71.405807,41.816259],[-71.405809,41.816295]],[[-71.405903,41.816257],[-71.405925,41.816203],[-71.405901,41.816203],[-71.405903,41.816257]],[[-71.405875,41.816132],[-71.405851,41.81615],[-71.405875,41.81615],[-71.405875,41.816132]],[[-71.405851,41.816132],[-71.405826,41.816115],[-71.405827,41.816133],[-71.405851,41.816132]],[[-71.406162,41.81609],[-71.406137,41.816072],[-71.406138,41.81609],[-71.406162,41.81609]],[[-71.406161,41.816054],[-71.40628,41.816033],[-71.406255,41.815998],[-71.406161,41.816054]],[[-71.405607,41.816065],[-71.405631,41.816047],[-71.405607,41.816047],[-71.405607,41.816065]],[[-71.405726,41.816027],[-71.405677,41.81601],[-71.405678,41.816028],[-71.405726,41.816027]],[[-71.405726,41.816009],[-71.405773,41.81599],[-71.405725,41.815991],[-71.405726,41.816009]],[[-71.405773,41.81599],[-71.405796,41.815971],[-71.405772,41.815972],[-71.405773,41.81599]],[[-71.405797,41.815989],[-71.405822,41.816007],[-71.405821,41.815989],[-71.405797,41.815989]],[[-71.406948,41.815857],[-71.406947,41.815821],[-71.406969,41.815784],[-71.406922,41.815803],[-71.406948,41.815857]],[[-71.406298,41.815871],[-71.406417,41.815832],[-71.406296,41.815817],[-71.406298,41.815871]],[[-71.406316,41.81569],[-71.406362,41.815653],[-71.406314,41.815654],[-71.406316,41.81569]],[[-71.40636,41.815599],[-71.406384,41.815581],[-71.40636,41.815581],[-71.40636,41.815599]]],[[[-71.413278,41.826693],[-71.413444,41.826618],[-71.413586,41.826561],[-71.413278,41.826693]]],[[[-71.410364,41.826701],[-71.410341,41.826719],[-71.41034,41.826701],[-71.410364,41.826701]]],[[[-71.413206,41.826695],[-71.413111,41.826733],[-71.41311,41.826715],[-71.413206,41.826695]]],[[[-71.413111,41.826733],[-71.413017,41.826789],[-71.412945,41.82679],[-71.413111,41.826733]]],[[[-71.412945,41.82679],[-71.412898,41.826827],[-71.412826,41.826829],[-71.412872,41.826792],[-71.412945,41.82679]]],[[[-71.412826,41.826847],[-71.412778,41.82683],[-71.412826,41.826829],[-71.412826,41.826847]]],[[[-71.41273,41.826849],[-71.412779,41.826866],[-71.412731,41.826867],[-71.41273,41.826849]]],[[[-71.412731,41.826867],[-71.412659,41.826887],[-71.412659,41.826869],[-71.412731,41.826867]]],[[[-71.412659,41.826887],[-71.412612,41.826906],[-71.412611,41.826888],[-71.412659,41.826887]]],[[[-71.412588,41.826906],[-71.412564,41.826925],[-71.412564,41.826907],[-71.412588,41.826906]]],[[[-71.410977,41.826976],[-71.410709,41.826909],[-71.410805,41.826889],[-71.410855,41.826942],[-71.411025,41.826975],[-71.411869,41.826993],[-71.411894,41.827029],[-71.411341,41.82704],[-71.410977,41.826976]]],[[[-71.410375,41.826989],[-71.410352,41.827007],[-71.410351,41.826989],[-71.410375,41.826989]]],[[[-71.4104,41.827006],[-71.410377,41.827025],[-71.410376,41.827007],[-71.4104,41.827006]]],[[[-71.413288,41.826963],[-71.413265,41.826982],[-71.413264,41.826964],[-71.413288,41.826963]]],[[[-71.412278,41.827003],[-71.412181,41.826987],[-71.412278,41.826985],[-71.412278,41.827003]]],[[[-71.411965,41.826991],[-71.412183,41.827023],[-71.411918,41.827028],[-71.411965,41.826991]]],[[[-71.410498,41.827058],[-71.410475,41.827077],[-71.410474,41.827059],[-71.410498,41.827058]]],[[[-71.412669,41.827139],[-71.413169,41.826984],[-71.413265,41.826982],[-71.413388,41.827051],[-71.41339,41.827105],[-71.4131,41.827093],[-71.413007,41.827167],[-71.412814,41.827171],[-71.412792,41.827226],[-71.412623,41.827194],[-71.412669,41.827139]]],[[[-71.410742,41.827143],[-71.410719,41.827161],[-71.410718,41.827143],[-71.410742,41.827143]]],[[[-71.410815,41.827159],[-71.410792,41.827178],[-71.410791,41.82716],[-71.410815,41.827159]]],[[[-71.413877,41.827257],[-71.413633,41.827172],[-71.413433,41.826978],[-71.413778,41.827169],[-71.414189,41.827233],[-71.413877,41.827257]]],[[[-71.410888,41.827176],[-71.410841,41.827195],[-71.41084,41.827177],[-71.410888,41.827176]]],[[[-71.410889,41.827194],[-71.410962,41.82721],[-71.410889,41.827212],[-71.410889,41.827194]]],[[[-71.412598,41.827176],[-71.412503,41.827214],[-71.412502,41.827196],[-71.412598,41.827176]]],[[[-71.412286,41.827219],[-71.412263,41.827237],[-71.412262,41.827219],[-71.412286,41.827219]]],[[[-71.412239,41.827238],[-71.412216,41.827256],[-71.412215,41.827238],[-71.412239,41.827238]]],[[[-71.412167,41.827257],[-71.412144,41.827276],[-71.412143,41.827258],[-71.412167,41.827257]]],[[[-71.411377,41.827382],[-71.410986,41.82721],[-71.411326,41.827293],[-71.411518,41.827289],[-71.411377,41.827382]]],[[[-71.411567,41.827288],[-71.41212,41.827276],[-71.412121,41.827312],[-71.412026,41.82735],[-71.411593,41.827359],[-71.411567,41.827288]]],[[[-71.410618,41.827686],[-71.410643,41.827703],[-71.410619,41.827704],[-71.410618,41.827686]]],[[[-71.410668,41.827721],[-71.410645,41.827757],[-71.410644,41.827721],[-71.410668,41.827721]]],[[[-71.41067,41.827793],[-71.410693,41.827756],[-71.410694,41.827792],[-71.41067,41.827793]]],[[[-71.410904,41.828238],[-71.410723,41.8279],[-71.410694,41.827792],[-71.410793,41.827862],[-71.410771,41.827917],[-71.410978,41.828291],[-71.410904,41.828238]]],[[[-71.411567,41.831142],[-71.411328,41.829905],[-71.411289,41.829527],[-71.411638,41.831105],[-71.411617,41.831195],[-71.411567,41.831142]]],[[[-71.411299,41.830427],[-71.411279,41.830536],[-71.411275,41.830428],[-71.411299,41.830427]]],[[[-71.411328,41.830553],[-71.411307,41.830643],[-71.411304,41.830553],[-71.411328,41.830553]]],[[[-71.411333,41.830679],[-71.411361,41.830786],[-71.411337,41.830787],[-71.411333,41.830679]]],[[[-71.411361,41.830786],[-71.411497,41.831216],[-71.411482,41.83145],[-71.411458,41.831451],[-71.411361,41.830786]]],[[[-71.411425,41.831866],[-71.411403,41.831902],[-71.411401,41.831866],[-71.411425,41.831866]]],[[[-71.411548,41.831917],[-71.411525,41.831954],[-71.411524,41.831918],[-71.411548,41.831917]]],[[[-71.411526,41.831972],[-71.411504,41.832044],[-71.411502,41.831972],[-71.411526,41.831972]]],[[[-71.41148,41.832045],[-71.411486,41.832189],[-71.411448,41.832478],[-71.41148,41.832045]]],[[[-71.41133,41.832534],[-71.411307,41.832553],[-71.411306,41.832535],[-71.41133,41.832534]]],[[[-71.411453,41.832604],[-71.41143,41.832622],[-71.411429,41.832604],[-71.411453,41.832604]]],[[[-71.411311,41.832661],[-71.411289,41.832715],[-71.411287,41.832661],[-71.411311,41.832661]]],[[[-71.411292,41.832805],[-71.411272,41.832914],[-71.411268,41.832806],[-71.411292,41.832805]]],[[[-71.411327,41.833093],[-71.411434,41.83273],[-71.411507,41.832747],[-71.411446,41.833054],[-71.411327,41.833093]]],[[[-71.409126,41.825772],[-71.409102,41.82579],[-71.409101,41.825772],[-71.409126,41.825772]]],[[[-71.409126,41.82579],[-71.409175,41.825807],[-71.409176,41.825843],[-71.409128,41.825826],[-71.409126,41.82579]]],[[[-71.4092,41.825842],[-71.409177,41.825861],[-71.409176,41.825843],[-71.4092,41.825842]]],[[[-71.409202,41.825878],[-71.409225,41.82586],[-71.409226,41.825878],[-71.409202,41.825878]]],[[[-71.409226,41.825878],[-71.409251,41.825895],[-71.409227,41.825896],[-71.409226,41.825878]]],[[[-71.409275,41.825895],[-71.409251,41.825913],[-71.409251,41.825895],[-71.409275,41.825895]]],[[[-71.409276,41.825931],[-71.409299,41.825912],[-71.4093,41.82593],[-71.409276,41.825931]]],[[[-71.409324,41.82593],[-71.409301,41.825948],[-71.4093,41.82593],[-71.409324,41.82593]]],[[[-71.409325,41.825966],[-71.409349,41.825947],[-71.40935,41.825965],[-71.409325,41.825966]]],[[[-71.409374,41.825965],[-71.40935,41.825983],[-71.40935,41.825965],[-71.409374,41.825965]]],[[[-71.409376,41.826019],[-71.409398,41.825982],[-71.4094,41.826018],[-71.409376,41.826019]]],[[[-71.409424,41.826018],[-71.4094,41.826036],[-71.4094,41.826018],[-71.409424,41.826018]]],[[[-71.409425,41.826054],[-71.409448,41.826035],[-71.409449,41.826053],[-71.409425,41.826054]]],[[[-71.409473,41.826053],[-71.40945,41.826071],[-71.409449,41.826053],[-71.409473,41.826053]]],[[[-71.409475,41.826089],[-71.409498,41.82607],[-71.409499,41.826088],[-71.409475,41.826089]]],[[[-71.409523,41.826088],[-71.409499,41.826106],[-71.409499,41.826088],[-71.409523,41.826088]]],[[[-71.409524,41.826124],[-71.409547,41.826105],[-71.409548,41.826123],[-71.409524,41.826124]]],[[[-71.409572,41.826123],[-71.409549,41.826141],[-71.409548,41.826123],[-71.409572,41.826123]]],[[[-71.409574,41.826159],[-71.409597,41.82614],[-71.409598,41.826158],[-71.409574,41.826159]]],[[[-71.409598,41.826158],[-71.409622,41.826176],[-71.409598,41.826176],[-71.409598,41.826158]]],[[[-71.409622,41.826176],[-71.409695,41.826192],[-71.409697,41.826228],[-71.409622,41.826176]]],[[[-71.409697,41.826246],[-71.409721,41.826228],[-71.409721,41.826246],[-71.409697,41.826246]]],[[[-71.409745,41.826245],[-71.409722,41.826264],[-71.409721,41.826246],[-71.409745,41.826245]]],[[[-71.409223,41.826454],[-71.40903,41.826422],[-71.409052,41.826368],[-71.408927,41.826262],[-71.408756,41.826194],[-71.408827,41.826156],[-71.408846,41.82603],[-71.40892,41.826082],[-71.408991,41.826045],[-71.408989,41.825973],[-71.40931,41.8262],[-71.409339,41.826326],[-71.40954,41.826538],[-71.409467,41.826521],[-71.409421,41.826576],[-71.409348,41.826578],[-71.409223,41.826454]]],[[[-71.40977,41.826263],[-71.409747,41.826281],[-71.409746,41.826263],[-71.40977,41.826263]]],[[[-71.409771,41.826299],[-71.409795,41.82628],[-71.409795,41.826298],[-71.409771,41.826299]]],[[[-71.409795,41.826298],[-71.409894,41.82635],[-71.409895,41.826386],[-71.409797,41.826334],[-71.409795,41.826298]]],[[[-71.409896,41.826404],[-71.409919,41.826386],[-71.40992,41.826404],[-71.409896,41.826404]]],[[[-71.409944,41.826403],[-71.409921,41.826422],[-71.40992,41.826404],[-71.409944,41.826403]]],[[[-71.409945,41.826439],[-71.409969,41.826421],[-71.409969,41.826439],[-71.409945,41.826439]]],[[[-71.409993,41.826438],[-71.40997,41.826457],[-71.409969,41.826439],[-71.409993,41.826438]]],[[[-71.409995,41.826474],[-71.410018,41.826456],[-71.410019,41.826474],[-71.409995,41.826474]]],[[[-71.410043,41.826473],[-71.410019,41.826492],[-71.410019,41.826474],[-71.410043,41.826473]]],[[[-71.410044,41.826509],[-71.410068,41.826491],[-71.410068,41.826509],[-71.410044,41.826509]]],[[[-71.410069,41.826527],[-71.410141,41.826525],[-71.410143,41.826561],[-71.410069,41.826527]]],[[[-71.410167,41.826561],[-71.410143,41.826579],[-71.410143,41.826561],[-71.410167,41.826561]]],[[[-71.410168,41.826597],[-71.410191,41.826578],[-71.410192,41.826596],[-71.410168,41.826597]]],[[[-71.410216,41.826596],[-71.410193,41.826614],[-71.410192,41.826596],[-71.410216,41.826596]]],[[[-71.410217,41.826632],[-71.410241,41.826613],[-71.410241,41.826631],[-71.410217,41.826632]]],[[[-71.410266,41.826631],[-71.410242,41.826649],[-71.410241,41.826631],[-71.410266,41.826631]]],[[[-71.410267,41.826667],[-71.41029,41.826648],[-71.410291,41.826666],[-71.410267,41.826667]]],[[[-71.410315,41.826666],[-71.410292,41.826684],[-71.410291,41.826666],[-71.410315,41.826666]]],[[[-71.410316,41.826702],[-71.41034,41.826683],[-71.41034,41.826701],[-71.410316,41.826702]]],[[[-71.410185,41.827047],[-71.410056,41.826833],[-71.410178,41.826867],[-71.410131,41.826904],[-71.410185,41.827047]]],[[[-71.410351,41.826971],[-71.410327,41.82699],[-71.410326,41.826972],[-71.410351,41.826971]]],[[[-71.410209,41.827046],[-71.410186,41.827083],[-71.410185,41.827047],[-71.410209,41.827046]]],[[[-71.410211,41.8271],[-71.410234,41.827082],[-71.410235,41.8271],[-71.410211,41.8271]]],[[[-71.410018,41.827086],[-71.410356,41.827745],[-71.410631,41.828028],[-71.410865,41.828491],[-71.410848,41.828672],[-71.410946,41.828724],[-71.411241,41.830159],[-71.411254,41.830518],[-71.411152,41.830359],[-71.411085,41.830486],[-71.411028,41.830253],[-71.41101,41.830434],[-71.410938,41.830435],[-71.410912,41.830382],[-71.410947,41.830021],[-71.410899,41.830022],[-71.410915,41.829823],[-71.410786,41.828961],[-71.410706,41.828747],[-71.41063,41.82864],[-71.410364,41.82861],[-71.410457,41.828518],[-71.410264,41.828504],[-71.410262,41.828468],[-71.410334,41.828466],[-71.410332,41.828412],[-71.410036,41.82822],[-71.410107,41.828183],[-71.410103,41.828075],[-71.410052,41.828004],[-71.40998,41.828006],[-71.410051,41.827968],[-71.409971,41.827772],[-71.40985,41.827738],[-71.409844,41.827594],[-71.409769,41.827506],[-71.40962,41.827401],[-71.40945,41.82735],[-71.409447,41.827278],[-71.409635,41.827166],[-71.409506,41.826917],[-71.409526,41.826826],[-71.409453,41.82681],[-71.409311,41.826867],[-71.409355,41.82674],[-71.409257,41.826706],[-71.409496,41.826647],[-71.409593,41.826681],[-71.409645,41.82677],[-71.40974,41.826732],[-71.410018,41.827086]],[[-71.410557,41.828624],[-71.41058,41.828605],[-71.410556,41.828606],[-71.410557,41.828624]],[[-71.409845,41.826982],[-71.409871,41.827035],[-71.409895,41.827035],[-71.409917,41.82698],[-71.409845,41.826982]],[[-71.410319,41.828052],[-71.410173,41.828019],[-71.410202,41.828145],[-71.410321,41.828106],[-71.410319,41.828052]]],[[[-71.400988,41.816162],[-71.400965,41.81618],[-71.400964,41.816162],[-71.400988,41.816162]]],[[[-71.400917,41.816181],[-71.400941,41.816199],[-71.400917,41.816199],[-71.400917,41.816181]]],[[[-71.404173,41.820202],[-71.40415,41.82022],[-71.404149,41.820202],[-71.404173,41.820202]]],[[[-71.407354,41.824134],[-71.407036,41.823997],[-71.406957,41.8238],[-71.406704,41.823481],[-71.406435,41.823379],[-71.406432,41.823289],[-71.406526,41.823233],[-71.406472,41.823072],[-71.406178,41.822934],[-71.4062,41.822879],[-71.406029,41.822811],[-71.40595,41.82265],[-71.405804,41.822599],[-71.405704,41.822493],[-71.405585,41.822532],[-71.405507,41.822389],[-71.405432,41.822319],[-71.40536,41.822321],[-71.405157,41.822055],[-71.404984,41.821932],[-71.405005,41.821842],[-71.404907,41.82179],[-71.4049,41.82161],[-71.404604,41.821436],[-71.404601,41.821346],[-71.404506,41.821366],[-71.404456,41.821331],[-71.404478,41.821276],[-71.404382,41.821278],[-71.404282,41.82119],[-71.404229,41.821065],[-71.404269,41.820848],[-71.404024,41.820727],[-71.403971,41.820602],[-71.403729,41.820553],[-71.403846,41.820461],[-71.404182,41.820436],[-71.404252,41.82038],[-71.404224,41.820273],[-71.404395,41.820341],[-71.404392,41.820251],[-71.40424,41.820074],[-71.404095,41.820041],[-71.403919,41.819847],[-71.403941,41.819793],[-71.403646,41.819619],[-71.403272,41.819284],[-71.40315,41.819251],[-71.403095,41.819072],[-71.402972,41.818984],[-71.402827,41.818987],[-71.402605,41.818848],[-71.402477,41.818634],[-71.40276,41.818484],[-71.402658,41.818324],[-71.402585,41.818308],[-71.402593,41.818506],[-71.402165,41.818659],[-71.402352,41.818511],[-71.402018,41.81859],[-71.401849,41.818575],[-71.401942,41.818483],[-71.401603,41.818455],[-71.401678,41.818525],[-71.401656,41.818562],[-71.401337,41.818406],[-71.401238,41.818336],[-71.401235,41.818264],[-71.401138,41.81823],[-71.401157,41.818104],[-71.401079,41.817943],[-71.401228,41.818066],[-71.401275,41.818047],[-71.401269,41.817885],[-71.401197,41.817887],[-71.401147,41.817834],[-71.401364,41.817847],[-71.401457,41.817755],[-71.401306,41.817596],[-71.401137,41.817582],[-71.401038,41.817494],[-71.401035,41.817422],[-71.400888,41.817353],[-71.400931,41.817208],[-71.400854,41.817083],[-71.400849,41.816939],[-71.400454,41.816695],[-71.400498,41.816586],[-71.400687,41.816474],[-71.400633,41.816331],[-71.400704,41.816294],[-71.400776,41.816292],[-71.400876,41.816398],[-71.400949,41.816397],[-71.400919,41.816253],[-71.401038,41.816215],[-71.40162,41.816977],[-71.402475,41.817932],[-71.402921,41.818283],[-71.403004,41.818569],[-71.403104,41.818657],[-71.403183,41.818854],[-71.403611,41.819331],[-71.404559,41.820212],[-71.404611,41.820337],[-71.404542,41.82041],[-71.404546,41.820518],[-71.404622,41.820625],[-71.404744,41.820658],[-71.404813,41.820567],[-71.404688,41.820461],[-71.40471,41.820389],[-71.404926,41.820384],[-71.405,41.820437],[-71.404888,41.820637],[-71.404917,41.820781],[-71.405214,41.820991],[-71.405318,41.821205],[-71.405467,41.821328],[-71.405698,41.821701],[-71.405847,41.821824],[-71.405898,41.821895],[-71.405855,41.82204],[-71.406177,41.822267],[-71.406353,41.82248],[-71.406773,41.822759],[-71.407357,41.823558],[-71.407412,41.823737],[-71.407511,41.823824],[-71.407517,41.823968],[-71.407759,41.823999],[-71.407761,41.824071],[-71.407666,41.824091],[-71.407669,41.824163],[-71.407543,41.824022],[-71.40762,41.824146],[-71.407575,41.824237],[-71.407431,41.82424],[-71.407354,41.824134]],[[-71.402669,41.818612],[-71.402692,41.818594],[-71.402668,41.818594],[-71.402669,41.818612]],[[-71.402376,41.81851],[-71.402399,41.818492],[-71.402375,41.818492],[-71.402376,41.81851]],[[-71.402037,41.818463],[-71.402085,41.818444],[-71.402037,41.818445],[-71.402037,41.818463]],[[-71.401791,41.818325],[-71.401838,41.818288],[-71.40179,41.818289],[-71.401791,41.818325]],[[-71.402464,41.818292],[-71.402486,41.818238],[-71.402414,41.818239],[-71.402415,41.818275],[-71.402464,41.818292]],[[-71.401935,41.818303],[-71.401958,41.818285],[-71.401934,41.818285],[-71.401935,41.818303]],[[-71.40167,41.818291],[-71.40174,41.818236],[-71.401666,41.818201],[-71.40167,41.818291]],[[-71.401764,41.818235],[-71.401835,41.818198],[-71.401856,41.818125],[-71.401712,41.818146],[-71.401764,41.818235]],[[-71.401302,41.818119],[-71.401325,41.8181],[-71.401301,41.818101],[-71.401302,41.818119]],[[-71.401442,41.81799],[-71.401465,41.817971],[-71.401441,41.817972],[-71.401442,41.81799]]],[[[-71.404198,41.820237],[-71.404175,41.820256],[-71.404174,41.820238],[-71.404198,41.820237]]],[[[-71.4042,41.820273],[-71.404223,41.820255],[-71.404224,41.820273],[-71.4042,41.820273]]],[[[-71.388614,41.82204],[-71.388755,41.821947],[-71.388876,41.821962],[-71.388809,41.822108],[-71.388643,41.822165],[-71.388614,41.82204]]],[[[-71.407693,41.824163],[-71.40767,41.824199],[-71.407669,41.824163],[-71.407693,41.824163]]],[[[-71.408182,41.824369],[-71.408159,41.824405],[-71.408158,41.824369],[-71.408182,41.824369]]],[[[-71.408185,41.824459],[-71.408207,41.824404],[-71.408209,41.824458],[-71.408185,41.824459]]],[[[-71.408233,41.824458],[-71.408211,41.824494],[-71.408209,41.824458],[-71.408233,41.824458]]],[[[-71.408235,41.824494],[-71.408284,41.824529],[-71.408286,41.824583],[-71.408237,41.824548],[-71.408235,41.824494]]],[[[-71.40831,41.824582],[-71.408288,41.824619],[-71.408286,41.824583],[-71.40831,41.824582]]],[[[-71.408314,41.824672],[-71.408336,41.824618],[-71.408338,41.824672],[-71.408314,41.824672]]],[[[-71.408362,41.824671],[-71.408339,41.824708],[-71.408338,41.824672],[-71.408362,41.824671]]],[[[-71.408261,41.825196],[-71.408059,41.824948],[-71.407987,41.824949],[-71.407886,41.824825],[-71.407646,41.824848],[-71.407619,41.824759],[-71.407713,41.824703],[-71.407418,41.824547],[-71.407437,41.82442],[-71.407387,41.824349],[-71.407458,41.82433],[-71.407455,41.824258],[-71.407653,41.824398],[-71.407719,41.824216],[-71.408261,41.825196]]],[[[-71.408363,41.824707],[-71.408389,41.824743],[-71.408365,41.824743],[-71.408363,41.824707]]],[[[-71.408413,41.824742],[-71.408391,41.824797],[-71.408389,41.824743],[-71.408413,41.824742]]],[[[-71.408416,41.824832],[-71.408439,41.824796],[-71.40844,41.824832],[-71.408416,41.824832]]],[[[-71.408647,41.825206],[-71.408492,41.824921],[-71.408644,41.825134],[-71.408647,41.825206]]],[[[-71.408285,41.825195],[-71.408262,41.825232],[-71.408261,41.825196],[-71.408285,41.825195]]],[[[-71.408311,41.825249],[-71.408288,41.825267],[-71.408287,41.825249],[-71.408311,41.825249]]],[[[-71.408337,41.825284],[-71.408313,41.825303],[-71.408313,41.825285],[-71.408337,41.825284]]],[[[-71.408362,41.82532],[-71.408339,41.825338],[-71.408338,41.82532],[-71.408362,41.82532]]],[[[-71.408826,41.82549],[-71.408777,41.825473],[-71.408776,41.825437],[-71.408825,41.825454],[-71.408826,41.82549]]],[[[-71.408489,41.825497],[-71.408466,41.825516],[-71.408465,41.825498],[-71.408489,41.825497]]],[[[-71.40885,41.82549],[-71.408827,41.825526],[-71.408826,41.82549],[-71.40885,41.82549]]],[[[-71.408875,41.825525],[-71.408852,41.825544],[-71.408851,41.825526],[-71.408875,41.825525]]],[[[-71.408878,41.825579],[-71.4089,41.825543],[-71.408902,41.825579],[-71.408878,41.825579]]],[[[-71.408926,41.825578],[-71.408902,41.825597],[-71.408902,41.825579],[-71.408926,41.825578]]],[[[-71.408951,41.825613],[-71.408928,41.825632],[-71.408927,41.825614],[-71.408951,41.825613]]],[[[-71.408952,41.825631],[-71.408976,41.825649],[-71.408952,41.825649],[-71.408952,41.825631]]],[[[-71.408664,41.825674],[-71.408641,41.825692],[-71.40864,41.825674],[-71.408664,41.825674]]],[[[-71.409001,41.825666],[-71.408978,41.825685],[-71.408977,41.825667],[-71.409001,41.825666]]],[[[-71.409026,41.825684],[-71.409003,41.825702],[-71.409002,41.825684],[-71.409026,41.825684]]],[[[-71.408689,41.825691],[-71.408666,41.82571],[-71.408665,41.825692],[-71.408689,41.825691]]],[[[-71.409051,41.825701],[-71.409027,41.82572],[-71.409027,41.825702],[-71.409051,41.825701]]],[[[-71.409076,41.825737],[-71.409053,41.825755],[-71.409052,41.825737],[-71.409076,41.825737]]],[[[-71.409101,41.825754],[-71.409077,41.825773],[-71.409077,41.825755],[-71.409101,41.825754]]],[[[-71.408789,41.825779],[-71.408765,41.825798],[-71.408765,41.82578],[-71.408789,41.825779]]],[[[-71.408813,41.825797],[-71.40879,41.825815],[-71.408789,41.825797],[-71.408813,41.825797]]],[[[-71.408888,41.825867],[-71.408865,41.825885],[-71.408864,41.825867],[-71.408888,41.825867]]],[[[-71.408913,41.825884],[-71.40889,41.825903],[-71.408889,41.825885],[-71.408913,41.825884]]],[[[-71.408914,41.82592],[-71.408938,41.825902],[-71.408938,41.82592],[-71.408914,41.82592]]],[[[-71.408963,41.825919],[-71.408939,41.825938],[-71.408938,41.82592],[-71.408963,41.825919]]],[[[-71.408965,41.825973],[-71.408987,41.825937],[-71.408989,41.825973],[-71.408965,41.825973]]]]}}]}