{"type":"FeatureCollection","features":[{"type":"Feature","properties":{"ft":5,"label":"5 ft: about where the gates close (5.2)","weight":1,"dash":"4 3"},"geometry":{"type":"MultiLineString","coordinates":[[[-71.41357,41.82615],[-71.41368,41.82619],[-71.41362,41.82631],[-71.4135,41.82625],[-71.41357,41.82615]],[[-71.38555,41.81875],[-71.38556,41.81875],[-71.38558,41.81876],[-71.38553,41.81876],[-71.38555,41.81875]],[[-71.40378,41.81085],[-71.40431,41.81092],[-71.40452,41.8109],[-71.40467,41.81097],[-71.40472,41.81112],[-71.4042,41.81122],[-71.40392,41.81121],[-71.40348,41.81107],[-71.40364,41.81091],[-71.40378,41.81085]],[[-71.41013,41.82591],[-71.41018,41.82593],[-71.41031,41.82604],[-71.41026,41.82603],[-71.41013,41.82591]],[[-71.38958,41.79378],[-71.38973,41.79383],[-71.38972,41.79395],[-71.3896,41.79399],[-71.38931,41.79395],[-71.38911,41.79382],[-71.38917,41.79379],[-71.38926,41.79389],[-71.38935,41.7939],[-71.38958,41.79378]],[[-71.39909,41.80346],[-71.399,41.8035],[-71.39903,41.80359],[-71.3989,41.80377],[-71.39909,41.80409],[-71.39911,41.80404],[-71.39902,41.80386],[-71.39905,41.80378],[-71.39925,41.80366],[-71.39944,41.80369],[-71.39956,41.80357],[-71.39952,41.80353],[-71.3994,41.80357],[-71.39925,41.80348],[-71.39909,41.80346]],[[-71.37972,41.80359],[-71.37974,41.8036],[-71.37976,41.80361],[-71.37972,41.80362],[-71.37972,41.80359]],[[-71.40769,41.82094],[-71.40776,41.82095],[-71.40778,41.82099],[-71.40771,41.82097],[-71.40769,41.82094]],[[-71.39019,41.81317],[-71.39022,41.8133],[-71.39004,41.81368],[-71.38997,41.81372],[-71.38993,41.81355],[-71.39007,41.81343],[-71.39019,41.81317]],[[-71.40827,41.82138],[-71.40829,41.82144],[-71.40825,41.82149],[-71.40824,41.82144],[-71.40827,41.82138]],[[-71.38945,41.79572],[-71.38968,41.79578],[-71.38972,41.79588],[-71.38969,41.79596],[-71.38951,41.79603],[-71.38934,41.79597],[-71.38931,41.79582],[-71.38945,41.79572]],[[-71.39752,41.80078],[-71.39791,41.80096],[-71.39804,41.80108],[-71.39811,41.80126],[-71.39773,41.80138],[-71.39736,41.80157],[-71.39731,41.80153],[-71.39728,41.80138],[-71.39727,41.80096],[-71.39752,41.80078]],[[-71.38895,41.79556],[-71.38908,41.79558],[-71.38917,41.79565],[-71.38918,41.79575],[-71.38911,41.79584],[-71.38892,41.79587],[-71.38878,41.79578],[-71.38879,41.79564],[-71.38895,41.79556]],[[-71.382,41.82252],[-71.38206,41.82259],[-71.38204,41.82266],[-71.38198,41.82262],[-71.382,41.82252]],[[-71.4027,41.81294],[-71.40274,41.81303],[-71.40274,41.81307],[-71.40271,41.813],[-71.4027,41.81294]],[[-71.37501,41.79218],[-71.375,41.79218]],[[-71.375,41.79268],[-71.37504,41.79274],[-71.37511,41.79273],[-71.37516,41.79257],[-71.37508,41.79223],[-71.37501,41.79218]],[[-71.43807,41.82389],[-71.43807,41.8239]],[[-71.43807,41.8239],[-71.43807,41.8239]],[[-71.43807,41.8239],[-71.43807,41.82391]],[[-71.43807,41.82391],[-71.43807,41.82391]],[[-71.43807,41.82391],[-71.43807,41.82391]],[[-71.43807,41.82391],[-71.43807,41.82391]],[[-71.43807,41.82391],[-71.43808,41.82392]],[[-71.43808,41.82392],[-71.43808,41.82392]],[[-71.43808,41.82392],[-71.43808,41.82392]],[[-71.43808,41.82392],[-71.43808,41.82393]],[[-71.43808,41.82393],[-71.43808,41.82393]],[[-71.43808,41.82393],[-71.43808,41.82393]],[[-71.43808,41.82393],[-71.43808,41.82393]],[[-71.43808,41.82393],[-71.43808,41.82394]],[[-71.43808,41.82394],[-71.43808,41.82394]],[[-71.43808,41.82394],[-71.43809,41.82394]],[[-71.43809,41.82394],[-71.43809,41.82395]],[[-71.43809,41.82395],[-71.43809,41.82395]],[[-71.43809,41.82395],[-71.43809,41.82395]],[[-71.43809,41.82395],[-71.43809,41.82395]],[[-71.43809,41.82395],[-71.43809,41.82396]],[[-71.43809,41.82396],[-71.43809,41.82396]],[[-71.43809,41.82396],[-71.43809,41.82396]],[[-71.43809,41.82396],[-71.43809,41.82397]],[[-71.43809,41.82397],[-71.43809,41.82397]],[[-71.43809,41.82397],[-71.43809,41.82397]],[[-71.43809,41.82397],[-71.43809,41.82398]],[[-71.43809,41.82398],[-71.4381,41.82398]],[[-71.4381,41.82398],[-71.4381,41.82398]],[[-71.4381,41.82398],[-71.4381,41.82399]],[[-71.4381,41.82399],[-71.4381,41.82399]],[[-71.4381,41.82399],[-71.4381,41.82399]],[[-71.4381,41.82399],[-71.4381,41.82399]],[[-71.4381,41.82399],[-71.4381,41.824]],[[-71.4381,41.824],[-71.4381,41.824]],[[-71.4381,41.824],[-71.4381,41.824]],[[-71.4381,41.824],[-71.4381,41.82401]],[[-71.4381,41.82401],[-71.4381,41.82401]],[[-71.4381,41.82401],[-71.4381,41.82401]],[[-71.4381,41.82401],[-71.4381,41.82402]],[[-71.4381,41.82402],[-71.4381,41.82402]],[[-71.4381,41.82402],[-71.4381,41.82402]],[[-71.4381,41.82402],[-71.4381,41.82402]],[[-71.4381,41.82402],[-71.4381,41.82402]],[[-71.4381,41.82402],[-71.43811,41.82403]],[[-71.43811,41.82403],[-71.43811,41.82403]],[[-71.43811,41.82403],[-71.43811,41.82404]],[[-71.43811,41.82404],[-71.43811,41.82404]],[[-71.43811,41.82404],[-71.43811,41.82404]],[[-71.43811,41.82404],[-71.43811,41.82405]],[[-71.43811,41.82405],[-71.43811,41.82405]],[[-71.43811,41.82405],[-71.43811,41.82405]],[[-71.43811,41.82405],[-71.43811,41.82406]],[[-71.43811,41.82406],[-71.43811,41.82406]],[[-71.43811,41.82406],[-71.43811,41.82406]],[[-71.43811,41.82406],[-71.43811,41.82406]],[[-71.43811,41.82406],[-71.43811,41.82407]],[[-71.43811,41.82407],[-71.43811,41.82407]],[[-71.43811,41.82407],[-71.43811,41.82407]],[[-71.43811,41.82407],[-71.43812,41.82408]],[[-71.43812,41.82408],[-71.43812,41.82408]],[[-71.43812,41.82408],[-71.43812,41.82409]],[[-71.43812,41.82409],[-71.43812,41.82409]],[[-71.43812,41.82409],[-71.43812,41.8241]],[[-71.43812,41.8241],[-71.43812,41.82411]],[[-71.43812,41.82411],[-71.43812,41.82411]],[[-71.43812,41.82411],[-71.43812,41.82411]],[[-71.43812,41.82411],[-71.43812,41.82411]],[[-71.43812,41.82411],[-71.43812,41.82412]],[[-71.43812,41.82412],[-71.43812,41.82412]],[[-71.43812,41.82412],[-71.43812,41.82413]],[[-71.43812,41.82413],[-71.43812,41.82413]],[[-71.43812,41.82413],[-71.43812,41.82414]],[[-71.43812,41.82414],[-71.43811,41.82413]],[[-71.43811,41.82413],[-71.43811,41.82413]],[[-71.43811,41.82413],[-71.43811,41.82413]],[[-71.43811,41.82413],[-71.4381,41.82413]],[[-71.4381,41.82413],[-71.4381,41.82412]],[[-71.4381,41.82412],[-71.4381,41.82412]],[[-71.4381,41.82412],[-71.4381,41.82412]],[[-71.4381,41.82412],[-71.4381,41.82411]],[[-71.4381,41.82411],[-71.4381,41.82411]],[[-71.4381,41.82411],[-71.4381,41.82411]],[[-71.4381,41.82411],[-71.43809,41.82411]],[[-71.43809,41.82411],[-71.43809,41.8241]],[[-71.43809,41.8241],[-71.43809,41.8241]],[[-71.43809,41.8241],[-71.43809,41.8241]],[[-71.43809,41.8241],[-71.43809,41.8241]],[[-71.43809,41.8241],[-71.43809,41.82409]],[[-71.43809,41.82409],[-71.43809,41.82409]],[[-71.43809,41.82409],[-71.43809,41.82409]],[[-71.43809,41.82409],[-71.43809,41.82408]],[[-71.43809,41.82408],[-71.43808,41.82408]],[[-71.43808,41.82408],[-71.43808,41.82408]],[[-71.43808,41.82408],[-71.43808,41.82408]],[[-71.43808,41.82408],[-71.43808,41.82407]],[[-71.43808,41.82407],[-71.43808,41.82407]],[[-71.43808,41.82407],[-71.43808,41.82406]],[[-71.43808,41.82406],[-71.43808,41.82406]],[[-71.43808,41.82406],[-71.43808,41.82406]],[[-71.43808,41.82406],[-71.43808,41.82405]],[[-71.43808,41.82405],[-71.43808,41.82405]],[[-71.43808,41.82405],[-71.43808,41.82405]],[[-71.43808,41.82405],[-71.43807,41.82405]],[[-71.43807,41.82405],[-71.43807,41.82404]],[[-71.43807,41.82404],[-71.43807,41.82404]],[[-71.43807,41.82404],[-71.43807,41.82403]],[[-71.43807,41.82403],[-71.43807,41.82403]],[[-71.43807,41.82403],[-71.43807,41.82403]],[[-71.43807,41.82403],[-71.43807,41.82402]],[[-71.43807,41.82402],[-71.43807,41.82402]],[[-71.43807,41.82402],[-71.43807,41.82402]],[[-71.43807,41.82402],[-71.43807,41.82401]],[[-71.43807,41.82401],[-71.43807,41.82401]],[[-71.43807,41.82401],[-71.43807,41.82401]],[[-71.43807,41.82401],[-71.43807,41.824]],[[-71.43807,41.824],[-71.43807,41.824]],[[-71.43807,41.824],[-71.43807,41.824]],[[-71.43807,41.824],[-71.43806,41.82399]],[[-71.43806,41.82399],[-71.43806,41.82399]],[[-71.43806,41.82399],[-71.43806,41.82399]],[[-71.43806,41.82399],[-71.43806,41.82398]],[[-71.43806,41.82398],[-71.43806,41.82398]],[[-71.43806,41.82398],[-71.43806,41.82398]],[[-71.43806,41.82398],[-71.43806,41.82397]],[[-71.43806,41.82397],[-71.43806,41.82397]],[[-71.43806,41.82397],[-71.43806,41.82397]],[[-71.43806,41.82397],[-71.43806,41.82397]],[[-71.43806,41.82397],[-71.43806,41.82396]],[[-71.43806,41.82396],[-71.43806,41.82396]],[[-71.43806,41.82396],[-71.43806,41.82396]],[[-71.43806,41.82396],[-71.43806,41.82395]],[[-71.43806,41.82395],[-71.43806,41.82395]],[[-71.43806,41.82395],[-71.43806,41.82395]],[[-71.43806,41.82395],[-71.43806,41.82394]],[[-71.43806,41.82394],[-71.43806,41.82394]],[[-71.43806,41.82394],[-71.43806,41.82394]],[[-71.43806,41.82394],[-71.43806,41.82393]],[[-71.43806,41.82393],[-71.43806,41.82393]],[[-71.43806,41.82393],[-71.43806,41.82393]],[[-71.43806,41.82393],[-71.43806,41.82393]],[[-71.43806,41.82393],[-71.43806,41.82392]],[[-71.43806,41.82392],[-71.43806,41.82392]],[[-71.43806,41.82392],[-71.43806,41.82392]],[[-71.43806,41.82392],[-71.43806,41.82391]],[[-71.43806,41.82391],[-71.43806,41.82391]],[[-71.43806,41.82391],[-71.43806,41.82391]],[[-71.43806,41.82391],[-71.43806,41.8239]],[[-71.43806,41.8239],[-71.43806,41.8239]],[[-71.43806,41.8239],[-71.43807,41.8239]],[[-71.43807,41.8239],[-71.43807,41.8239]],[[-71.43807,41.8239],[-71.43807,41.82389]],[[-71.39086,41.81233],[-71.39089,41.81236],[-71.39088,41.81238],[-71.39086,41.81236],[-71.39086,41.81233]],[[-71.37806,41.80507],[-71.37812,41.80511],[-71.378,41.80523],[-71.37784,41.80525],[-71.37785,41.80515],[-71.37806,41.80507]],[[-71.41147,41.83185],[-71.4115,41.83189],[-71.41143,41.83273],[-71.41135,41.83302],[-71.41133,41.8327],[-71.41147,41.83185]],[[-71.39928,41.80463],[-71.39932,41.80479],[-71.39943,41.80483],[-71.39941,41.80474],[-71.39928,41.80463]],[[-71.40139,41.808],[-71.40136,41.80802],[-71.40135,41.80803],[-71.40141,41.80803],[-71.40139,41.808]],[[-71.38983,41.81379],[-71.38997,41.81387],[-71.38986,41.81401],[-71.3897,41.8141],[-71.38968,41.81401],[-71.38983,41.81379]],[[-71.38217,41.82235],[-71.38226,41.82246],[-71.38235,41.82248],[-71.38263,41.82238],[-71.38299,41.82284],[-71.38335,41.8232],[-71.38246,41.8232],[-71.38216,41.82282],[-71.38237,41.8226],[-71.38208,41.82247],[-71.38209,41.82239],[-71.38217,41.82235]],[[-71.39161,41.8119],[-71.39175,41.81202],[-71.39166,41.81213],[-71.39169,41.81221],[-71.39153,41.8122],[-71.39147,41.81226],[-71.39148,41.81236],[-71.39124,41.8124],[-71.39135,41.81248],[-71.39118,41.81268],[-71.3913,41.81278],[-71.39115,41.81296],[-71.39105,41.81295],[-71.39094,41.81249],[-71.39117,41.81241],[-71.39118,41.81226],[-71.39131,41.81223],[-71.39128,41.81214],[-71.39131,41.81207],[-71.39151,41.812],[-71.39161,41.8119]],[[-71.39085,41.81531],[-71.39078,41.81535],[-71.39079,41.8154],[-71.39087,41.81541],[-71.39093,41.81535],[-71.39085,41.81531]],[[-71.40103,41.80578],[-71.40103,41.80578]],[[-71.40103,41.80578],[-71.40103,41.80578]],[[-71.40103,41.80578],[-71.40103,41.80579]],[[-71.40103,41.80579],[-71.40102,41.80579]],[[-71.40102,41.80579],[-71.40102,41.80579]],[[-71.40102,41.80579],[-71.40102,41.80579]],[[-71.40102,41.80579],[-71.40102,41.80579]],[[-71.40102,41.80579],[-71.40103,41.8058]],[[-71.40103,41.8058],[-71.40103,41.8058]],[[-71.40103,41.8058],[-71.40103,41.8058]],[[-71.40103,41.8058],[-71.40103,41.80581]],[[-71.40103,41.80581],[-71.40104,41.80581]],[[-71.40104,41.80581],[-71.40104,41.80581]],[[-71.40104,41.80581],[-71.40105,41.80581]],[[-71.40105,41.80581],[-71.40105,41.8058]],[[-71.40105,41.8058],[-71.40105,41.8058]],[[-71.40105,41.8058],[-71.40106,41.8058]],[[-71.40106,41.8058],[-71.40106,41.8058]],[[-71.40106,41.8058],[-71.40106,41.8058]],[[-71.40106,41.8058],[-71.40106,41.80579]],[[-71.40106,41.80579],[-71.40106,41.80579]],[[-71.40106,41.80579],[-71.40106,41.80579]],[[-71.40106,41.80579],[-71.40106,41.80578]],[[-71.40106,41.80578],[-71.40106,41.80578]],[[-71.40106,41.80578],[-71.40106,41.80578]],[[-71.40106,41.80578],[-71.40105,41.80578]],[[-71.40105,41.80578],[-71.40105,41.80578]],[[-71.40105,41.80578],[-71.40104,41.80578]],[[-71.40104,41.80578],[-71.40104,41.80578]],[[-71.40104,41.80578],[-71.40103,41.80578]],[[-71.3892,41.79427],[-71.38942,41.79431],[-71.38966,41.79428],[-71.38976,41.79439],[-71.38965,41.79448],[-71.38942,41.79439],[-71.38919,41.79448],[-71.38909,41.79438],[-71.3892,41.79427]],[[-71.38832,41.79411],[-71.38853,41.79415],[-71.38851,41.79445],[-71.38844,41.79451],[-71.38815,41.79451],[-71.38814,41.79416],[-71.38832,41.79411]],[[-71.37831,41.79565],[-71.37863,41.79572],[-71.37869,41.79577],[-71.37838,41.79574],[-71.37827,41.79569],[-71.37831,41.79565]],[[-71.3894,41.79321],[-71.38954,41.79324],[-71.38963,41.79333],[-71.38961,41.79345],[-71.3895,41.79353],[-71.38933,41.79352],[-71.38921,41.79342],[-71.38924,41.79329],[-71.3894,41.79321]],[[-71.37917,41.79647],[-71.37931,41.79663],[-71.37903,41.79675],[-71.37878,41.79651],[-71.37917,41.79647]],[[-71.37879,41.79578],[-71.37896,41.79581],[-71.37918,41.79589],[-71.37889,41.7959],[-71.37877,41.79585],[-71.37879,41.79578]],[[-71.37997,41.8302],[-71.38057,41.83045],[-71.38059,41.83055],[-71.38007,41.83088],[-71.37965,41.83102],[-71.37952,41.83102],[-71.37949,41.83095],[-71.37954,41.83082],[-71.37987,41.83027],[-71.37997,41.8302]],[[-71.41148,41.83105],[-71.41149,41.83106],[-71.41148,41.83107],[-71.41147,41.83106],[-71.41148,41.83105]],[[-71.3797,41.80298],[-71.37971,41.80298]],[[-71.37971,41.80298],[-71.37971,41.80298]],[[-71.37971,41.80298],[-71.37972,41.80298]],[[-71.37972,41.80298],[-71.37972,41.80298]],[[-71.37972,41.80298],[-71.37973,41.80298]],[[-71.37973,41.80298],[-71.37973,41.80298]],[[-71.37973,41.80298],[-71.37973,41.80298]],[[-71.37973,41.80298],[-71.37973,41.80299]],[[-71.37973,41.80299],[-71.37973,41.80299]],[[-71.37973,41.80299],[-71.37974,41.80299]],[[-71.37974,41.80299],[-71.37974,41.803]],[[-71.37974,41.803],[-71.37974,41.803]],[[-71.37974,41.803],[-71.37974,41.803]],[[-71.37974,41.803],[-71.37974,41.80301]],[[-71.37974,41.80301],[-71.37974,41.80301]],[[-71.37974,41.80301],[-71.37974,41.80301]],[[-71.37974,41.80301],[-71.37974,41.80302]],[[-71.37974,41.80302],[-71.37974,41.80302]],[[-71.37974,41.80302],[-71.37974,41.80302]],[[-71.37974,41.80302],[-71.37975,41.80302]],[[-71.37975,41.80302],[-71.37975,41.80303]],[[-71.37975,41.80303],[-71.37975,41.80303]],[[-71.37975,41.80303],[-71.37975,41.80303]],[[-71.37975,41.80303],[-71.37975,41.80304]],[[-71.37975,41.80304],[-71.37975,41.80304]],[[-71.37975,41.80304],[-71.37975,41.80304]],[[-71.37975,41.80304],[-71.37975,41.80304]],[[-71.37975,41.80304],[-71.37975,41.80305]],[[-71.37975,41.80305],[-71.37976,41.80305]],[[-71.37976,41.80305],[-71.37976,41.80305]],[[-71.37976,41.80305],[-71.37976,41.80306]],[[-71.37976,41.80306],[-71.37976,41.80306]],[[-71.37976,41.80306],[-71.37976,41.80306]],[[-71.37976,41.80306],[-71.37976,41.80306]],[[-71.37976,41.80306],[-71.37976,41.80307]],[[-71.37976,41.80307],[-71.37977,41.80307]],[[-71.37977,41.80307],[-71.37977,41.80307]],[[-71.37977,41.80307],[-71.37977,41.80308]],[[-71.37977,41.80308],[-71.37977,41.80308]],[[-71.37977,41.80308],[-71.37977,41.80308]],[[-71.37977,41.80308],[-71.37978,41.80308]],[[-71.37978,41.80308],[-71.37978,41.80308]],[[-71.37978,41.80308],[-71.37978,41.80309]],[[-71.37978,41.80309],[-71.37978,41.80309]],[[-71.37978,41.80309],[-71.37979,41.80309]],[[-71.37979,41.80309],[-71.37979,41.8031]],[[-71.37979,41.8031],[-71.37979,41.8031]],[[-71.37979,41.8031],[-71.37979,41.8031]],[[-71.37979,41.8031],[-71.3798,41.8031]],[[-71.3798,41.8031],[-71.3798,41.80311]],[[-71.3798,41.80311],[-71.3798,41.80311]],[[-71.3798,41.80311],[-71.3798,41.80311]],[[-71.3798,41.80311],[-71.37981,41.80311]],[[-71.37981,41.80311],[-71.37981,41.80312]],[[-71.37981,41.80312],[-71.37981,41.80312]],[[-71.37981,41.80312],[-71.37982,41.80312]],[[-71.37982,41.80312],[-71.37982,41.80313]],[[-71.37982,41.80313],[-71.37982,41.80313]],[[-71.37982,41.80313],[-71.37982,41.80313]],[[-71.37982,41.80313],[-71.37983,41.80313]],[[-71.37983,41.80313],[-71.37983,41.80314]],[[-71.37983,41.80314],[-71.37983,41.80314]],[[-71.37983,41.80314],[-71.37983,41.80314]],[[-71.37983,41.80314],[-71.37983,41.80315]],[[-71.37983,41.80315],[-71.37983,41.80315]],[[-71.37983,41.80315],[-71.37983,41.80315]],[[-71.37983,41.80315],[-71.37983,41.80316]],[[-71.37983,41.80316],[-71.37983,41.80316]],[[-71.37983,41.80316],[-71.37983,41.80316]],[[-71.37983,41.80316],[-71.37983,41.80316]],[[-71.37983,41.80316],[-71.37983,41.80317]],[[-71.37983,41.80317],[-71.37983,41.80317]],[[-71.37983,41.80317],[-71.37983,41.80317]],[[-71.37983,41.80317],[-71.37983,41.80318]],[[-71.37983,41.80318],[-71.37983,41.80318]],[[-71.37983,41.80318],[-71.37983,41.80318]],[[-71.37983,41.80318],[-71.37983,41.80319]],[[-71.37983,41.80319],[-71.37983,41.80319]],[[-71.37983,41.80319],[-71.37983,41.80319]],[[-71.37983,41.80319],[-71.37983,41.8032]],[[-71.37983,41.8032],[-71.37983,41.8032]],[[-71.37983,41.8032],[-71.37984,41.8032]],[[-71.37984,41.8032],[-71.37984,41.80321]],[[-71.37984,41.80321],[-71.37984,41.80321]],[[-71.37984,41.80321],[-71.37984,41.80321]],[[-71.37984,41.80321],[-71.37984,41.80322]],[[-71.37984,41.80322],[-71.37984,41.80322]],[[-71.37984,41.80322],[-71.37984,41.80322]],[[-71.37984,41.80322],[-71.37984,41.80323]],[[-71.37984,41.80323],[-71.37984,41.80323]],[[-71.37984,41.80323],[-71.37985,41.80323]],[[-71.37985,41.80323],[-71.37985,41.80323]],[[-71.37985,41.80323],[-71.37985,41.80324]],[[-71.37985,41.80324],[-71.37985,41.80324]],[[-71.37985,41.80324],[-71.37985,41.80324]],[[-71.37985,41.80324],[-71.37985,41.80324]],[[-71.37985,41.80324],[-71.37986,41.80325]],[[-71.37986,41.80325],[-71.37986,41.80325]],[[-71.37986,41.80325],[-71.37986,41.80325]],[[-71.37986,41.80325],[-71.37986,41.80326]],[[-71.37986,41.80326],[-71.37987,41.80326]],[[-71.37987,41.80326],[-71.37987,41.80326]],[[-71.37987,41.80326],[-71.37987,41.80326]],[[-71.37987,41.80326],[-71.37988,41.80327]],[[-71.37988,41.80327],[-71.37988,41.80327]],[[-71.37988,41.80327],[-71.37988,41.80327]],[[-71.37988,41.80327],[-71.37988,41.80327]],[[-71.37988,41.80327],[-71.37989,41.80328]],[[-71.37989,41.80328],[-71.37989,41.80328]],[[-71.37989,41.80328],[-71.3799,41.80328]],[[-71.3799,41.80328],[-71.3799,41.80328]],[[-71.3799,41.80328],[-71.3799,41.80328]],[[-71.3799,41.80328],[-71.37991,41.80329]],[[-71.37991,41.80329],[-71.37991,41.80329]],[[-71.37991,41.80329],[-71.37991,41.80329]],[[-71.37991,41.80329],[-71.37991,41.80329]],[[-71.37991,41.80329],[-71.37992,41.8033]],[[-71.37992,41.8033],[-71.37992,41.8033]],[[-71.37992,41.8033],[-71.37992,41.8033]],[[-71.37992,41.8033],[-71.37992,41.8033]],[[-71.37992,41.8033],[-71.37993,41.80331]],[[-71.37993,41.80331],[-71.37993,41.80331]],[[-71.37993,41.80331],[-71.37993,41.80331]],[[-71.37993,41.80331],[-71.37993,41.80331]],[[-71.37993,41.80331],[-71.37993,41.80332]],[[-71.37993,41.80332],[-71.37994,41.80332]],[[-71.37994,41.80332],[-71.37994,41.80332]],[[-71.37994,41.80332],[-71.37994,41.80332]],[[-71.37994,41.80332],[-71.37994,41.80333]],[[-71.37994,41.80333],[-71.37994,41.80333]],[[-71.37994,41.80333],[-71.37995,41.80333]],[[-71.37995,41.80333],[-71.37995,41.80333]],[[-71.37995,41.80333],[-71.37995,41.80334]],[[-71.37995,41.80334],[-71.37995,41.80334]],[[-71.37995,41.80334],[-71.37995,41.80334]],[[-71.37995,41.80334],[-71.37995,41.80335]],[[-71.37995,41.80335],[-71.37995,41.80335]],[[-71.37995,41.80335],[-71.37995,41.80335]],[[-71.37995,41.80335],[-71.37995,41.80335]],[[-71.37995,41.80335],[-71.37995,41.80336]],[[-71.37995,41.80336],[-71.37996,41.80336]],[[-71.37996,41.80336],[-71.37996,41.80336]],[[-71.37996,41.80336],[-71.37995,41.80337]],[[-71.37995,41.80337],[-71.37995,41.80337]],[[-71.37995,41.80337],[-71.37995,41.80337]],[[-71.37995,41.80337],[-71.37995,41.80338]],[[-71.37995,41.80338],[-71.37995,41.80338]],[[-71.37995,41.80338],[-71.37995,41.80338]],[[-71.37995,41.80338],[-71.37995,41.80338]],[[-71.37995,41.80338],[-71.37995,41.80339]],[[-71.37995,41.80339],[-71.37995,41.80339]],[[-71.37995,41.80339],[-71.37995,41.8034]],[[-71.37995,41.8034],[-71.37995,41.8034]],[[-71.37995,41.8034],[-71.37995,41.8034]],[[-71.37995,41.8034],[-71.37995,41.80341]],[[-71.37995,41.80341],[-71.37994,41.80341]],[[-71.37994,41.80341],[-71.37994,41.80342]],[[-71.37994,41.80342],[-71.37994,41.80342]],[[-71.37994,41.80342],[-71.37994,41.80342]],[[-71.37994,41.80342],[-71.37994,41.80343]],[[-71.37994,41.80343],[-71.37994,41.80343]],[[-71.37994,41.80343],[-71.37994,41.80343]],[[-71.37994,41.80343],[-71.37994,41.80344]],[[-71.37994,41.80344],[-71.37993,41.80344]],[[-71.37993,41.80344],[-71.37993,41.80344]],[[-71.37993,41.80344],[-71.37993,41.80344]],[[-71.37993,41.80344],[-71.37993,41.80345]],[[-71.37993,41.80345],[-71.37993,41.80345]],[[-71.37993,41.80345],[-71.37993,41.80345]],[[-71.37993,41.80345],[-71.37992,41.80346]],[[-71.37992,41.80346],[-71.37992,41.80346]],[[-71.37992,41.80346],[-71.37992,41.80347]],[[-71.37992,41.80347],[-71.37992,41.80347]],[[-71.37992,41.80347],[-71.37992,41.80347]],[[-71.37992,41.80347],[-71.37992,41.80347]],[[-71.37992,41.80347],[-71.37991,41.80347]],[[-71.37991,41.80347],[-71.37991,41.80348]],[[-71.37991,41.80348],[-71.37991,41.80348]],[[-71.37991,41.80348],[-71.37991,41.80348]],[[-71.37991,41.80348],[-71.37991,41.80349]],[[-71.37991,41.80349],[-71.37991,41.80349]],[[-71.37991,41.80349],[-71.3799,41.80349]],[[-71.3799,41.80349],[-71.3799,41.8035]],[[-71.3799,41.8035],[-71.3799,41.8035]],[[-71.3799,41.8035],[-71.3799,41.8035]],[[-71.3799,41.8035],[-71.37989,41.8035]],[[-71.37989,41.8035],[-71.37989,41.8035]],[[-71.37989,41.8035],[-71.37989,41.80351]],[[-71.37989,41.80351],[-71.37988,41.80351]],[[-71.37988,41.80351],[-71.37988,41.80351]],[[-71.37988,41.80351],[-71.37988,41.80352]],[[-71.37988,41.80352],[-71.37988,41.80352]],[[-71.37988,41.80352],[-71.37987,41.80352]],[[-71.37987,41.80352],[-71.37987,41.80352]],[[-71.37987,41.80352],[-71.37987,41.80352]],[[-71.37987,41.80352],[-71.37987,41.80353]],[[-71.37987,41.80353],[-71.37986,41.80353]],[[-71.37986,41.80353],[-71.37986,41.80353]],[[-71.37986,41.80353],[-71.37986,41.80354]],[[-71.37986,41.80354],[-71.37986,41.80354]],[[-71.37986,41.80354],[-71.37985,41.80354]],[[-71.37985,41.80354],[-71.37985,41.80354]],[[-71.37985,41.80354],[-71.37985,41.80355]],[[-71.37985,41.80355],[-71.37984,41.80355]],[[-71.37984,41.80355],[-71.37984,41.80355]],[[-71.37984,41.80355],[-71.37984,41.80355]],[[-71.37984,41.80355],[-71.37984,41.80355]],[[-71.37984,41.80355],[-71.37983,41.80355]],[[-71.37983,41.80355],[-71.37983,41.80355]],[[-71.37983,41.80355],[-71.37982,41.80355]],[[-71.37982,41.80355],[-71.37982,41.80355]],[[-71.37982,41.80355],[-71.37982,41.80355]],[[-71.37982,41.80355],[-71.37981,41.80355]],[[-71.37981,41.80355],[-71.37981,41.80355]],[[-71.37981,41.80355],[-71.37981,41.80354]],[[-71.37981,41.80354],[-71.37981,41.80354]],[[-71.37981,41.80354],[-71.37981,41.80354]],[[-71.37981,41.80354],[-71.37981,41.80354]],[[-71.37981,41.80354],[-71.3798,41.80353]],[[-71.3798,41.80353],[-71.3798,41.80353]],[[-71.3798,41.80353],[-71.3798,41.80352]],[[-71.3798,41.80352],[-71.3798,41.80352]],[[-71.3798,41.80352],[-71.3798,41.80352]],[[-71.3798,41.80352],[-71.3798,41.80352]],[[-71.3798,41.80352],[-71.3798,41.80351]],[[-71.3798,41.80351],[-71.3798,41.80351]],[[-71.3798,41.80351],[-71.3798,41.80351]],[[-71.3798,41.80351],[-71.3798,41.8035]],[[-71.3798,41.8035],[-71.37979,41.8035]],[[-71.37979,41.8035],[-71.37979,41.8035]],[[-71.37979,41.8035],[-71.37979,41.80349]],[[-71.37979,41.80349],[-71.37979,41.80349]],[[-71.37979,41.80349],[-71.37978,41.80348]],[[-71.37978,41.80348],[-71.37978,41.80348]],[[-71.37978,41.80348],[-71.37978,41.80347]],[[-71.37978,41.80347],[-71.37978,41.80347]],[[-71.37978,41.80347],[-71.37978,41.80347]],[[-71.37978,41.80347],[-71.37978,41.80346]],[[-71.37978,41.80346],[-71.37978,41.80346]],[[-71.37978,41.80346],[-71.37978,41.80346]],[[-71.37978,41.80346],[-71.37978,41.80345]],[[-71.37978,41.80345],[-71.37977,41.80345]],[[-71.37977,41.80345],[-71.37977,41.80345]],[[-71.37977,41.80345],[-71.37977,41.80344]],[[-71.37977,41.80344],[-71.37977,41.80344]],[[-71.37977,41.80344],[-71.37977,41.80344]],[[-71.37977,41.80344],[-71.37977,41.80344]],[[-71.37977,41.80344],[-71.37977,41.80343]],[[-71.37977,41.80343],[-71.37977,41.80343]],[[-71.37977,41.80343],[-71.37977,41.80342]],[[-71.37977,41.80342],[-71.37977,41.80342]],[[-71.37977,41.80342],[-71.37977,41.80342]],[[-71.37977,41.80342],[-71.37976,41.80341]],[[-71.37976,41.80341],[-71.37976,41.80341]],[[-71.37976,41.80341],[-71.37976,41.80341]],[[-71.37976,41.80341],[-71.37976,41.80341]],[[-71.37976,41.80341],[-71.37976,41.8034]],[[-71.37976,41.8034],[-71.37975,41.8034]],[[-71.37975,41.8034],[-71.37975,41.80339]],[[-71.37975,41.80339],[-71.37974,41.80339]],[[-71.37974,41.80339],[-71.37974,41.80339]],[[-71.37974,41.80339],[-71.37974,41.80339]],[[-71.37974,41.80339],[-71.37973,41.80338]],[[-71.37973,41.80338],[-71.37973,41.80338]],[[-71.37973,41.80338],[-71.37972,41.80338]],[[-71.37972,41.80338],[-71.37972,41.80338]],[[-71.37972,41.80338],[-71.37971,41.80337]],[[-71.37971,41.80337],[-71.3797,41.80337]],[[-71.3797,41.80337],[-71.3797,41.80337]],[[-71.3797,41.80337],[-71.3797,41.80337]],[[-71.3797,41.80337],[-71.3797,41.80337]],[[-71.3797,41.80337],[-71.37969,41.80336]],[[-71.37969,41.80336],[-71.37969,41.80336]],[[-71.37969,41.80336],[-71.37969,41.80336]],[[-71.37969,41.80336],[-71.37968,41.80336]],[[-71.37968,41.80336],[-71.37968,41.80335]],[[-71.37968,41.80335],[-71.37968,41.80335]],[[-71.37968,41.80335],[-71.37967,41.80334]],[[-71.37967,41.80334],[-71.37967,41.80334]],[[-71.37967,41.80334],[-71.37967,41.80333]],[[-71.37967,41.80333],[-71.37967,41.80333]],[[-71.37967,41.80333],[-71.37967,41.80333]],[[-71.37967,41.80333],[-71.37966,41.80333]],[[-71.37966,41.80333],[-71.37966,41.80332]],[[-71.37966,41.80332],[-71.37966,41.80332]],[[-71.37966,41.80332],[-71.37966,41.80332]],[[-71.37966,41.80332],[-71.37966,41.80332]],[[-71.37966,41.80332],[-71.37966,41.80331]],[[-71.37966,41.80331],[-71.37966,41.80331]],[[-71.37966,41.80331],[-71.37965,41.80331]],[[-71.37965,41.80331],[-71.37965,41.80331]],[[-71.37965,41.80331],[-71.37965,41.8033]],[[-71.37965,41.8033],[-71.37965,41.8033]],[[-71.37965,41.8033],[-71.37965,41.80329]],[[-71.37965,41.80329],[-71.37965,41.80329]],[[-71.37965,41.80329],[-71.37965,41.80329]],[[-71.37965,41.80329],[-71.37965,41.80328]],[[-71.37965,41.80328],[-71.37965,41.80328]],[[-71.37965,41.80328],[-71.37965,41.80328]],[[-71.37965,41.80328],[-71.37965,41.80328]],[[-71.37965,41.80328],[-71.37965,41.80327]],[[-71.37965,41.80327],[-71.37965,41.80327]],[[-71.37965,41.80327],[-71.37965,41.80327]],[[-71.37965,41.80327],[-71.37965,41.80326]],[[-71.37965,41.80326],[-71.37965,41.80326]],[[-71.37965,41.80326],[-71.37965,41.80326]],[[-71.37965,41.80326],[-71.37965,41.80325]],[[-71.37965,41.80325],[-71.37965,41.80325]],[[-71.37965,41.80325],[-71.37965,41.80325]],[[-71.37965,41.80325],[-71.37965,41.80324]],[[-71.37965,41.80324],[-71.37965,41.80324]],[[-71.37965,41.80324],[-71.37965,41.80324]],[[-71.37965,41.80324],[-71.37965,41.80324]],[[-71.37965,41.80324],[-71.37965,41.80323]],[[-71.37965,41.80323],[-71.37965,41.80323]],[[-71.37965,41.80323],[-71.37965,41.80323]],[[-71.37965,41.80323],[-71.37965,41.80323]],[[-71.37965,41.80323],[-71.37965,41.80322]],[[-71.37965,41.80322],[-71.37965,41.80322]],[[-71.37965,41.80322],[-71.37965,41.80322]],[[-71.37965,41.80322],[-71.37965,41.80321]],[[-71.37965,41.80321],[-71.37965,41.80321]],[[-71.37965,41.80321],[-71.37965,41.8032]],[[-71.37965,41.8032],[-71.37965,41.8032]],[[-71.37965,41.8032],[-71.37965,41.8032]],[[-71.37965,41.8032],[-71.37965,41.8032]],[[-71.37965,41.8032],[-71.37966,41.80319]],[[-71.37966,41.80319],[-71.37966,41.80319]],[[-71.37966,41.80319],[-71.37966,41.80319]],[[-71.37966,41.80319],[-71.37966,41.80318]],[[-71.37966,41.80318],[-71.37966,41.80318]],[[-71.37966,41.80318],[-71.37966,41.80318]],[[-71.37966,41.80318],[-71.37966,41.80317]],[[-71.37966,41.80317],[-71.37966,41.80317]],[[-71.37966,41.80317],[-71.37966,41.80317]],[[-71.37966,41.80317],[-71.37966,41.80317]],[[-71.37966,41.80317],[-71.37966,41.80316]],[[-71.37966,41.80316],[-71.37967,41.80316]],[[-71.37967,41.80316],[-71.37967,41.80315]],[[-71.37967,41.80315],[-71.37967,41.80315]],[[-71.37967,41.80315],[-71.37967,41.80315]],[[-71.37967,41.80315],[-71.37967,41.80314]],[[-71.37967,41.80314],[-71.37967,41.80314]],[[-71.37967,41.80314],[-71.37968,41.80314]],[[-71.37968,41.80314],[-71.37968,41.80313]],[[-71.37968,41.80313],[-71.37968,41.80313]],[[-71.37968,41.80313],[-71.37968,41.80313]],[[-71.37968,41.80313],[-71.37968,41.80312]],[[-71.37968,41.80312],[-71.37968,41.80312]],[[-71.37968,41.80312],[-71.37968,41.80312]],[[-71.37968,41.80312],[-71.37968,41.80312]],[[-71.37968,41.80312],[-71.37968,41.80311]],[[-71.37968,41.80311],[-71.37968,41.80311]],[[-71.37968,41.80311],[-71.37968,41.8031]],[[-71.37968,41.8031],[-71.37969,41.8031]],[[-71.37969,41.8031],[-71.37969,41.8031]],[[-71.37969,41.8031],[-71.37969,41.80309]],[[-71.37969,41.80309],[-71.37969,41.80309]],[[-71.37969,41.80309],[-71.37969,41.80309]],[[-71.37969,41.80309],[-71.37969,41.80308]],[[-71.37969,41.80308],[-71.37969,41.80308]],[[-71.37969,41.80308],[-71.37969,41.80308]],[[-71.37969,41.80308],[-71.37968,41.80307]],[[-71.37968,41.80307],[-71.37968,41.80307]],[[-71.37968,41.80307],[-71.37968,41.80307]],[[-71.37968,41.80307],[-71.37968,41.80306]],[[-71.37968,41.80306],[-71.37968,41.80306]],[[-71.37968,41.80306],[-71.37968,41.80306]],[[-71.37968,41.80306],[-71.37968,41.80305]],[[-71.37968,41.80305],[-71.37968,41.80305]],[[-71.37968,41.80305],[-71.37968,41.80305]],[[-71.37968,41.80305],[-71.37968,41.80305]],[[-71.37968,41.80305],[-71.37968,41.80304]],[[-71.37968,41.80304],[-71.37968,41.80304]],[[-71.37968,41.80304],[-71.37968,41.80304]],[[-71.37968,41.80304],[-71.37968,41.80303]],[[-71.37968,41.80303],[-71.37968,41.80303]],[[-71.37968,41.80303],[-71.37968,41.80303]],[[-71.37968,41.80303],[-71.37968,41.80303]],[[-71.37968,41.80303],[-71.37968,41.80302]],[[-71.37968,41.80302],[-71.37968,41.80302]],[[-71.37968,41.80302],[-71.37968,41.80301]],[[-71.37968,41.80301],[-71.37968,41.80301]],[[-71.37968,41.80301],[-71.37968,41.80301]],[[-71.37968,41.80301],[-71.37968,41.803]],[[-71.37968,41.803],[-71.37968,41.803]],[[-71.37968,41.803],[-71.37968,41.803]],[[-71.37968,41.803],[-71.37968,41.80299]],[[-71.37968,41.80299],[-71.37969,41.80299]],[[-71.37969,41.80299],[-71.37969,41.80299]],[[-71.37969,41.80299],[-71.37969,41.80298]],[[-71.37969,41.80298],[-71.3797,41.80298]],[[-71.3797,41.80298],[-71.3797,41.80298]],[[-71.4052,41.8184],[-71.40522,41.8184]],[[-71.40522,41.8184],[-71.40522,41.8184]],[[-71.40522,41.8184],[-71.40522,41.8184]],[[-71.40522,41.8184],[-71.40522,41.8184]],[[-71.40522,41.8184],[-71.40522,41.81841]],[[-71.40522,41.81841],[-71.40521,41.81841]],[[-71.40521,41.81841],[-71.40521,41.81841]],[[-71.40521,41.81841],[-71.4052,41.81842]],[[-71.4052,41.81842],[-71.4052,41.81842]],[[-71.4052,41.81842],[-71.40519,41.81843]],[[-71.40519,41.81843],[-71.40519,41.81843]],[[-71.40519,41.81843],[-71.40519,41.81843]],[[-71.40519,41.81843],[-71.40518,41.81843]],[[-71.40518,41.81843],[-71.40518,41.81843]],[[-71.40518,41.81843],[-71.40517,41.81843]],[[-71.40517,41.81843],[-71.40517,41.81844]],[[-71.40517,41.81844],[-71.40517,41.81844]],[[-71.40517,41.81844],[-71.40517,41.81844]],[[-71.40517,41.81844],[-71.40516,41.81844]],[[-71.40516,41.81844],[-71.40516,41.81844]],[[-71.40516,41.81844],[-71.40516,41.81845]],[[-71.40516,41.81845],[-71.40516,41.81845]],[[-71.40516,41.81845],[-71.40515,41.81845]],[[-71.40515,41.81845],[-71.40515,41.81845]],[[-71.40515,41.81845],[-71.40514,41.81845]],[[-71.40514,41.81845],[-71.40514,41.81845]],[[-71.40514,41.81845],[-71.40513,41.81845]],[[-71.40513,41.81845],[-71.40513,41.81845]],[[-71.40513,41.81845],[-71.40513,41.81845]],[[-71.40513,41.81845],[-71.40513,41.81845]],[[-71.40513,41.81845],[-71.40513,41.81845]],[[-71.40513,41.81845],[-71.40513,41.81845]],[[-71.40513,41.81845],[-71.40514,41.81844]],[[-71.40514,41.81844],[-71.40514,41.81844]],[[-71.40514,41.81844],[-71.40514,41.81844]],[[-71.40514,41.81844],[-71.40514,41.81844]],[[-71.40514,41.81844],[-71.40514,41.81844]],[[-71.40514,41.81844],[-71.40515,41.81844]],[[-71.40515,41.81844],[-71.40516,41.81843]],[[-71.40516,41.81843],[-71.40516,41.81843]],[[-71.40516,41.81843],[-71.40516,41.81843]],[[-71.40516,41.81843],[-71.40516,41.81843]],[[-71.40516,41.81843],[-71.40517,41.81842]],[[-71.40517,41.81842],[-71.40517,41.81842]],[[-71.40517,41.81842],[-71.40517,41.81842]],[[-71.40517,41.81842],[-71.40518,41.81842]],[[-71.40518,41.81842],[-71.40518,41.81841]],[[-71.40518,41.81841],[-71.40518,41.81841]],[[-71.40518,41.81841],[-71.40518,41.81841]],[[-71.40518,41.81841],[-71.40519,41.81841]],[[-71.40519,41.81841],[-71.40519,41.81841]],[[-71.40519,41.81841],[-71.4052,41.8184]],[[-71.4052,41.8184],[-71.4052,41.8184]],[[-71.4052,41.8184],[-71.4052,41.8184]],[[-71.38505,41.8199],[-71.38496,41.81999],[-71.38493,41.82018],[-71.38503,41.82005],[-71.38505,41.8199]],[[-71.40181,41.80823],[-71.40193,41.80829],[-71.40196,41.80835],[-71.40176,41.80844],[-71.4017,41.8083],[-71.40181,41.80823]],[[-71.40993,41.82407],[-71.40999,41.8241],[-71.40999,41.82419],[-71.40988,41.82424],[-71.40984,41.82416],[-71.40993,41.82407]],[[-71.40253,41.81256],[-71.40259,41.81256],[-71.4026,41.81257],[-71.40254,41.81262],[-71.40253,41.81256]],[[-71.38392,41.82025],[-71.38402,41.82029],[-71.38398,41.82048],[-71.38384,41.82053],[-71.3837,41.82041],[-71.38392,41.82025]],[[-71.37782,41.80532],[-71.37785,41.80531],[-71.37785,41.80534],[-71.37782,41.80535],[-71.37782,41.80532]],[[-71.37564,41.80534],[-71.3755,41.80548],[-71.3755,41.80555],[-71.37578,41.80547],[-71.37574,41.80538],[-71.37564,41.80534]],[[-71.40268,41.81292],[-71.40269,41.81294],[-71.40268,41.81294],[-71.40268,41.81293],[-71.40268,41.81292]],[[-71.39912,41.80349],[-71.39914,41.80359],[-71.3991,41.8036],[-71.39907,41.80356],[-71.39912,41.80349]],[[-71.39213,41.79885],[-71.39222,41.79887],[-71.39239,41.79904],[-71.39213,41.79922],[-71.39189,41.79904],[-71.39213,41.79885]],[[-71.40474,41.81126],[-71.40485,41.81139],[-71.40501,41.81181],[-71.40478,41.81195],[-71.40456,41.81196],[-71.40433,41.81189],[-71.40428,41.81135],[-71.40474,41.81126]],[[-71.39419,41.81125],[-71.39405,41.81133],[-71.39416,41.81145]],[[-71.39433,41.8114],[-71.39436,41.81136]],[[-71.39433,41.81132],[-71.39419,41.81125]],[[-71.3797,41.79818],[-71.37975,41.79827],[-71.3801,41.79865],[-71.37982,41.79826],[-71.3797,41.79818]],[[-71.40347,41.81132],[-71.40409,41.81142],[-71.40414,41.81188],[-71.40377,41.81198],[-71.40319,41.81199],[-71.40295,41.81193],[-71.40293,41.81187],[-71.40298,41.81175],[-71.40338,41.81153],[-71.40347,41.81132]],[[-71.38828,41.79352],[-71.38853,41.79353],[-71.38848,41.79372],[-71.38837,41.79376],[-71.38814,41.79371],[-71.38813,41.79356],[-71.38828,41.79352]],[[-71.38047,41.82775],[-71.38037,41.82801],[-71.38034,41.82859],[-71.37994,41.82875],[-71.37972,41.829],[-71.37965,41.82928],[-71.37963,41.83021],[-71.37946,41.83061]],[[-71.37946,41.83061],[-71.37876,41.83157],[-71.37794,41.83254],[-71.37779,41.8331],[-71.37778,41.8334]],[[-71.37778,41.8334],[-71.37783,41.83372],[-71.37804,41.83428],[-71.37824,41.83455],[-71.37886,41.83519],[-71.37905,41.83581],[-71.37931,41.8362]],[[-71.37931,41.8362],[-71.37968,41.8367],[-71.37977,41.83697],[-71.37976,41.8374],[-71.37962,41.83801],[-71.37967,41.8383],[-71.37979,41.83845],[-71.38006,41.8386],[-71.38062,41.83856]],[[-71.38062,41.83856],[-71.38093,41.83864],[-71.38144,41.83862],[-71.38183,41.83898],[-71.38201,41.83905],[-71.38209,41.83919],[-71.38205,41.8394],[-71.38207,41.83964],[-71.38232,41.83984],[-71.3824,41.84018],[-71.38228,41.84036],[-71.38198,41.84036],[-71.38182,41.84021]],[[-71.38182,41.84021],[-71.3817,41.8399],[-71.38152,41.8397],[-71.38153,41.83944],[-71.38149,41.83935],[-71.38119,41.83901],[-71.38078,41.83891],[-71.38054,41.83898],[-71.38017,41.83928],[-71.38006,41.83926],[-71.37944,41.83935],[-71.37931,41.83963]],[[-71.37931,41.83963],[-71.37925,41.83986],[-71.37943,41.84042],[-71.37938,41.8406],[-71.37919,41.84085],[-71.37869,41.84128],[-71.37861,41.84157],[-71.37843,41.84169],[-71.37792,41.84182],[-71.37785,41.8419],[-71.37789,41.842]],[[-71.375,41.82975],[-71.37568,41.82916],[-71.377,41.82814]],[[-71.40805,41.82409],[-71.40813,41.82437],[-71.40874,41.82544],[-71.4092,41.82588],[-71.41026,41.82667]],[[-71.41026,41.82667],[-71.41069,41.82693],[-71.41099,41.827],[-71.41196,41.82705],[-71.41252,41.82696],[-71.41358,41.82661],[-71.41371,41.82649],[-71.41365,41.82635],[-71.41381,41.82647]],[[-71.41381,41.82647],[-71.41418,41.8265],[-71.41432,41.82659],[-71.41446,41.82676],[-71.4144,41.82692],[-71.41446,41.82698],[-71.41606,41.82714],[-71.41675,41.82728],[-71.41704,41.82741],[-71.4174,41.82749]],[[-71.4174,41.82749],[-71.41761,41.82757],[-71.41835,41.82771],[-71.41898,41.82795],[-71.42057,41.82835],[-71.42122,41.82847]],[[-71.42122,41.82847],[-71.42394,41.829],[-71.4252,41.82915]],[[-71.4252,41.82915],[-71.42582,41.82908],[-71.42792,41.82865],[-71.42852,41.8286],[-71.42923,41.82846]],[[-71.42923,41.82846],[-71.43021,41.8283],[-71.43059,41.82829],[-71.43078,41.8282],[-71.43117,41.82818],[-71.43191,41.82804],[-71.43318,41.82752]],[[-71.43318,41.82752],[-71.43624,41.8263],[-71.43652,41.82612],[-71.43674,41.8259]],[[-71.43674,41.8259],[-71.43728,41.82536],[-71.43831,41.82507],[-71.43833,41.82492],[-71.43824,41.82465],[-71.43821,41.82439],[-71.43816,41.82425],[-71.43816,41.82424],[-71.43825,41.82434],[-71.43845,41.82493]],[[-71.43845,41.82493],[-71.43846,41.82507],[-71.43838,41.82515],[-71.43753,41.82537],[-71.43722,41.82551],[-71.437,41.82576],[-71.43687,41.826],[-71.43654,41.82626],[-71.43618,41.82645],[-71.43577,41.82658],[-71.43537,41.82678]],[[-71.43537,41.82678],[-71.43475,41.82703],[-71.4346,41.82715],[-71.43436,41.82721],[-71.43268,41.82793],[-71.43189,41.8282],[-71.43162,41.82823]],[[-71.43162,41.82823],[-71.42946,41.82855],[-71.42757,41.82898]],[[-71.42757,41.82898],[-71.42525,41.82941],[-71.42481,41.8294],[-71.42359,41.8292]],[[-71.42359,41.8292],[-71.42114,41.82875],[-71.41964,41.82835]],[[-71.41964,41.82835],[-71.41689,41.82758],[-71.41578,41.82736]],[[-71.41578,41.82736],[-71.41387,41.82717],[-71.4134,41.82696],[-71.41256,41.82719],[-71.41185,41.82729]],[[-71.41185,41.82729],[-71.41135,41.82729],[-71.41074,41.82714],[-71.41003,41.8268],[-71.41012,41.82699],[-71.41061,41.82769],[-71.41093,41.82828]],[[-71.41093,41.82828],[-71.4111,41.82881],[-71.4111,41.82897],[-71.41103,41.82895],[-71.41084,41.82841],[-71.41053,41.82785],[-71.40984,41.82687]],[[-71.40984,41.82687],[-71.40915,41.82608],[-71.40842,41.82541],[-71.40779,41.82443],[-71.40772,41.82421]],[[-71.37709,41.82808],[-71.37797,41.82735],[-71.37842,41.82708],[-71.37861,41.82688],[-71.37906,41.82665],[-71.37945,41.82656]],[[-71.37945,41.82656],[-71.37973,41.82627],[-71.38031,41.82548],[-71.38036,41.82534],[-71.38067,41.82504],[-71.38108,41.82454]],[[-71.38108,41.82454],[-71.38134,41.82416],[-71.38166,41.8239],[-71.38177,41.8237],[-71.38188,41.82364],[-71.3828,41.82347],[-71.38351,41.82347]],[[-71.38841,41.81846],[-71.3887,41.81859],[-71.3886,41.81868],[-71.38872,41.81886],[-71.38876,41.81915],[-71.38869,41.81953],[-71.38885,41.81994],[-71.3886,41.82008],[-71.38856,41.82022],[-71.38878,41.82109],[-71.38889,41.82122],[-71.38902,41.82129]],[[-71.38902,41.82129],[-71.38906,41.82133],[-71.38903,41.82144],[-71.38888,41.82153],[-71.38868,41.82193],[-71.38858,41.82199],[-71.38853,41.82227],[-71.38798,41.82296],[-71.38773,41.82341],[-71.38735,41.82382],[-71.38703,41.82394]],[[-71.38703,41.82394],[-71.38651,41.82414],[-71.38626,41.82434],[-71.38626,41.82439],[-71.38648,41.82454],[-71.3858,41.82479],[-71.38542,41.8248],[-71.38431,41.82526],[-71.38386,41.82551]],[[-71.38386,41.82551],[-71.38367,41.82559],[-71.38301,41.82606],[-71.38263,41.8262],[-71.38204,41.82626],[-71.38167,41.82639],[-71.38136,41.82664],[-71.38106,41.82699],[-71.38092,41.82706],[-71.38063,41.82747]],[[-71.38356,41.82347],[-71.38368,41.82342],[-71.38377,41.82315],[-71.38328,41.82269],[-71.38296,41.82227],[-71.38279,41.82168],[-71.38276,41.82134],[-71.38281,41.82117]],[[-71.38281,41.82117],[-71.38287,41.82106],[-71.38332,41.82074],[-71.38344,41.82058],[-71.38359,41.82057],[-71.384,41.82068],[-71.38447,41.82054],[-71.38461,41.82043],[-71.38455,41.82039],[-71.38457,41.82035],[-71.38474,41.82033],[-71.38483,41.82026],[-71.38475,41.82025],[-71.38476,41.82013],[-71.3845,41.82007],[-71.38454,41.82002]],[[-71.38454,41.82002],[-71.38463,41.81999],[-71.38463,41.8199],[-71.38473,41.81979],[-71.38485,41.81976],[-71.38496,41.81965],[-71.38501,41.81966],[-71.38508,41.81978],[-71.38513,41.81977],[-71.38515,41.8195],[-71.38538,41.81914],[-71.38541,41.81902],[-71.38555,41.81888],[-71.3857,41.81883],[-71.38567,41.81877],[-71.38575,41.81868],[-71.38572,41.81846],[-71.38538,41.8184]],[[-71.38538,41.8184],[-71.38484,41.81832],[-71.38558,41.8183],[-71.38577,41.81806],[-71.38593,41.81799],[-71.38598,41.81783],[-71.38606,41.81775],[-71.38645,41.81766],[-71.38646,41.81753],[-71.38638,41.81738],[-71.38652,41.81721],[-71.38663,41.81718]],[[-71.3806,41.82752],[-71.38051,41.82767]],[[-71.40779,41.82336],[-71.40782,41.82341]],[[-71.40761,41.82312],[-71.40773,41.82327]],[[-71.40742,41.82284],[-71.40752,41.82292],[-71.40759,41.82308]],[[-71.40704,41.82228],[-71.40735,41.82266],[-71.40739,41.8228]],[[-71.40662,41.82272],[-71.40621,41.82238],[-71.4062,41.82228],[-71.40604,41.82221],[-71.40588,41.82206],[-71.40586,41.8219],[-71.40561,41.82156]],[[-71.40667,41.82167],[-71.40695,41.82213]],[[-71.40603,41.82053],[-71.40638,41.8211],[-71.40642,41.82124]],[[-71.40477,41.82071],[-71.40463,41.82059],[-71.40457,41.82045]],[[-71.40672,41.81968],[-71.40639,41.8199],[-71.40598,41.82003],[-71.4059,41.82015],[-71.40592,41.8203]],[[-71.40446,41.82018],[-71.40419,41.81988]],[[-71.40401,41.81973],[-71.40384,41.81975],[-71.40371,41.81949],[-71.40349,41.81929],[-71.40317,41.81886]],[[-71.40567,41.81962],[-71.40571,41.81964]],[[-71.4061,41.81959],[-71.40616,41.81963]],[[-71.4054,41.81919],[-71.4055,41.81929],[-71.40565,41.81959]],[[-71.40493,41.81844],[-71.40503,41.81846],[-71.40497,41.81851]],[[-71.39258,41.81777],[-71.39243,41.81786],[-71.39188,41.81781],[-71.39171,41.81755],[-71.39077,41.81731],[-71.39029,41.81686],[-71.39007,41.81676],[-71.3898,41.8167]],[[-71.3898,41.8167],[-71.38944,41.81669],[-71.38898,41.81677],[-71.38857,41.81689],[-71.38824,41.81713],[-71.38814,41.81744],[-71.38818,41.81767],[-71.38804,41.81786],[-71.38809,41.81791],[-71.38837,41.81799],[-71.3884,41.81818],[-71.38835,41.81824]],[[-71.39842,41.81581],[-71.39837,41.81589],[-71.39817,41.81597],[-71.39807,41.81613],[-71.39788,41.81628],[-71.39738,41.81665],[-71.39709,41.81678],[-71.39684,41.81703]],[[-71.39684,41.81703],[-71.39672,41.81718],[-71.39635,41.81737],[-71.3957,41.81757],[-71.39492,41.81771]],[[-71.38837,41.8183],[-71.38839,41.81838]],[[-71.40272,41.81827],[-71.40269,41.81822]],[[-71.40468,41.81814],[-71.40469,41.81817]],[[-71.40457,41.81787],[-71.40456,41.81791]],[[-71.40454,41.8178],[-71.40457,41.81784]],[[-71.39488,41.81771],[-71.39472,41.8177]],[[-71.39272,41.81765],[-71.39264,41.8177]],[[-71.39444,41.81768],[-71.39411,41.81767]],[[-71.39408,41.81763],[-71.39376,41.81758],[-71.39366,41.81765]],[[-71.40207,41.81747],[-71.40143,41.81671]],[[-71.40364,41.81631],[-71.40395,41.8168],[-71.40405,41.81689],[-71.40402,41.81694]],[[-71.38679,41.81686],[-71.3868,41.81684]],[[-71.38716,41.81639],[-71.38734,41.81608],[-71.38806,41.81579],[-71.3886,41.81572],[-71.38879,41.81578],[-71.38924,41.81573],[-71.38961,41.81562],[-71.38969,41.81546],[-71.38978,41.8154],[-71.3904,41.8154],[-71.39052,41.81522],[-71.39057,41.81521],[-71.39058,41.81525]],[[-71.39058,41.81525],[-71.39068,41.81535],[-71.39083,41.81527],[-71.39112,41.81527],[-71.3914,41.81545],[-71.3914,41.81554],[-71.39158,41.81571],[-71.39158,41.81578],[-71.3918,41.81574],[-71.39181,41.81565],[-71.39165,41.81536],[-71.39148,41.81524],[-71.39136,41.81503],[-71.39132,41.81478],[-71.39146,41.81465],[-71.3915,41.81436],[-71.39124,41.81407]],[[-71.39124,41.81407],[-71.39112,41.81386],[-71.39109,41.81365],[-71.39122,41.81327],[-71.39144,41.81294],[-71.39212,41.81219],[-71.39211,41.81204],[-71.39226,41.81195],[-71.39228,41.81187],[-71.39243,41.81182],[-71.39254,41.81183],[-71.39266,41.81173],[-71.39303,41.81163]],[[-71.39303,41.81163],[-71.39372,41.81134],[-71.39385,41.81134],[-71.3939,41.81139],[-71.39395,41.81136],[-71.39391,41.81132],[-71.39396,41.81126],[-71.39425,41.81122],[-71.39455,41.81104],[-71.39408,41.81109],[-71.39246,41.81164]],[[-71.39246,41.81164],[-71.392,41.81183],[-71.39154,41.81165],[-71.39094,41.81184],[-71.39176,41.81099],[-71.39209,41.81092],[-71.39225,41.8108],[-71.39279,41.81061]],[[-71.39279,41.81061],[-71.39292,41.8106],[-71.39305,41.81078],[-71.39318,41.8105],[-71.39349,41.81039],[-71.39353,41.81024],[-71.39321,41.80999],[-71.3918,41.80858]],[[-71.3918,41.80858],[-71.3916,41.80847],[-71.39132,41.80824],[-71.39126,41.80809],[-71.39084,41.80766],[-71.39079,41.8074],[-71.39068,41.80733],[-71.39037,41.80735],[-71.39004,41.80746],[-71.38882,41.80794]],[[-71.38882,41.80794],[-71.38824,41.80818],[-71.38776,41.80809],[-71.38682,41.80678],[-71.38668,41.80645],[-71.38678,41.80617],[-71.38668,41.806]],[[-71.38668,41.806],[-71.38649,41.80565],[-71.38633,41.80545],[-71.38612,41.8053],[-71.38605,41.80511],[-71.38582,41.80482],[-71.38554,41.80458],[-71.38519,41.80416],[-71.38487,41.80392],[-71.38433,41.8034]],[[-71.38433,41.8034],[-71.38414,41.80321],[-71.38377,41.8027],[-71.38342,41.80256],[-71.38301,41.80215],[-71.38191,41.80083]],[[-71.38191,41.80083],[-71.38013,41.79869],[-71.38059,41.79929]],[[-71.38059,41.79929],[-71.38269,41.80197]],[[-71.38269,41.80197],[-71.3828,41.8022],[-71.38257,41.80236],[-71.38212,41.80252],[-71.38171,41.80256],[-71.38131,41.80248],[-71.38079,41.80249],[-71.38055,41.80238],[-71.38028,41.80235],[-71.37985,41.80221],[-71.37981,41.80226],[-71.37967,41.80228],[-71.37925,41.80214]],[[-71.37925,41.80214],[-71.37908,41.80204],[-71.37962,41.80208],[-71.37957,41.80198],[-71.3796,41.80191],[-71.37941,41.80175],[-71.3782,41.80116],[-71.37798,41.80096],[-71.37723,41.80081],[-71.3768,41.80081]],[[-71.3768,41.80081],[-71.37648,41.80074],[-71.37638,41.80093],[-71.37702,41.80112],[-71.37809,41.80186],[-71.37936,41.8024]],[[-71.37936,41.8024],[-71.37936,41.80244],[-71.37924,41.80242],[-71.37918,41.80248],[-71.37923,41.80271],[-71.37903,41.80358],[-71.37909,41.80367],[-71.37915,41.80369],[-71.37922,41.80362],[-71.3792,41.80339],[-71.37932,41.80314],[-71.37938,41.80286],[-71.37928,41.80268],[-71.37929,41.80261],[-71.37945,41.80264],[-71.37955,41.80272],[-71.3796,41.80286],[-71.37959,41.80301]],[[-71.37959,41.80301],[-71.37948,41.80351],[-71.37931,41.80365],[-71.37928,41.80378],[-71.37894,41.80375],[-71.37822,41.80468],[-71.37823,41.80476],[-71.3784,41.80482],[-71.37856,41.80499],[-71.37834,41.80508],[-71.37824,41.80497],[-71.37802,41.80495]],[[-71.37802,41.80495],[-71.37786,41.8049],[-71.37784,41.8047],[-71.37763,41.80454],[-71.3773,41.8044],[-71.37711,41.80446],[-71.37707,41.80427],[-71.37682,41.80409],[-71.37649,41.80395],[-71.37627,41.80403],[-71.37591,41.80431],[-71.37594,41.80445],[-71.37612,41.80447],[-71.37635,41.80469],[-71.37628,41.80498]],[[-71.37628,41.80498],[-71.37636,41.80522],[-71.37625,41.80568],[-71.37597,41.80564],[-71.37575,41.80568],[-71.37553,41.80582],[-71.37554,41.80607],[-71.37525,41.80625],[-71.375,41.80624]],[[-71.375,41.80315],[-71.37509,41.80273],[-71.3751,41.80226],[-71.37565,41.80093],[-71.37575,41.80083],[-71.37608,41.80087],[-71.37617,41.80074],[-71.37614,41.80065],[-71.37588,41.80055]],[[-71.37588,41.80055],[-71.37554,41.80044],[-71.37526,41.80023],[-71.37505,41.79993],[-71.375,41.79965]],[[-71.375,41.799],[-71.3753,41.79865],[-71.37532,41.7983],[-71.37547,41.79795],[-71.37548,41.7978]],[[-71.37548,41.7978],[-71.37544,41.79759],[-71.37553,41.79742],[-71.37574,41.79743],[-71.3759,41.79762],[-71.37622,41.79771],[-71.37643,41.79758],[-71.37654,41.79729],[-71.37677,41.79715],[-71.37709,41.79716],[-71.37747,41.79703],[-71.37764,41.79703],[-71.37807,41.79708],[-71.37846,41.79721]],[[-71.40138,41.81665],[-71.40114,41.81638],[-71.40098,41.81625],[-71.40083,41.81621],[-71.40082,41.81599]],[[-71.4035,41.81599],[-71.40363,41.8161],[-71.4036,41.81619]],[[-71.40293,41.81499],[-71.4031,41.81523],[-71.40304,41.81543],[-71.40328,41.81556],[-71.40347,41.81592]],[[-71.40069,41.81582],[-71.40053,41.81577],[-71.40042,41.8155]],[[-71.39902,41.81519],[-71.39885,41.81536]],[[-71.40031,41.81536],[-71.40009,41.81521],[-71.39988,41.81498],[-71.39989,41.81491]],[[-71.4023,41.81367],[-71.40225,41.81374],[-71.40227,41.81382],[-71.40284,41.81484]],[[-71.39982,41.81483],[-71.39976,41.81476]],[[-71.39964,41.81463],[-71.39948,41.81472]],[[-71.39969,41.81468],[-71.39966,41.81465]],[[-71.40285,41.81162],[-71.40255,41.81188],[-71.40229,41.81188],[-71.40192,41.81204],[-71.40179,41.81214],[-71.40159,41.81211],[-71.40139,41.8122],[-71.40139,41.8123],[-71.4018,41.81301],[-71.40199,41.81329],[-71.40209,41.81333]],[[-71.40311,41.81131],[-71.40313,41.81143],[-71.40295,41.81156]],[[-71.403,41.81123],[-71.4031,41.81129]],[[-71.40275,41.8106],[-71.40286,41.81082],[-71.40299,41.81088],[-71.40264,41.81112],[-71.40261,41.8112],[-71.40269,41.81126],[-71.40289,41.81124]],[[-71.40269,41.81047],[-71.40276,41.81057]],[[-71.40244,41.80997],[-71.4024,41.81004],[-71.40258,41.81041]],[[-71.40208,41.80937],[-71.40244,41.80996]],[[-71.39867,41.80311],[-71.39901,41.80331],[-71.39936,41.80322],[-71.3995,41.80323],[-71.39967,41.80354],[-71.39991,41.80352],[-71.4,41.80367],[-71.40017,41.8037],[-71.40012,41.80385],[-71.40001,41.80393],[-71.40035,41.80419],[-71.39995,41.80437],[-71.39973,41.80433],[-71.39967,41.80444],[-71.39947,41.8045],[-71.39946,41.80457]],[[-71.39946,41.80457],[-71.39956,41.80467],[-71.39988,41.80476],[-71.39983,41.8049],[-71.39966,41.80495],[-71.39983,41.80497],[-71.3999,41.80504],[-71.4002,41.80554],[-71.40031,41.806],[-71.40035,41.80599],[-71.4004,41.80581],[-71.40035,41.80569],[-71.40037,41.80558],[-71.40051,41.80554],[-71.40052,41.80546],[-71.40069,41.80539],[-71.40081,41.80547],[-71.40062,41.80554],[-71.40075,41.80558]],[[-71.40075,41.80558],[-71.40082,41.80548],[-71.40091,41.80546],[-71.40086,41.80542],[-71.40091,41.80537],[-71.40103,41.80542],[-71.40092,41.80545],[-71.40103,41.80556],[-71.40131,41.80564],[-71.40139,41.80577],[-71.40135,41.80581],[-71.40118,41.8058],[-71.40072,41.80609],[-71.40072,41.80613],[-71.40029,41.80622],[-71.40025,41.80643],[-71.40028,41.80652],[-71.40045,41.80668],[-71.4006,41.80675],[-71.40071,41.80689],[-71.4007,41.80697],[-71.40059,41.80703]],[[-71.40123,41.80811],[-71.40129,41.80807],[-71.40126,41.80799],[-71.4015,41.80789],[-71.4015,41.80808],[-71.40132,41.8082],[-71.4015,41.80838],[-71.40158,41.80855],[-71.40158,41.80868],[-71.40177,41.80869],[-71.40184,41.80879],[-71.40194,41.80882],[-71.40232,41.80883],[-71.40246,41.80895],[-71.4025,41.80912],[-71.40209,41.80923],[-71.40205,41.80931]],[[-71.40064,41.80716],[-71.4005,41.80735],[-71.40053,41.80746],[-71.40062,41.80753]],[[-71.3956,41.79878],[-71.39568,41.79876],[-71.39575,41.79881],[-71.39583,41.79897],[-71.39583,41.79914],[-71.3957,41.79929],[-71.39524,41.79963],[-71.39519,41.79973],[-71.39521,41.79979],[-71.39539,41.79985],[-71.39543,41.79983],[-71.39541,41.79975],[-71.39579,41.79975],[-71.39589,41.79992],[-71.39629,41.79956],[-71.39641,41.79954],[-71.39658,41.79961]],[[-71.39658,41.79961],[-71.39753,41.80031],[-71.3978,41.80024],[-71.39756,41.80045],[-71.39755,41.8006],[-71.39712,41.80091],[-71.39713,41.80152],[-71.3972,41.80167]],[[-71.3972,41.80167],[-71.39748,41.80174],[-71.39741,41.80198],[-71.39755,41.80215],[-71.39748,41.80224],[-71.3978,41.80236],[-71.39794,41.80232],[-71.39794,41.80225],[-71.39807,41.80223],[-71.3978,41.80215],[-71.39766,41.80203],[-71.39758,41.80181],[-71.39764,41.80166],[-71.39786,41.80153],[-71.39806,41.80151],[-71.39825,41.80155],[-71.39843,41.80167]],[[-71.39843,41.80167],[-71.39848,41.80192],[-71.39829,41.80217],[-71.39845,41.80215],[-71.39862,41.80194],[-71.39886,41.80195],[-71.39866,41.80185],[-71.39856,41.80169],[-71.39856,41.80154],[-71.39874,41.8014],[-71.39897,41.80137],[-71.39918,41.80145],[-71.39928,41.8016],[-71.39928,41.80179],[-71.39961,41.80173]],[[-71.39961,41.80173],[-71.40014,41.80157],[-71.40042,41.80155],[-71.40034,41.80163],[-71.3994,41.80188],[-71.39922,41.802],[-71.39894,41.80208],[-71.39874,41.80225],[-71.39846,41.80239],[-71.39829,41.80271]],[[-71.3983,41.80279],[-71.39849,41.80291],[-71.39858,41.80305]],[[-71.39115,41.7994],[-71.39215,41.80018],[-71.39253,41.80021],[-71.3928,41.80043],[-71.39301,41.80045]],[[-71.39312,41.80041],[-71.39317,41.80039]],[[-71.39333,41.80029],[-71.39384,41.79992],[-71.39408,41.79984],[-71.39425,41.79962],[-71.39504,41.79913]],[[-71.39043,41.79877],[-71.39075,41.79904]],[[-71.38913,41.79771],[-71.38964,41.79813]],[[-71.37853,41.7972],[-71.37867,41.79721],[-71.37901,41.79743],[-71.37951,41.79797],[-71.37955,41.79797],[-71.37862,41.79673],[-71.37855,41.79655],[-71.3787,41.79666]],[[-71.38895,41.79756],[-71.38897,41.79758]],[[-71.38891,41.79753],[-71.38894,41.79756]],[[-71.37875,41.79671],[-71.37899,41.79691],[-71.37944,41.79673],[-71.37954,41.79657],[-71.37983,41.79632],[-71.38002,41.79586],[-71.3796,41.79585],[-71.37868,41.79557]],[[-71.37868,41.79557],[-71.37836,41.79549],[-71.37802,41.79559],[-71.37771,41.79548],[-71.37746,41.79516],[-71.37751,41.79504],[-71.37744,41.79492],[-71.37709,41.79452],[-71.37633,41.79395],[-71.37623,41.79393]],[[-71.37623,41.79393],[-71.37579,41.79362],[-71.37576,41.7937],[-71.37603,41.79399],[-71.37599,41.79406],[-71.37577,41.79412],[-71.37541,41.79407],[-71.37522,41.79399],[-71.375,41.79403]],[[-71.38726,41.79618],[-71.38888,41.79751]],[[-71.3868,41.7958],[-71.38702,41.79598]],[[-71.3866,41.79564],[-71.38676,41.79577]],[[-71.38603,41.79516],[-71.38609,41.79521]],[[-71.38592,41.79508],[-71.38593,41.79509]],[[-71.3848,41.79416],[-71.38511,41.79441]],[[-71.38442,41.79385],[-71.38461,41.79401]],[[-71.37572,41.79355],[-71.37569,41.79346],[-71.375,41.79278]],[[-71.38033,41.78931],[-71.38043,41.78938],[-71.38191,41.79125]],[[-71.38191,41.79125],[-71.38306,41.7927],[-71.3836,41.79318]],[[-71.375,41.79294],[-71.37558,41.79352],[-71.3757,41.79357]]]}},{"type":"Feature","properties":{"ft":10,"label":"10 ft","weight":1,"dash":"1 3"},"geometry":{"type":"MultiLineString","coordinates":[[[-71.38549,41.82482],[-71.38542,41.82487],[-71.3855,41.82492],[-71.38558,41.82484],[-71.38549,41.82482]],[[-71.41401,41.82374],[-71.41386,41.82394],[-71.41387,41.82404],[-71.41442,41.82407],[-71.4143,41.82394],[-71.41401,41.82374]],[[-71.43039,41.82957],[-71.43041,41.82958],[-71.43033,41.8296],[-71.43037,41.82957],[-71.43039,41.82957]],[[-71.43631,41.82563],[-71.43634,41.82568],[-71.43627,41.82568],[-71.43627,41.82565],[-71.43631,41.82563]],[[-71.39539,41.79784],[-71.3954,41.79785],[-71.39538,41.79785],[-71.39538,41.79784],[-71.39539,41.79784]],[[-71.37525,41.82843],[-71.37543,41.82845],[-71.37527,41.82851],[-71.37509,41.82872],[-71.375,41.82877]],[[-71.375,41.82872],[-71.37507,41.82861],[-71.375,41.82858]],[[-71.375,41.8285],[-71.37525,41.82843]],[[-71.38871,41.79333],[-71.3888,41.79337],[-71.38873,41.7935],[-71.38876,41.79413],[-71.3887,41.79433],[-71.38861,41.79446],[-71.38849,41.79453],[-71.38813,41.79453],[-71.38808,41.79446],[-71.38809,41.79416],[-71.38822,41.79393],[-71.38809,41.79371],[-71.38808,41.79355],[-71.38871,41.79333]],[[-71.41895,41.82397],[-71.41905,41.82399],[-71.41898,41.82414],[-71.41884,41.82424],[-71.41875,41.82422],[-71.41877,41.82409],[-71.41895,41.82397]],[[-71.39939,41.79592],[-71.39951,41.79595],[-71.39967,41.7963],[-71.39963,41.79637],[-71.3994,41.79644],[-71.39931,41.79653],[-71.39944,41.79669],[-71.39904,41.79678],[-71.39912,41.79654],[-71.39892,41.79639],[-71.39873,41.79636]],[[-71.39873,41.79636],[-71.39858,41.79597],[-71.39902,41.79593],[-71.39924,41.79642],[-71.3993,41.79644],[-71.39936,41.79637],[-71.39916,41.79594],[-71.39939,41.79592]],[[-71.4286,41.82881],[-71.42859,41.82882],[-71.42863,41.82881],[-71.42862,41.82881],[-71.4286,41.82881]],[[-71.43213,41.82788],[-71.43213,41.82788],[-71.43213,41.82788],[-71.43213,41.82788]],[[-71.43626,41.82526],[-71.43645,41.82531],[-71.43658,41.82547],[-71.43631,41.82551],[-71.43622,41.82538],[-71.43626,41.82526]],[[-71.41154,41.83166],[-71.41157,41.8317],[-71.41153,41.83173],[-71.41151,41.8317],[-71.41154,41.83166]],[[-71.3822,41.82261],[-71.38215,41.82267],[-71.38215,41.82273],[-71.38228,41.82266],[-71.3822,41.82261]],[[-71.40297,41.8143],[-71.40302,41.81434],[-71.40301,41.81439],[-71.40297,41.81437],[-71.40297,41.8143]],[[-71.38465,41.79011],[-71.38467,41.7901],[-71.38468,41.79012],[-71.38464,41.79014],[-71.38465,41.79011]],[[-71.37836,41.79553],[-71.37803,41.79565],[-71.37837,41.7956],[-71.37926,41.79584],[-71.37943,41.79593],[-71.37931,41.79598],[-71.379,41.79599],[-71.37877,41.79596],[-71.37854,41.79585],[-71.37826,41.79592],[-71.37811,41.79585],[-71.37814,41.796]],[[-71.37814,41.796],[-71.37833,41.7962],[-71.37848,41.79622],[-71.37843,41.79628],[-71.37847,41.79633],[-71.3786,41.7963],[-71.37866,41.7962],[-71.37892,41.79618],[-71.37914,41.79626],[-71.37937,41.79658],[-71.37934,41.79667],[-71.37901,41.7968],[-71.37872,41.79659],[-71.37891,41.79682],[-71.37901,41.79687]],[[-71.37901,41.79687],[-71.3794,41.7967],[-71.37947,41.79656],[-71.37976,41.79636],[-71.37996,41.7959],[-71.37963,41.7959],[-71.3793,41.79583],[-71.37836,41.79553]],[[-71.38398,41.826],[-71.38407,41.826],[-71.38408,41.82605],[-71.38379,41.82607],[-71.38398,41.826]],[[-71.41768,41.82386],[-71.41778,41.82389],[-71.4178,41.82397],[-71.41769,41.82398],[-71.41768,41.82386]],[[-71.43606,41.82581],[-71.43612,41.82584],[-71.43612,41.82591],[-71.43591,41.82595],[-71.43593,41.82588],[-71.43606,41.82581]],[[-71.4122,41.82784],[-71.41232,41.82786],[-71.41209,41.82807],[-71.41191,41.82796],[-71.41198,41.82786],[-71.4122,41.82784]],[[-71.39807,41.79835],[-71.39819,41.79842],[-71.39818,41.79849],[-71.39811,41.79849],[-71.39804,41.7984],[-71.39807,41.79835]],[[-71.42919,41.82891],[-71.42916,41.82903],[-71.42928,41.82905],[-71.42926,41.82896],[-71.42919,41.82891]],[[-71.40835,41.82566],[-71.40865,41.82583],[-71.40868,41.82588],[-71.40852,41.82587],[-71.40835,41.82566]],[[-71.40443,41.81082],[-71.40443,41.81083],[-71.40444,41.81082],[-71.40444,41.81082],[-71.40443,41.81082]],[[-71.41965,41.82725],[-71.41983,41.82732],[-71.41971,41.8275],[-71.41973,41.82755],[-71.41951,41.82767],[-71.41911,41.82778],[-71.41913,41.82758],[-71.41909,41.82745],[-71.41941,41.8273],[-71.41965,41.82725]],[[-71.42866,41.82849],[-71.42866,41.8285],[-71.42868,41.82849],[-71.42867,41.82849],[-71.42866,41.82849]],[[-71.37682,41.79491],[-71.37681,41.79495],[-71.37684,41.79495],[-71.37684,41.79493],[-71.37682,41.79491]],[[-71.38855,41.79079],[-71.38871,41.79082],[-71.38872,41.79086],[-71.38858,41.79087],[-71.38855,41.79079]],[[-71.4076,41.82425],[-71.40753,41.82429],[-71.40764,41.82438],[-71.40767,41.82431],[-71.4076,41.82425]],[[-71.42864,41.8285],[-71.42864,41.8285],[-71.42865,41.8285],[-71.42865,41.8285],[-71.42864,41.8285]],[[-71.39848,41.79789],[-71.39861,41.79791],[-71.39847,41.79802],[-71.3983,41.79797],[-71.39848,41.79789]],[[-71.43951,41.82238],[-71.43973,41.82247],[-71.44085,41.8226],[-71.44126,41.82263],[-71.44158,41.82255],[-71.44166,41.82257]],[[-71.44166,41.82257],[-71.44134,41.82267],[-71.44016,41.82262],[-71.43975,41.82253],[-71.43951,41.82238]],[[-71.4081,41.82399],[-71.40814,41.82396],[-71.4081,41.82389]],[[-71.4081,41.82389],[-71.40806,41.82391]],[[-71.4096,41.82668],[-71.4096,41.82668],[-71.4096,41.82668],[-71.4096,41.82668]],[[-71.40068,41.79674],[-71.40076,41.79676],[-71.4009,41.79708],[-71.40037,41.79724],[-71.40022,41.7969],[-71.40068,41.79674]],[[-71.40424,41.81194],[-71.40415,41.81197],[-71.40415,41.81202],[-71.40435,41.81203],[-71.40433,41.81197],[-71.40424,41.81194]],[[-71.42952,41.8286],[-71.42929,41.82866],[-71.42927,41.82867],[-71.42959,41.8286],[-71.42952,41.8286]],[[-71.38897,41.79554],[-71.38911,41.79557],[-71.38921,41.79566],[-71.38922,41.79577],[-71.38912,41.79588],[-71.3889,41.7959],[-71.38873,41.79578],[-71.38877,41.79561],[-71.38897,41.79554]],[[-71.40531,41.81234],[-71.40537,41.81238],[-71.40536,41.81245],[-71.40526,41.81239],[-71.40531,41.81234]],[[-71.3831,41.78983],[-71.3828,41.78985],[-71.38262,41.79],[-71.38251,41.79],[-71.38248,41.79007],[-71.38256,41.79016],[-71.38262,41.79013],[-71.38264,41.79004],[-71.38282,41.7901],[-71.38318,41.78987],[-71.3831,41.78983]],[[-71.39869,41.79614],[-71.39871,41.79618],[-71.39875,41.79618],[-71.39872,41.79615],[-71.39869,41.79614]],[[-71.43714,41.82445],[-71.4375,41.82446],[-71.4376,41.82456],[-71.43744,41.82462],[-71.43719,41.8246],[-71.43716,41.82468],[-71.43704,41.82467],[-71.437,41.82464],[-71.43701,41.82457],[-71.43714,41.82445]],[[-71.4161,41.82364],[-71.41624,41.8237],[-71.41622,41.82378],[-71.41604,41.82373],[-71.41603,41.82368],[-71.4161,41.82364]],[[-71.4112,41.83324],[-71.41127,41.83327],[-71.41129,41.8334],[-71.41112,41.83388],[-71.41104,41.83393],[-71.41101,41.83385],[-71.41115,41.8333],[-71.4112,41.83324]],[[-71.41114,41.82257],[-71.41123,41.82261],[-71.41122,41.82267],[-71.41116,41.82266],[-71.41114,41.82257]],[[-71.38537,41.79218],[-71.38543,41.79221],[-71.38534,41.79231],[-71.38492,41.79253],[-71.38508,41.79226],[-71.38537,41.79218]],[[-71.40851,41.82008],[-71.4085,41.8201],[-71.40854,41.82011],[-71.40854,41.82008],[-71.40851,41.82008]],[[-71.39528,41.79774],[-71.3953,41.79774],[-71.39531,41.79775],[-71.39529,41.79776],[-71.39528,41.79774]],[[-71.42268,41.82945],[-71.42264,41.82948],[-71.42264,41.8295],[-71.42272,41.82948],[-71.42268,41.82945]],[[-71.41043,41.82374],[-71.41039,41.8238],[-71.41065,41.82394],[-71.41076,41.82394],[-71.41087,41.82383],[-71.41078,41.82373],[-71.41062,41.82377],[-71.41043,41.82374]],[[-71.4076,41.81978],[-71.40707,41.81992],[-71.40702,41.82007],[-71.40685,41.82016],[-71.40683,41.82022],[-71.4075,41.82031],[-71.40785,41.82024],[-71.40791,41.82017],[-71.40788,41.82005],[-71.40782,41.81999],[-71.40769,41.81998],[-71.40767,41.81986],[-71.40771,41.81979],[-71.4076,41.81978]],[[-71.38684,41.79508],[-71.38651,41.79515],[-71.38644,41.79525],[-71.38648,41.79536],[-71.38659,41.79546],[-71.38684,41.79555],[-71.38722,41.79531],[-71.38707,41.79512],[-71.38684,41.79508]],[[-71.39983,41.79674],[-71.39989,41.79685],[-71.39973,41.79688],[-71.39976,41.79679],[-71.39983,41.79674]],[[-71.38989,41.81807],[-71.39021,41.81811],[-71.39039,41.81817],[-71.38983,41.81826],[-71.38981,41.81814],[-71.38989,41.81807]],[[-71.38589,41.81666],[-71.38598,41.81667],[-71.38581,41.81681],[-71.38583,41.8167],[-71.38589,41.81666]],[[-71.41151,41.82739],[-71.41158,41.82757],[-71.41153,41.82764],[-71.41139,41.82755],[-71.41142,41.82745],[-71.41151,41.82739]],[[-71.4033,41.81238],[-71.40324,41.81241],[-71.40325,41.81246],[-71.40334,41.81243],[-71.4033,41.81238]],[[-71.40938,41.82159],[-71.4093,41.8216],[-71.40921,41.82163],[-71.40935,41.82169],[-71.40946,41.82165],[-71.40945,41.8216],[-71.40938,41.82159]],[[-71.38999,41.81721],[-71.38994,41.81724],[-71.38997,41.81738],[-71.39002,41.81745],[-71.39009,41.81747],[-71.39014,41.81741],[-71.39012,41.81726],[-71.38999,41.81721]],[[-71.39466,41.79728],[-71.39468,41.79729],[-71.3947,41.79732],[-71.39466,41.79731],[-71.39466,41.79728]],[[-71.40169,41.79645],[-71.40174,41.79645],[-71.40157,41.79681],[-71.40139,41.79654],[-71.40169,41.79645]],[[-71.40573,41.81425],[-71.40586,41.81435],[-71.40587,41.81444],[-71.40582,41.81448],[-71.4057,41.81448],[-71.4056,41.8143],[-71.40573,41.81425]],[[-71.43208,41.82789],[-71.432,41.82791],[-71.43195,41.82794],[-71.43211,41.82789],[-71.43208,41.82789]],[[-71.38677,41.8246],[-71.38692,41.82463],[-71.38711,41.82472],[-71.38691,41.82472],[-71.38677,41.8246]],[[-71.39512,41.79779],[-71.39507,41.79788],[-71.39442,41.79829],[-71.39443,41.79836],[-71.39452,41.79847],[-71.39442,41.79858],[-71.39437,41.79857],[-71.39442,41.79843],[-71.39425,41.79821],[-71.39445,41.79823],[-71.3945,41.79808],[-71.39462,41.79808],[-71.39512,41.79779]],[[-71.41042,41.82918],[-71.4106,41.82929],[-71.4107,41.82944],[-71.4107,41.82962],[-71.41062,41.82969],[-71.41044,41.82968],[-71.41035,41.82956],[-71.41036,41.82927],[-71.41042,41.82918]],[[-71.40999,41.82083],[-71.40979,41.821],[-71.40957,41.82099],[-71.40955,41.8211],[-71.40978,41.82121],[-71.41001,41.82121],[-71.41005,41.82115],[-71.40997,41.82104],[-71.41016,41.82096],[-71.40999,41.82083]],[[-71.38906,41.79358],[-71.38919,41.79358],[-71.38933,41.79368],[-71.38931,41.79379],[-71.38936,41.79383],[-71.38958,41.79375],[-71.38968,41.79376],[-71.38978,41.79384],[-71.38979,41.79392],[-71.38961,41.79402],[-71.38904,41.79392],[-71.389,41.79369],[-71.38906,41.79358]],[[-71.39827,41.7977],[-71.39827,41.7977]],[[-71.39827,41.7977],[-71.39828,41.7977]],[[-71.39828,41.7977],[-71.39828,41.7977]],[[-71.39828,41.7977],[-71.39828,41.7977]],[[-71.39828,41.7977],[-71.39829,41.7977]],[[-71.39829,41.7977],[-71.39829,41.7977]],[[-71.39829,41.7977],[-71.3983,41.7977]],[[-71.3983,41.7977],[-71.3983,41.7977]],[[-71.3983,41.7977],[-71.3983,41.7977]],[[-71.3983,41.7977],[-71.39831,41.7977]],[[-71.39831,41.7977],[-71.39831,41.79771]],[[-71.39831,41.79771],[-71.39832,41.79771]],[[-71.39832,41.79771],[-71.39833,41.79771]],[[-71.39833,41.79771],[-71.39833,41.79771]],[[-71.39833,41.79771],[-71.39833,41.79771]],[[-71.39833,41.79771],[-71.39833,41.79771]],[[-71.39833,41.79771],[-71.39834,41.79771]],[[-71.39834,41.79771],[-71.39834,41.79771]],[[-71.39834,41.79771],[-71.39835,41.79772]],[[-71.39835,41.79772],[-71.39835,41.79772]],[[-71.39835,41.79772],[-71.39835,41.79772]],[[-71.39835,41.79772],[-71.39836,41.79772]],[[-71.39836,41.79772],[-71.39836,41.79772]],[[-71.39836,41.79772],[-71.39836,41.79772]],[[-71.39836,41.79772],[-71.39837,41.79772]],[[-71.39837,41.79772],[-71.39837,41.79773]],[[-71.39837,41.79773],[-71.39838,41.79773]],[[-71.39838,41.79773],[-71.39838,41.79773]],[[-71.39838,41.79773],[-71.39839,41.79773]],[[-71.39839,41.79773],[-71.39839,41.79773]],[[-71.39839,41.79773],[-71.39839,41.79774]],[[-71.39839,41.79774],[-71.39839,41.79774]],[[-71.39839,41.79774],[-71.3984,41.79774]],[[-71.3984,41.79774],[-71.3984,41.79774]],[[-71.3984,41.79774],[-71.3984,41.79774]],[[-71.3984,41.79774],[-71.39841,41.79774]],[[-71.39841,41.79774],[-71.39841,41.79775]],[[-71.39841,41.79775],[-71.39841,41.79775]],[[-71.39841,41.79775],[-71.39842,41.79775]],[[-71.39842,41.79775],[-71.39842,41.79775]],[[-71.39842,41.79775],[-71.39842,41.79775]],[[-71.39842,41.79775],[-71.39843,41.79776]],[[-71.39843,41.79776],[-71.39843,41.79776]],[[-71.39843,41.79776],[-71.39844,41.79776]],[[-71.39844,41.79776],[-71.39844,41.79776]],[[-71.39844,41.79776],[-71.39844,41.79776]],[[-71.39844,41.79776],[-71.39845,41.79777]],[[-71.39845,41.79777],[-71.39845,41.79777]],[[-71.39845,41.79777],[-71.39845,41.79777]],[[-71.39845,41.79777],[-71.39846,41.79777]],[[-71.39846,41.79777],[-71.39846,41.79777]],[[-71.39846,41.79777],[-71.39846,41.79778]],[[-71.39846,41.79778],[-71.39847,41.79778]],[[-71.39847,41.79778],[-71.39847,41.79778]],[[-71.39847,41.79778],[-71.39847,41.79778]],[[-71.39847,41.79778],[-71.39848,41.79778]],[[-71.39848,41.79778],[-71.39848,41.79779]],[[-71.39848,41.79779],[-71.39848,41.79779]],[[-71.39848,41.79779],[-71.39848,41.79779]],[[-71.39848,41.79779],[-71.39849,41.79779]],[[-71.39849,41.79779],[-71.39849,41.7978]],[[-71.39849,41.7978],[-71.39849,41.7978]],[[-71.39849,41.7978],[-71.39848,41.7978]],[[-71.39848,41.7978],[-71.39848,41.7978]],[[-71.39848,41.7978],[-71.39848,41.79781]],[[-71.39848,41.79781],[-71.39847,41.79781]],[[-71.39847,41.79781],[-71.39847,41.79781]],[[-71.39847,41.79781],[-71.39847,41.79781]],[[-71.39847,41.79781],[-71.39846,41.79781]],[[-71.39846,41.79781],[-71.39846,41.79781]],[[-71.39846,41.79781],[-71.39846,41.79781]],[[-71.39846,41.79781],[-71.39845,41.79782]],[[-71.39845,41.79782],[-71.39845,41.79782]],[[-71.39845,41.79782],[-71.39844,41.79782]],[[-71.39844,41.79782],[-71.39844,41.79782]],[[-71.39844,41.79782],[-71.39844,41.79782]],[[-71.39844,41.79782],[-71.39844,41.79783]],[[-71.39844,41.79783],[-71.39843,41.79783]],[[-71.39843,41.79783],[-71.39843,41.79783]],[[-71.39843,41.79783],[-71.39842,41.79783]],[[-71.39842,41.79783],[-71.39842,41.79783]],[[-71.39842,41.79783],[-71.39841,41.79783]],[[-71.39841,41.79783],[-71.3984,41.79783]],[[-71.3984,41.79783],[-71.3984,41.79783]],[[-71.3984,41.79783],[-71.3984,41.79783]],[[-71.3984,41.79783],[-71.39839,41.79784]],[[-71.39839,41.79784],[-71.39839,41.79784]],[[-71.39839,41.79784],[-71.39838,41.79784]],[[-71.39838,41.79784],[-71.39838,41.79784]],[[-71.39838,41.79784],[-71.39837,41.79784]],[[-71.39837,41.79784],[-71.39837,41.79784]],[[-71.39837,41.79784],[-71.39836,41.79784]],[[-71.39836,41.79784],[-71.39836,41.79784]],[[-71.39836,41.79784],[-71.39835,41.79784]],[[-71.39835,41.79784],[-71.39835,41.79784]],[[-71.39835,41.79784],[-71.39834,41.79784]],[[-71.39834,41.79784],[-71.39834,41.79784]],[[-71.39834,41.79784],[-71.39833,41.79784]],[[-71.39833,41.79784],[-71.39833,41.79784]],[[-71.39833,41.79784],[-71.39832,41.79784]],[[-71.39832,41.79784],[-71.39831,41.79784]],[[-71.39831,41.79784],[-71.39831,41.79784]],[[-71.39831,41.79784],[-71.3983,41.79784]],[[-71.3983,41.79784],[-71.3983,41.79784]],[[-71.3983,41.79784],[-71.3983,41.79784]],[[-71.3983,41.79784],[-71.39829,41.79785]],[[-71.39829,41.79785],[-71.39829,41.79785]],[[-71.39829,41.79785],[-71.39828,41.79785]],[[-71.39828,41.79785],[-71.39828,41.79785]],[[-71.39828,41.79785],[-71.39828,41.79785]],[[-71.39828,41.79785],[-71.39827,41.79785]],[[-71.39827,41.79785],[-71.39827,41.79785]],[[-71.39827,41.79785],[-71.39827,41.79785]],[[-71.39827,41.79785],[-71.39826,41.79785]],[[-71.39826,41.79785],[-71.39826,41.79785]],[[-71.39826,41.79785],[-71.39826,41.79785]],[[-71.39826,41.79785],[-71.39825,41.79785]],[[-71.39825,41.79785],[-71.39825,41.79786]],[[-71.39825,41.79786],[-71.39824,41.79786]],[[-71.39824,41.79786],[-71.39824,41.79786]],[[-71.39824,41.79786],[-71.39824,41.79786]],[[-71.39824,41.79786],[-71.39823,41.79785]],[[-71.39823,41.79785],[-71.39823,41.79785]],[[-71.39823,41.79785],[-71.39822,41.79785]],[[-71.39822,41.79785],[-71.39822,41.79785]],[[-71.39822,41.79785],[-71.39822,41.79785]],[[-71.39822,41.79785],[-71.39822,41.79784]],[[-71.39822,41.79784],[-71.39821,41.79784]],[[-71.39821,41.79784],[-71.39821,41.79784]],[[-71.39821,41.79784],[-71.39821,41.79783]],[[-71.39821,41.79783],[-71.39821,41.79783]],[[-71.39821,41.79783],[-71.39821,41.79783]],[[-71.39821,41.79783],[-71.39821,41.79783]],[[-71.39821,41.79783],[-71.3982,41.79783]],[[-71.3982,41.79783],[-71.3982,41.79782]],[[-71.3982,41.79782],[-71.3982,41.79782]],[[-71.3982,41.79782],[-71.3982,41.79782]],[[-71.3982,41.79782],[-71.39819,41.79782]],[[-71.39819,41.79782],[-71.39819,41.79781]],[[-71.39819,41.79781],[-71.39819,41.79781]],[[-71.39819,41.79781],[-71.39818,41.79781]],[[-71.39818,41.79781],[-71.39818,41.7978]],[[-71.39818,41.7978],[-71.39818,41.7978]],[[-71.39818,41.7978],[-71.39818,41.7978]],[[-71.39818,41.7978],[-71.39818,41.7978]],[[-71.39818,41.7978],[-71.39818,41.79779]],[[-71.39818,41.79779],[-71.39818,41.79779]],[[-71.39818,41.79779],[-71.39818,41.79779]],[[-71.39818,41.79779],[-71.39818,41.79778]],[[-71.39818,41.79778],[-71.39818,41.79778]],[[-71.39818,41.79778],[-71.39818,41.79778]],[[-71.39818,41.79778],[-71.39818,41.79778]],[[-71.39818,41.79778],[-71.39818,41.79777]],[[-71.39818,41.79777],[-71.39818,41.79777]],[[-71.39818,41.79777],[-71.39818,41.79777]],[[-71.39818,41.79777],[-71.39818,41.79776]],[[-71.39818,41.79776],[-71.39818,41.79776]],[[-71.39818,41.79776],[-71.39818,41.79776]],[[-71.39818,41.79776],[-71.39818,41.79776]],[[-71.39818,41.79776],[-71.39819,41.79775]],[[-71.39819,41.79775],[-71.39819,41.79775]],[[-71.39819,41.79775],[-71.39819,41.79775]],[[-71.39819,41.79775],[-71.39819,41.79775]],[[-71.39819,41.79775],[-71.39819,41.79774]],[[-71.39819,41.79774],[-71.39819,41.79774]],[[-71.39819,41.79774],[-71.3982,41.79774]],[[-71.3982,41.79774],[-71.3982,41.79774]],[[-71.3982,41.79774],[-71.3982,41.79773]],[[-71.3982,41.79773],[-71.39821,41.79773]],[[-71.39821,41.79773],[-71.39821,41.79773]],[[-71.39821,41.79773],[-71.39821,41.79773]],[[-71.39821,41.79773],[-71.39822,41.79772]],[[-71.39822,41.79772],[-71.39822,41.79772]],[[-71.39822,41.79772],[-71.39823,41.79772]],[[-71.39823,41.79772],[-71.39823,41.79772]],[[-71.39823,41.79772],[-71.39823,41.79772]],[[-71.39823,41.79772],[-71.39824,41.79771]],[[-71.39824,41.79771],[-71.39824,41.79771]],[[-71.39824,41.79771],[-71.39824,41.79771]],[[-71.39824,41.79771],[-71.39825,41.79771]],[[-71.39825,41.79771],[-71.39825,41.79771]],[[-71.39825,41.79771],[-71.39826,41.79771]],[[-71.39826,41.79771],[-71.39826,41.79771]],[[-71.39826,41.79771],[-71.39826,41.79771]],[[-71.39826,41.79771],[-71.39827,41.79771]],[[-71.39827,41.79771],[-71.39827,41.7977]],[[-71.39945,41.80225],[-71.39938,41.80228],[-71.39934,41.80236],[-71.39948,41.80229],[-71.39945,41.80225]],[[-71.40193,41.79652],[-71.40197,41.79653],[-71.40207,41.79661],[-71.40191,41.79661],[-71.40193,41.79652]],[[-71.407,41.82192],[-71.407,41.82196],[-71.40704,41.82198],[-71.40705,41.82194],[-71.407,41.82192]],[[-71.38919,41.79425],[-71.38967,41.79425],[-71.38977,41.79431],[-71.3898,41.7944],[-71.38966,41.79451],[-71.38942,41.79443],[-71.3893,41.7945],[-71.38918,41.7945],[-71.38907,41.79445],[-71.38905,41.79438],[-71.38909,41.79429],[-71.38919,41.79425]],[[-71.39281,41.79938],[-71.39256,41.79958],[-71.39253,41.79968],[-71.39259,41.79978],[-71.39282,41.79988],[-71.39319,41.79978],[-71.39323,41.79961],[-71.39316,41.79949],[-71.39301,41.7994],[-71.39281,41.79938]],[[-71.38058,41.82462],[-71.38058,41.82462]],[[-71.38058,41.82462],[-71.38058,41.82462]],[[-71.38058,41.82462],[-71.38057,41.82462]],[[-71.38057,41.82462],[-71.38057,41.82462]],[[-71.38057,41.82462],[-71.38056,41.82462]],[[-71.38056,41.82462],[-71.38056,41.82463]],[[-71.38056,41.82463],[-71.38056,41.82463]],[[-71.38056,41.82463],[-71.38056,41.82463]],[[-71.38056,41.82463],[-71.38056,41.82464]],[[-71.38056,41.82464],[-71.38055,41.82465]],[[-71.38055,41.82465],[-71.38056,41.82465]],[[-71.38056,41.82465],[-71.38056,41.82465]],[[-71.38056,41.82465],[-71.38056,41.82466]],[[-71.38056,41.82466],[-71.38056,41.82466]],[[-71.38056,41.82466],[-71.38056,41.82466]],[[-71.38056,41.82466],[-71.38057,41.82466]],[[-71.38057,41.82466],[-71.38057,41.82467]],[[-71.38057,41.82467],[-71.38057,41.82467]],[[-71.38057,41.82467],[-71.38058,41.82467]],[[-71.38058,41.82467],[-71.38058,41.82467]],[[-71.38058,41.82467],[-71.38059,41.82467]],[[-71.38059,41.82467],[-71.38059,41.82467]],[[-71.38059,41.82467],[-71.38059,41.82467]],[[-71.38059,41.82467],[-71.3806,41.82467]],[[-71.3806,41.82467],[-71.3806,41.82467]],[[-71.3806,41.82467],[-71.38061,41.82467]],[[-71.38061,41.82467],[-71.38061,41.82467]],[[-71.38061,41.82467],[-71.38062,41.82466]],[[-71.38062,41.82466],[-71.38062,41.82466]],[[-71.38062,41.82466],[-71.38062,41.82466]],[[-71.38062,41.82466],[-71.38062,41.82465]],[[-71.38062,41.82465],[-71.38062,41.82465]],[[-71.38062,41.82465],[-71.38062,41.82465]],[[-71.38062,41.82465],[-71.38063,41.82465]],[[-71.38063,41.82465],[-71.38063,41.82464]],[[-71.38063,41.82464],[-71.38062,41.82464]],[[-71.38062,41.82464],[-71.38062,41.82464]],[[-71.38062,41.82464],[-71.38062,41.82463]],[[-71.38062,41.82463],[-71.38062,41.82463]],[[-71.38062,41.82463],[-71.38062,41.82463]],[[-71.38062,41.82463],[-71.38062,41.82463]],[[-71.38062,41.82463],[-71.38061,41.82462]],[[-71.38061,41.82462],[-71.38061,41.82462]],[[-71.38061,41.82462],[-71.3806,41.82462]],[[-71.3806,41.82462],[-71.3806,41.82462]],[[-71.3806,41.82462],[-71.3806,41.82462]],[[-71.3806,41.82462],[-71.38059,41.82462]],[[-71.38059,41.82462],[-71.38059,41.82462]],[[-71.38059,41.82462],[-71.38059,41.82462]],[[-71.38059,41.82462],[-71.38058,41.82462]],[[-71.38058,41.82462],[-71.38058,41.82462]],[[-71.41741,41.82533],[-71.41755,41.82534],[-71.41757,41.82539],[-71.41731,41.82548],[-71.41707,41.82547],[-71.41741,41.82533]],[[-71.40378,41.81066],[-71.40348,41.8108],[-71.40306,41.81114],[-71.40316,41.81128],[-71.40317,41.81143],[-71.40274,41.81174],[-71.40251,41.81212],[-71.403,41.81206],[-71.40285,41.81189],[-71.40291,41.81172]],[[-71.40291,41.81172],[-71.40332,41.8115],[-71.40342,41.81126],[-71.40419,41.81133],[-71.40413,41.81126],[-71.40335,41.81111],[-71.40363,41.81087],[-71.4039,41.81078],[-71.40388,41.8107],[-71.40378,41.81066]],[[-71.39752,41.80069],[-71.39749,41.80072],[-71.39758,41.80072],[-71.39755,41.80069],[-71.39752,41.80069]],[[-71.4052,41.81475],[-71.40526,41.81477],[-71.40526,41.81483],[-71.40513,41.81486],[-71.4052,41.81475]],[[-71.4037,41.81581],[-71.40387,41.81594],[-71.40385,41.81599],[-71.4038,41.81601],[-71.40371,41.81592],[-71.4037,41.81581]],[[-71.39528,41.79761],[-71.39529,41.79762],[-71.39528,41.79763],[-71.39527,41.79762],[-71.39528,41.79761]],[[-71.41276,41.82945],[-71.41279,41.82945],[-71.4128,41.82945],[-71.41272,41.82948],[-71.41276,41.82945]],[[-71.41149,41.8308],[-71.41161,41.83091],[-71.41166,41.83123],[-71.41162,41.83127],[-71.41145,41.83119],[-71.4114,41.83109],[-71.41139,41.83093],[-71.41149,41.8308]],[[-71.38235,41.82229],[-71.3823,41.82239],[-71.38241,41.82243],[-71.38245,41.82234],[-71.38235,41.82229]],[[-71.38823,41.81084],[-71.38828,41.81088],[-71.38822,41.81091],[-71.38819,41.81088],[-71.38823,41.81084]],[[-71.3985,41.79805],[-71.39857,41.79809],[-71.39858,41.79817],[-71.39855,41.79815],[-71.3985,41.79805]],[[-71.37842,41.82694],[-71.37829,41.82701],[-71.37821,41.82713],[-71.37838,41.82706],[-71.37845,41.82696],[-71.37842,41.82694]],[[-71.38857,41.79021],[-71.38857,41.79022],[-71.38859,41.79022],[-71.38858,41.7902],[-71.38857,41.79021]],[[-71.41153,41.82976],[-71.41157,41.82975],[-71.41159,41.82978],[-71.41153,41.82979],[-71.41153,41.82976]],[[-71.43023,41.82963],[-71.43028,41.82963],[-71.43013,41.82967],[-71.43015,41.82966],[-71.43023,41.82963]],[[-71.41941,41.82847],[-71.41954,41.82848],[-71.41969,41.82859],[-71.41967,41.82868],[-71.41954,41.82878],[-71.41939,41.82878],[-71.4193,41.82869],[-71.41929,41.82856],[-71.41941,41.82847]],[[-71.39722,41.8009],[-71.39718,41.80092],[-71.39718,41.80097],[-71.39719,41.80097],[-71.39722,41.8009]],[[-71.39993,41.80223],[-71.39993,41.80223],[-71.39993,41.80224],[-71.39994,41.80224],[-71.39993,41.80223]],[[-71.38438,41.79027],[-71.38439,41.79027]],[[-71.38439,41.79027],[-71.38439,41.79027]],[[-71.38439,41.79027],[-71.3844,41.79027]],[[-71.3844,41.79027],[-71.3844,41.79027]],[[-71.3844,41.79027],[-71.3844,41.79027]],[[-71.3844,41.79027],[-71.38441,41.79027]],[[-71.38441,41.79027],[-71.38441,41.79027]],[[-71.38441,41.79027],[-71.38442,41.79027]],[[-71.38442,41.79027],[-71.38442,41.79027]],[[-71.38442,41.79027],[-71.38442,41.79027]],[[-71.38442,41.79027],[-71.38442,41.79027]],[[-71.38442,41.79027],[-71.38443,41.79028]],[[-71.38443,41.79028],[-71.38443,41.79028]],[[-71.38443,41.79028],[-71.38443,41.79028]],[[-71.38443,41.79028],[-71.38443,41.79028]],[[-71.38443,41.79028],[-71.38443,41.79029]],[[-71.38443,41.79029],[-71.38443,41.79029]],[[-71.38443,41.79029],[-71.38443,41.7903]],[[-71.38443,41.7903],[-71.38443,41.7903]],[[-71.38443,41.7903],[-71.38443,41.7903]],[[-71.38443,41.7903],[-71.38443,41.79031]],[[-71.38443,41.79031],[-71.38443,41.79031]],[[-71.38443,41.79031],[-71.38443,41.79031]],[[-71.38443,41.79031],[-71.38443,41.79032]],[[-71.38443,41.79032],[-71.38443,41.79032]],[[-71.38443,41.79032],[-71.38443,41.79032]],[[-71.38443,41.79032],[-71.38443,41.79033]],[[-71.38443,41.79033],[-71.38443,41.79033]],[[-71.38443,41.79033],[-71.38443,41.79033]],[[-71.38443,41.79033],[-71.38443,41.79033]],[[-71.38443,41.79033],[-71.38443,41.79034]],[[-71.38443,41.79034],[-71.38444,41.79034]],[[-71.38444,41.79034],[-71.38443,41.79034]],[[-71.38443,41.79034],[-71.38443,41.79034]],[[-71.38443,41.79034],[-71.38443,41.79035]],[[-71.38443,41.79035],[-71.38443,41.79035]],[[-71.38443,41.79035],[-71.38443,41.79035]],[[-71.38443,41.79035],[-71.38443,41.79035]],[[-71.38443,41.79035],[-71.38443,41.79036]],[[-71.38443,41.79036],[-71.38442,41.79036]],[[-71.38442,41.79036],[-71.38442,41.79036]],[[-71.38442,41.79036],[-71.38442,41.79036]],[[-71.38442,41.79036],[-71.38441,41.79037]],[[-71.38441,41.79037],[-71.38441,41.79037]],[[-71.38441,41.79037],[-71.38441,41.79037]],[[-71.38441,41.79037],[-71.38441,41.79037]],[[-71.38441,41.79037],[-71.3844,41.79038]],[[-71.3844,41.79038],[-71.3844,41.79038]],[[-71.3844,41.79038],[-71.3844,41.79038]],[[-71.3844,41.79038],[-71.3844,41.79038]],[[-71.3844,41.79038],[-71.3844,41.79038]],[[-71.3844,41.79038],[-71.3844,41.79038]],[[-71.3844,41.79038],[-71.38439,41.79039]],[[-71.38439,41.79039],[-71.38439,41.79039]],[[-71.38439,41.79039],[-71.38438,41.79039]],[[-71.38438,41.79039],[-71.38438,41.79039]],[[-71.38438,41.79039],[-71.38438,41.7904]],[[-71.38438,41.7904],[-71.38437,41.7904]],[[-71.38437,41.7904],[-71.38437,41.7904]],[[-71.38437,41.7904],[-71.38437,41.7904]],[[-71.38437,41.7904],[-71.38437,41.79041]],[[-71.38437,41.79041],[-71.38436,41.79041]],[[-71.38436,41.79041],[-71.38436,41.79041]],[[-71.38436,41.79041],[-71.38436,41.79041]],[[-71.38436,41.79041],[-71.38435,41.79041]],[[-71.38435,41.79041],[-71.38435,41.79042]],[[-71.38435,41.79042],[-71.38435,41.79042]],[[-71.38435,41.79042],[-71.38435,41.79042]],[[-71.38435,41.79042],[-71.38434,41.79042]],[[-71.38434,41.79042],[-71.38434,41.79043]],[[-71.38434,41.79043],[-71.38434,41.79043]],[[-71.38434,41.79043],[-71.38434,41.79043]],[[-71.38434,41.79043],[-71.38433,41.79043]],[[-71.38433,41.79043],[-71.38432,41.79044]],[[-71.38432,41.79044],[-71.38432,41.79044]],[[-71.38432,41.79044],[-71.38432,41.79044]],[[-71.38432,41.79044],[-71.38431,41.79044]],[[-71.38431,41.79044],[-71.38431,41.79044]],[[-71.38431,41.79044],[-71.38431,41.79044]],[[-71.38431,41.79044],[-71.3843,41.79045]],[[-71.3843,41.79045],[-71.3843,41.79045]],[[-71.3843,41.79045],[-71.38429,41.79045]],[[-71.38429,41.79045],[-71.38429,41.79045]],[[-71.38429,41.79045],[-71.38429,41.79045]],[[-71.38429,41.79045],[-71.38428,41.79046]],[[-71.38428,41.79046],[-71.38428,41.79046]],[[-71.38428,41.79046],[-71.38428,41.79046]],[[-71.38428,41.79046],[-71.38427,41.79046]],[[-71.38427,41.79046],[-71.38427,41.79046]],[[-71.38427,41.79046],[-71.38427,41.79047]],[[-71.38427,41.79047],[-71.38426,41.79047]],[[-71.38426,41.79047],[-71.38426,41.79047]],[[-71.38426,41.79047],[-71.38426,41.79047]],[[-71.38426,41.79047],[-71.38426,41.79048]],[[-71.38426,41.79048],[-71.38425,41.79048]],[[-71.38425,41.79048],[-71.38425,41.79048]],[[-71.38425,41.79048],[-71.38425,41.79049]],[[-71.38425,41.79049],[-71.38424,41.79049]],[[-71.38424,41.79049],[-71.38424,41.79049]],[[-71.38424,41.79049],[-71.38424,41.79049]],[[-71.38424,41.79049],[-71.38424,41.7905]],[[-71.38424,41.7905],[-71.38424,41.7905]],[[-71.38424,41.7905],[-71.38423,41.7905]],[[-71.38423,41.7905],[-71.38423,41.79051]],[[-71.38423,41.79051],[-71.38422,41.79051]],[[-71.38422,41.79051],[-71.38422,41.79052]],[[-71.38422,41.79052],[-71.38422,41.79052]],[[-71.38422,41.79052],[-71.38422,41.79052]],[[-71.38422,41.79052],[-71.38421,41.79052]],[[-71.38421,41.79052],[-71.38421,41.79053]],[[-71.38421,41.79053],[-71.3842,41.79053]],[[-71.3842,41.79053],[-71.3842,41.79053]],[[-71.3842,41.79053],[-71.3842,41.79053]],[[-71.3842,41.79053],[-71.38419,41.79053]],[[-71.38419,41.79053],[-71.38419,41.79054]],[[-71.38419,41.79054],[-71.38419,41.79054]],[[-71.38419,41.79054],[-71.38419,41.79054]],[[-71.38419,41.79054],[-71.38418,41.79054]],[[-71.38418,41.79054],[-71.38418,41.79054]],[[-71.38418,41.79054],[-71.38418,41.79055]],[[-71.38418,41.79055],[-71.38417,41.79055]],[[-71.38417,41.79055],[-71.38417,41.79055]],[[-71.38417,41.79055],[-71.38417,41.79055]],[[-71.38417,41.79055],[-71.38417,41.79055]],[[-71.38417,41.79055],[-71.38416,41.79056]],[[-71.38416,41.79056],[-71.38416,41.79056]],[[-71.38416,41.79056],[-71.38416,41.79056]],[[-71.38416,41.79056],[-71.38415,41.79057]],[[-71.38415,41.79057],[-71.38415,41.79057]],[[-71.38415,41.79057],[-71.38414,41.79057]],[[-71.38414,41.79057],[-71.38414,41.79057]],[[-71.38414,41.79057],[-71.38414,41.79057]],[[-71.38414,41.79057],[-71.38414,41.79057]],[[-71.38414,41.79057],[-71.38413,41.79058]],[[-71.38413,41.79058],[-71.38413,41.79058]],[[-71.38413,41.79058],[-71.38412,41.79058]],[[-71.38412,41.79058],[-71.38412,41.79059]],[[-71.38412,41.79059],[-71.38412,41.79059]],[[-71.38412,41.79059],[-71.38412,41.79059]],[[-71.38412,41.79059],[-71.38411,41.79059]],[[-71.38411,41.79059],[-71.38411,41.7906]],[[-71.38411,41.7906],[-71.3841,41.7906]],[[-71.3841,41.7906],[-71.3841,41.7906]],[[-71.3841,41.7906],[-71.3841,41.7906]],[[-71.3841,41.7906],[-71.38409,41.7906]],[[-71.38409,41.7906],[-71.38409,41.7906]],[[-71.38409,41.7906],[-71.38409,41.79061]],[[-71.38409,41.79061],[-71.38409,41.79061]],[[-71.38409,41.79061],[-71.38408,41.79061]],[[-71.38408,41.79061],[-71.38408,41.79061]],[[-71.38408,41.79061],[-71.38407,41.79062]],[[-71.38407,41.79062],[-71.38407,41.79062]],[[-71.38407,41.79062],[-71.38407,41.79062]],[[-71.38407,41.79062],[-71.38407,41.79062]],[[-71.38407,41.79062],[-71.38406,41.79062]],[[-71.38406,41.79062],[-71.38406,41.79063]],[[-71.38406,41.79063],[-71.38405,41.79063]],[[-71.38405,41.79063],[-71.38405,41.79063]],[[-71.38405,41.79063],[-71.38405,41.79063]],[[-71.38405,41.79063],[-71.38404,41.79064]],[[-71.38404,41.79064],[-71.38403,41.79064]],[[-71.38403,41.79064],[-71.38403,41.79064]],[[-71.38403,41.79064],[-71.38403,41.79064]],[[-71.38403,41.79064],[-71.38403,41.79064]],[[-71.38403,41.79064],[-71.38402,41.79065]],[[-71.38402,41.79065],[-71.38402,41.79065]],[[-71.38402,41.79065],[-71.38401,41.79065]],[[-71.38401,41.79065],[-71.38401,41.79065]],[[-71.38401,41.79065],[-71.38401,41.79065]],[[-71.38401,41.79065],[-71.38401,41.79066]],[[-71.38401,41.79066],[-71.384,41.79066]],[[-71.384,41.79066],[-71.384,41.79066]],[[-71.384,41.79066],[-71.38399,41.79066]],[[-71.38399,41.79066],[-71.38399,41.79066]],[[-71.38399,41.79066],[-71.38399,41.79067]],[[-71.38399,41.79067],[-71.38399,41.79067]],[[-71.38399,41.79067],[-71.38398,41.79067]],[[-71.38398,41.79067],[-71.38397,41.79068]],[[-71.38397,41.79068],[-71.38397,41.79068]],[[-71.38397,41.79068],[-71.38397,41.79068]],[[-71.38397,41.79068],[-71.38397,41.79068]],[[-71.38397,41.79068],[-71.38396,41.79068]],[[-71.38396,41.79068],[-71.38396,41.79068]],[[-71.38396,41.79068],[-71.38395,41.79069]],[[-71.38395,41.79069],[-71.38395,41.79069]],[[-71.38395,41.79069],[-71.38395,41.79069]],[[-71.38395,41.79069],[-71.38394,41.79069]],[[-71.38394,41.79069],[-71.38394,41.7907]],[[-71.38394,41.7907],[-71.38393,41.7907]],[[-71.38393,41.7907],[-71.38393,41.7907]],[[-71.38393,41.7907],[-71.38392,41.7907]],[[-71.38392,41.7907],[-71.38392,41.79071]],[[-71.38392,41.79071],[-71.38392,41.79071]],[[-71.38392,41.79071],[-71.38391,41.79071]],[[-71.38391,41.79071],[-71.38391,41.79071]],[[-71.38391,41.79071],[-71.38391,41.79071]],[[-71.38391,41.79071],[-71.3839,41.79072]],[[-71.3839,41.79072],[-71.3839,41.79072]],[[-71.3839,41.79072],[-71.3839,41.79072]],[[-71.3839,41.79072],[-71.38389,41.79072]],[[-71.38389,41.79072],[-71.38389,41.79072]],[[-71.38389,41.79072],[-71.38389,41.79072]],[[-71.38389,41.79072],[-71.38389,41.79073]],[[-71.38389,41.79073],[-71.38388,41.79073]],[[-71.38388,41.79073],[-71.38388,41.79073]],[[-71.38388,41.79073],[-71.38387,41.79073]],[[-71.38387,41.79073],[-71.38387,41.79074]],[[-71.38387,41.79074],[-71.38386,41.79074]],[[-71.38386,41.79074],[-71.38386,41.79073]],[[-71.38386,41.79073],[-71.38386,41.79073]],[[-71.38386,41.79073],[-71.38386,41.79073]],[[-71.38386,41.79073],[-71.38386,41.79072]],[[-71.38386,41.79072],[-71.38386,41.79072]],[[-71.38386,41.79072],[-71.38386,41.79072]],[[-71.38386,41.79072],[-71.38386,41.79071]],[[-71.38386,41.79071],[-71.38386,41.79071]],[[-71.38386,41.79071],[-71.38387,41.79071]],[[-71.38387,41.79071],[-71.38386,41.7907]],[[-71.38386,41.7907],[-71.38386,41.7907]],[[-71.38386,41.7907],[-71.38386,41.79069]],[[-71.38386,41.79069],[-71.38385,41.79069]],[[-71.38385,41.79069],[-71.38385,41.79068]],[[-71.38385,41.79068],[-71.38385,41.79068]],[[-71.38385,41.79068],[-71.38385,41.79067]],[[-71.38385,41.79067],[-71.38385,41.79067]],[[-71.38385,41.79067],[-71.38385,41.79067]],[[-71.38385,41.79067],[-71.38385,41.79067]],[[-71.38385,41.79067],[-71.38385,41.79066]],[[-71.38385,41.79066],[-71.38385,41.79066]],[[-71.38385,41.79066],[-71.38385,41.79066]],[[-71.38385,41.79066],[-71.38385,41.79065]],[[-71.38385,41.79065],[-71.38385,41.79065]],[[-71.38385,41.79065],[-71.38386,41.79065]],[[-71.38386,41.79065],[-71.38386,41.79065]],[[-71.38386,41.79065],[-71.38386,41.79065]],[[-71.38386,41.79065],[-71.38386,41.79064]],[[-71.38386,41.79064],[-71.38386,41.79064]],[[-71.38386,41.79064],[-71.38387,41.79063]],[[-71.38387,41.79063],[-71.38387,41.79063]],[[-71.38387,41.79063],[-71.38387,41.79063]],[[-71.38387,41.79063],[-71.38387,41.79062]],[[-71.38387,41.79062],[-71.38387,41.79062]],[[-71.38387,41.79062],[-71.38388,41.79062]],[[-71.38388,41.79062],[-71.38388,41.79062]],[[-71.38388,41.79062],[-71.38388,41.79061]],[[-71.38388,41.79061],[-71.38388,41.79061]],[[-71.38388,41.79061],[-71.38389,41.79061]],[[-71.38389,41.79061],[-71.38389,41.7906]],[[-71.38389,41.7906],[-71.38389,41.7906]],[[-71.38389,41.7906],[-71.38389,41.7906]],[[-71.38389,41.7906],[-71.38389,41.7906]],[[-71.38389,41.7906],[-71.3839,41.79059]],[[-71.3839,41.79059],[-71.3839,41.79059]],[[-71.3839,41.79059],[-71.3839,41.79059]],[[-71.3839,41.79059],[-71.3839,41.79059]],[[-71.3839,41.79059],[-71.38391,41.79058]],[[-71.38391,41.79058],[-71.38391,41.79058]],[[-71.38391,41.79058],[-71.38391,41.79058]],[[-71.38391,41.79058],[-71.38391,41.79058]],[[-71.38391,41.79058],[-71.38392,41.79057]],[[-71.38392,41.79057],[-71.38392,41.79057]],[[-71.38392,41.79057],[-71.38392,41.79057]],[[-71.38392,41.79057],[-71.38393,41.79056]],[[-71.38393,41.79056],[-71.38393,41.79056]],[[-71.38393,41.79056],[-71.38393,41.79056]],[[-71.38393,41.79056],[-71.38393,41.79056]],[[-71.38393,41.79056],[-71.38394,41.79055]],[[-71.38394,41.79055],[-71.38394,41.79055]],[[-71.38394,41.79055],[-71.38395,41.79055]],[[-71.38395,41.79055],[-71.38395,41.79055]],[[-71.38395,41.79055],[-71.38395,41.79054]],[[-71.38395,41.79054],[-71.38395,41.79054]],[[-71.38395,41.79054],[-71.38396,41.79054]],[[-71.38396,41.79054],[-71.38396,41.79054]],[[-71.38396,41.79054],[-71.38397,41.79054]],[[-71.38397,41.79054],[-71.38397,41.79053]],[[-71.38397,41.79053],[-71.38397,41.79053]],[[-71.38397,41.79053],[-71.38398,41.79053]],[[-71.38398,41.79053],[-71.38398,41.79053]],[[-71.38398,41.79053],[-71.38399,41.79053]],[[-71.38399,41.79053],[-71.38399,41.79053]],[[-71.38399,41.79053],[-71.384,41.79053]],[[-71.384,41.79053],[-71.38401,41.79052]],[[-71.38401,41.79052],[-71.38401,41.79052]],[[-71.38401,41.79052],[-71.38402,41.79052]],[[-71.38402,41.79052],[-71.38402,41.79052]],[[-71.38402,41.79052],[-71.38402,41.79052]],[[-71.38402,41.79052],[-71.38403,41.79052]],[[-71.38403,41.79052],[-71.38403,41.79052]],[[-71.38403,41.79052],[-71.38404,41.79052]],[[-71.38404,41.79052],[-71.38404,41.79052]],[[-71.38404,41.79052],[-71.38405,41.79052]],[[-71.38405,41.79052],[-71.38405,41.79052]],[[-71.38405,41.79052],[-71.38405,41.79052]],[[-71.38405,41.79052],[-71.38406,41.79052]],[[-71.38406,41.79052],[-71.38406,41.79052]],[[-71.38406,41.79052],[-71.38407,41.79052]],[[-71.38407,41.79052],[-71.38407,41.79052]],[[-71.38407,41.79052],[-71.38407,41.79052]],[[-71.38407,41.79052],[-71.38408,41.79052]],[[-71.38408,41.79052],[-71.38408,41.79052]],[[-71.38408,41.79052],[-71.38408,41.79052]],[[-71.38408,41.79052],[-71.38409,41.79052]],[[-71.38409,41.79052],[-71.3841,41.79052]],[[-71.3841,41.79052],[-71.3841,41.79051]],[[-71.3841,41.79051],[-71.38411,41.79051]],[[-71.38411,41.79051],[-71.38411,41.79051]],[[-71.38411,41.79051],[-71.38412,41.79051]],[[-71.38412,41.79051],[-71.38412,41.79051]],[[-71.38412,41.79051],[-71.38412,41.79051]],[[-71.38412,41.79051],[-71.38412,41.7905]],[[-71.38412,41.7905],[-71.38413,41.7905]],[[-71.38413,41.7905],[-71.38413,41.7905]],[[-71.38413,41.7905],[-71.38413,41.79049]],[[-71.38413,41.79049],[-71.38413,41.79049]],[[-71.38413,41.79049],[-71.38414,41.79049]],[[-71.38414,41.79049],[-71.38414,41.79049]],[[-71.38414,41.79049],[-71.38414,41.79048]],[[-71.38414,41.79048],[-71.38414,41.79048]],[[-71.38414,41.79048],[-71.38414,41.79047]],[[-71.38414,41.79047],[-71.38414,41.79047]],[[-71.38414,41.79047],[-71.38414,41.79047]],[[-71.38414,41.79047],[-71.38414,41.79047]],[[-71.38414,41.79047],[-71.38414,41.79046]],[[-71.38414,41.79046],[-71.38414,41.79046]],[[-71.38414,41.79046],[-71.38415,41.79046]],[[-71.38415,41.79046],[-71.38415,41.79045]],[[-71.38415,41.79045],[-71.38415,41.79045]],[[-71.38415,41.79045],[-71.38415,41.79044]],[[-71.38415,41.79044],[-71.38415,41.79044]],[[-71.38415,41.79044],[-71.38415,41.79044]],[[-71.38415,41.79044],[-71.38415,41.79044]],[[-71.38415,41.79044],[-71.38416,41.79043]],[[-71.38416,41.79043],[-71.38416,41.79043]],[[-71.38416,41.79043],[-71.38416,41.79043]],[[-71.38416,41.79043],[-71.38416,41.79042]],[[-71.38416,41.79042],[-71.38416,41.79042]],[[-71.38416,41.79042],[-71.38416,41.79042]],[[-71.38416,41.79042],[-71.38416,41.79041]],[[-71.38416,41.79041],[-71.38416,41.79041]],[[-71.38416,41.79041],[-71.38417,41.79041]],[[-71.38417,41.79041],[-71.38417,41.79041]],[[-71.38417,41.79041],[-71.38417,41.79041]],[[-71.38417,41.79041],[-71.38417,41.7904]],[[-71.38417,41.7904],[-71.38417,41.7904]],[[-71.38417,41.7904],[-71.38417,41.7904]],[[-71.38417,41.7904],[-71.38418,41.79039]],[[-71.38418,41.79039],[-71.38418,41.79039]],[[-71.38418,41.79039],[-71.38418,41.79039]],[[-71.38418,41.79039],[-71.38418,41.79039]],[[-71.38418,41.79039],[-71.38419,41.79038]],[[-71.38419,41.79038],[-71.38419,41.79038]],[[-71.38419,41.79038],[-71.38419,41.79038]],[[-71.38419,41.79038],[-71.38419,41.79038]],[[-71.38419,41.79038],[-71.3842,41.79037]],[[-71.3842,41.79037],[-71.3842,41.79037]],[[-71.3842,41.79037],[-71.3842,41.79037]],[[-71.3842,41.79037],[-71.38421,41.79037]],[[-71.38421,41.79037],[-71.38421,41.79036]],[[-71.38421,41.79036],[-71.38421,41.79036]],[[-71.38421,41.79036],[-71.38422,41.79036]],[[-71.38422,41.79036],[-71.38422,41.79036]],[[-71.38422,41.79036],[-71.38422,41.79035]],[[-71.38422,41.79035],[-71.38422,41.79035]],[[-71.38422,41.79035],[-71.38423,41.79035]],[[-71.38423,41.79035],[-71.38423,41.79035]],[[-71.38423,41.79035],[-71.38423,41.79035]],[[-71.38423,41.79035],[-71.38424,41.79034]],[[-71.38424,41.79034],[-71.38424,41.79034]],[[-71.38424,41.79034],[-71.38424,41.79034]],[[-71.38424,41.79034],[-71.38425,41.79034]],[[-71.38425,41.79034],[-71.38425,41.79033]],[[-71.38425,41.79033],[-71.38425,41.79033]],[[-71.38425,41.79033],[-71.38425,41.79033]],[[-71.38425,41.79033],[-71.38426,41.79033]],[[-71.38426,41.79033],[-71.38426,41.79033]],[[-71.38426,41.79033],[-71.38426,41.79032]],[[-71.38426,41.79032],[-71.38427,41.79032]],[[-71.38427,41.79032],[-71.38427,41.79032]],[[-71.38427,41.79032],[-71.38427,41.79032]],[[-71.38427,41.79032],[-71.38428,41.79032]],[[-71.38428,41.79032],[-71.38428,41.79031]],[[-71.38428,41.79031],[-71.38429,41.79031]],[[-71.38429,41.79031],[-71.3843,41.79031]],[[-71.3843,41.79031],[-71.3843,41.7903]],[[-71.3843,41.7903],[-71.3843,41.7903]],[[-71.3843,41.7903],[-71.38431,41.7903]],[[-71.38431,41.7903],[-71.38431,41.7903]],[[-71.38431,41.7903],[-71.38431,41.7903]],[[-71.38431,41.7903],[-71.38432,41.7903]],[[-71.38432,41.7903],[-71.38432,41.79029]],[[-71.38432,41.79029],[-71.38432,41.79029]],[[-71.38432,41.79029],[-71.38433,41.79029]],[[-71.38433,41.79029],[-71.38434,41.79029]],[[-71.38434,41.79029],[-71.38434,41.79029]],[[-71.38434,41.79029],[-71.38434,41.79028]],[[-71.38434,41.79028],[-71.38435,41.79028]],[[-71.38435,41.79028],[-71.38435,41.79028]],[[-71.38435,41.79028],[-71.38435,41.79028]],[[-71.38435,41.79028],[-71.38435,41.79028]],[[-71.38435,41.79028],[-71.38436,41.79028]],[[-71.38436,41.79028],[-71.38436,41.79028]],[[-71.38436,41.79028],[-71.38437,41.79027]],[[-71.38437,41.79027],[-71.38437,41.79027]],[[-71.38437,41.79027],[-71.38438,41.79027]],[[-71.38438,41.79027],[-71.38438,41.79027]],[[-71.41576,41.82497],[-71.41572,41.82504],[-71.41583,41.82505],[-71.41583,41.825],[-71.41576,41.82497]],[[-71.40449,41.81771],[-71.40464,41.81775],[-71.40469,41.81771],[-71.40458,41.81757],[-71.40459,41.81747],[-71.40454,41.81746]],[[-71.40454,41.81746],[-71.40444,41.81757]],[[-71.42226,41.82921],[-71.42246,41.82923],[-71.42267,41.82932],[-71.42294,41.8293],[-71.42296,41.82944],[-71.42286,41.82953],[-71.42304,41.82975],[-71.42277,41.82982],[-71.42257,41.82965],[-71.42235,41.82957],[-71.42216,41.82936],[-71.42218,41.82926],[-71.42226,41.82921]],[[-71.42349,41.8285],[-71.42351,41.82851],[-71.42352,41.82853],[-71.42348,41.82853],[-71.42349,41.8285]],[[-71.38526,41.82491],[-71.38521,41.82496],[-71.38522,41.82505],[-71.38536,41.82504],[-71.38538,41.82494],[-71.38526,41.82491]],[[-71.38889,41.79079],[-71.38893,41.7908],[-71.38891,41.79084],[-71.38887,41.79082],[-71.38889,41.79079]],[[-71.40911,41.82542],[-71.40909,41.82547],[-71.40917,41.82548],[-71.40916,41.82544],[-71.40911,41.82542]],[[-71.37826,41.79708],[-71.37845,41.79716],[-71.37853,41.79715],[-71.3785,41.79712],[-71.37826,41.79708]],[[-71.39433,41.79686],[-71.39435,41.79687],[-71.3943,41.79691],[-71.3943,41.79689],[-71.39433,41.79686]],[[-71.38497,41.81819],[-71.38488,41.81823],[-71.38538,41.81824],[-71.38507,41.81822],[-71.38497,41.81819]],[[-71.40236,41.81193],[-71.40235,41.81193],[-71.4024,41.81193],[-71.40238,41.81193],[-71.40236,41.81193]],[[-71.41229,41.82327],[-71.41214,41.82336],[-71.4121,41.82347],[-71.41261,41.82351],[-71.41251,41.82338],[-71.41229,41.82327]],[[-71.39788,41.80087],[-71.39816,41.80111],[-71.39818,41.80126],[-71.39814,41.80132],[-71.39777,41.80141],[-71.39748,41.8016],[-71.39736,41.80163],[-71.39725,41.80154],[-71.39719,41.8011],[-71.39717,41.80125]],[[-71.39717,41.80125],[-71.3972,41.80156],[-71.39736,41.80166],[-71.3975,41.80164],[-71.39783,41.80145],[-71.39832,41.80142],[-71.39826,41.80112],[-71.39801,41.80091],[-71.39788,41.80087]],[[-71.4359,41.82566],[-71.43597,41.82566],[-71.436,41.82568],[-71.43589,41.82573],[-71.43586,41.8257],[-71.4359,41.82566]],[[-71.40962,41.8267],[-71.40962,41.82671],[-71.40963,41.82673],[-71.40966,41.82674],[-71.40962,41.8267]],[[-71.40261,41.81919],[-71.40277,41.8193],[-71.40279,41.81932],[-71.40267,41.81928],[-71.40261,41.81919]],[[-71.37788,41.79561],[-71.37793,41.79565],[-71.378,41.79565],[-71.37794,41.79562],[-71.37788,41.79561]],[[-71.38837,41.80974],[-71.38848,41.80979],[-71.38866,41.81013],[-71.38826,41.81028],[-71.38805,41.81011],[-71.38832,41.81015],[-71.38837,41.80974]],[[-71.3945,41.79667],[-71.39462,41.79674],[-71.39459,41.79688],[-71.39441,41.79683],[-71.39443,41.79672],[-71.3945,41.79667]],[[-71.43207,41.82777],[-71.43208,41.82779],[-71.43212,41.82777],[-71.43211,41.82776],[-71.43207,41.82777]],[[-71.42795,41.82924],[-71.42801,41.82925],[-71.42802,41.8293],[-71.42796,41.8293],[-71.42795,41.82924]],[[-71.39729,41.79802],[-71.39732,41.79803],[-71.39728,41.79805],[-71.39728,41.79803],[-71.39729,41.79802]],[[-71.40815,41.82551],[-71.40823,41.82551],[-71.40825,41.82554],[-71.40811,41.82558],[-71.40815,41.82551]],[[-71.40919,41.82536],[-71.40918,41.82537],[-71.40923,41.82537],[-71.40923,41.82536],[-71.40919,41.82536]],[[-71.39605,41.79834],[-71.39597,41.79839],[-71.39596,41.79845],[-71.3961,41.79842],[-71.3961,41.79836],[-71.39605,41.79834]],[[-71.43235,41.82678],[-71.43251,41.82684],[-71.43258,41.82712],[-71.43251,41.82718],[-71.43221,41.82719],[-71.43218,41.82714],[-71.43234,41.82703],[-71.43228,41.82684],[-71.43235,41.82678]],[[-71.41894,41.82785],[-71.41893,41.82786]],[[-71.41893,41.82786],[-71.41893,41.82786]],[[-71.41893,41.82786],[-71.41894,41.82786]],[[-71.41894,41.82786],[-71.41894,41.82786]],[[-71.41894,41.82786],[-71.41894,41.82786]],[[-71.41894,41.82786],[-71.41894,41.82787]],[[-71.41894,41.82787],[-71.41895,41.82787]],[[-71.41895,41.82787],[-71.41895,41.82787]],[[-71.41895,41.82787],[-71.41895,41.82787]],[[-71.41895,41.82787],[-71.41896,41.82787]],[[-71.41896,41.82787],[-71.41896,41.82787]],[[-71.41896,41.82787],[-71.41896,41.82787]],[[-71.41896,41.82787],[-71.41896,41.82787]],[[-71.41896,41.82787],[-71.41897,41.82788]],[[-71.41897,41.82788],[-71.41897,41.82788]],[[-71.41897,41.82788],[-71.41898,41.82788]],[[-71.41898,41.82788],[-71.41898,41.82788]],[[-71.41898,41.82788],[-71.41899,41.82788]],[[-71.41899,41.82788],[-71.41899,41.82788]],[[-71.41899,41.82788],[-71.419,41.82788]],[[-71.419,41.82788],[-71.419,41.82789]],[[-71.419,41.82789],[-71.41901,41.82789]],[[-71.41901,41.82789],[-71.41901,41.82789]],[[-71.41901,41.82789],[-71.41901,41.82789]],[[-71.41901,41.82789],[-71.41902,41.82789]],[[-71.41902,41.82789],[-71.41902,41.82789]],[[-71.41902,41.82789],[-71.41902,41.82789]],[[-71.41902,41.82789],[-71.41902,41.82789]],[[-71.41902,41.82789],[-71.41903,41.82789]],[[-71.41903,41.82789],[-71.41903,41.82789]],[[-71.41903,41.82789],[-71.41904,41.82789]],[[-71.41904,41.82789],[-71.41904,41.8279]],[[-71.41904,41.8279],[-71.41904,41.8279]],[[-71.41904,41.8279],[-71.41905,41.8279]],[[-71.41905,41.8279],[-71.41905,41.8279]],[[-71.41905,41.8279],[-71.41906,41.8279]],[[-71.41906,41.8279],[-71.41906,41.8279]],[[-71.41906,41.8279],[-71.41906,41.8279]],[[-71.41906,41.8279],[-71.41907,41.8279]],[[-71.41907,41.8279],[-71.41907,41.8279]],[[-71.41907,41.8279],[-71.41908,41.8279]],[[-71.41908,41.8279],[-71.41908,41.8279]],[[-71.41908,41.8279],[-71.41908,41.8279]],[[-71.41908,41.8279],[-71.41909,41.82789]],[[-71.41909,41.82789],[-71.41909,41.82789]],[[-71.41909,41.82789],[-71.41909,41.82789]],[[-71.41909,41.82789],[-71.4191,41.82789]],[[-71.4191,41.82789],[-71.4191,41.82789]],[[-71.4191,41.82789],[-71.41911,41.82789]],[[-71.41911,41.82789],[-71.41911,41.82789]],[[-71.41911,41.82789],[-71.41912,41.82789]],[[-71.41912,41.82789],[-71.41912,41.82789]],[[-71.41912,41.82789],[-71.41912,41.82789]],[[-71.41912,41.82789],[-71.41912,41.82789]],[[-71.41912,41.82789],[-71.41912,41.82789]],[[-71.41912,41.82789],[-71.41911,41.82789]],[[-71.41911,41.82789],[-71.41911,41.82789]],[[-71.41911,41.82789],[-71.4191,41.82788]],[[-71.4191,41.82788],[-71.4191,41.82788]],[[-71.4191,41.82788],[-71.41909,41.82788]],[[-71.41909,41.82788],[-71.41909,41.82788]],[[-71.41909,41.82788],[-71.41909,41.82788]],[[-71.41909,41.82788],[-71.41909,41.82788]],[[-71.41909,41.82788],[-71.41908,41.82788]],[[-71.41908,41.82788],[-71.41908,41.82788]],[[-71.41908,41.82788],[-71.41908,41.82787]],[[-71.41908,41.82787],[-71.41907,41.82787]],[[-71.41907,41.82787],[-71.41907,41.82787]],[[-71.41907,41.82787],[-71.41906,41.82787]],[[-71.41906,41.82787],[-71.41906,41.82787]],[[-71.41906,41.82787],[-71.41906,41.82787]],[[-71.41906,41.82787],[-71.41905,41.82787]],[[-71.41905,41.82787],[-71.41904,41.82787]],[[-71.41904,41.82787],[-71.41904,41.82786]],[[-71.41904,41.82786],[-71.41903,41.82786]],[[-71.41903,41.82786],[-71.41903,41.82786]],[[-71.41903,41.82786],[-71.41903,41.82786]],[[-71.41903,41.82786],[-71.41902,41.82786]],[[-71.41902,41.82786],[-71.41902,41.82786]],[[-71.41902,41.82786],[-71.41901,41.82786]],[[-71.41901,41.82786],[-71.41901,41.82786]],[[-71.41901,41.82786],[-71.41901,41.82786]],[[-71.41901,41.82786],[-71.419,41.82786]],[[-71.419,41.82786],[-71.419,41.82786]],[[-71.419,41.82786],[-71.41899,41.82786]],[[-71.41899,41.82786],[-71.41898,41.82785]],[[-71.41898,41.82785],[-71.41898,41.82785]],[[-71.41898,41.82785],[-71.41898,41.82785]],[[-71.41898,41.82785],[-71.41897,41.82785]],[[-71.41897,41.82785],[-71.41897,41.82785]],[[-71.41897,41.82785],[-71.41896,41.82785]],[[-71.41896,41.82785],[-71.41896,41.82785]],[[-71.41896,41.82785],[-71.41895,41.82785]],[[-71.41895,41.82785],[-71.41895,41.82785]],[[-71.41895,41.82785],[-71.41894,41.82785]],[[-71.41894,41.82785],[-71.41894,41.82785]],[[-71.41894,41.82785],[-71.41894,41.82785]],[[-71.4213,41.83026],[-71.42132,41.83027],[-71.42128,41.8303],[-71.42128,41.83028],[-71.4213,41.83026]],[[-71.38616,41.79106],[-71.38619,41.79108],[-71.38605,41.79115],[-71.38614,41.79107],[-71.38616,41.79106]],[[-71.40003,41.79693],[-71.4001,41.79695],[-71.40021,41.79721],[-71.40014,41.79722],[-71.40011,41.79709],[-71.39997,41.79704],[-71.39988,41.7971],[-71.39982,41.79727],[-71.39973,41.79702],[-71.40003,41.79693]],[[-71.38241,41.82162],[-71.38256,41.82212],[-71.38268,41.82236],[-71.38302,41.82282],[-71.38343,41.82322],[-71.3828,41.82323]],[[-71.3828,41.82323],[-71.3825,41.82325],[-71.38234,41.82321],[-71.3822,41.82293],[-71.38206,41.82277],[-71.3818,41.82268],[-71.38191,41.82231],[-71.38223,41.82217],[-71.38241,41.82162]],[[-71.40044,41.79591],[-71.40082,41.79601],[-71.40103,41.79611],[-71.40093,41.79613],[-71.40084,41.79628],[-71.40068,41.79638],[-71.40072,41.79643],[-71.40088,41.79645],[-71.40109,41.79633],[-71.4013,41.79632],[-71.4013,41.7964],[-71.40125,41.79644],[-71.40084,41.79656]],[[-71.40084,41.79656],[-71.40012,41.79681],[-71.40001,41.79676],[-71.39993,41.79651],[-71.40019,41.79645],[-71.40033,41.79649],[-71.40051,41.79633],[-71.40039,41.79597],[-71.40044,41.79591]],[[-71.38449,41.79031],[-71.3845,41.7903],[-71.3845,41.79032],[-71.38448,41.79032],[-71.38449,41.79031]],[[-71.41571,41.82537],[-71.41571,41.82542],[-71.41579,41.82541],[-71.41575,41.82538],[-71.41571,41.82537]],[[-71.40122,41.79657],[-71.40128,41.79659],[-71.40143,41.79691],[-71.40107,41.79701],[-71.40088,41.7967],[-71.40122,41.79657]],[[-71.39417,41.81775],[-71.39416,41.81775],[-71.39419,41.81775],[-71.39418,41.81775],[-71.39417,41.81775]],[[-71.43495,41.82773],[-71.43501,41.82773],[-71.43503,41.82775],[-71.43491,41.82778],[-71.43495,41.82773]],[[-71.40182,41.79673],[-71.40184,41.79676],[-71.40178,41.79678],[-71.40179,41.79676],[-71.40182,41.79673]],[[-71.4005,41.80325],[-71.40044,41.8033],[-71.40046,41.80335],[-71.40058,41.80329],[-71.4005,41.80325]],[[-71.40817,41.82404],[-71.40812,41.82412],[-71.40818,41.82436],[-71.40837,41.82459],[-71.40825,41.82406],[-71.40817,41.82404]],[[-71.40367,41.82031],[-71.40369,41.82033],[-71.40367,41.82035],[-71.40365,41.82033],[-71.40367,41.82031]],[[-71.41148,41.83179],[-71.41153,41.83179],[-71.41155,41.83187],[-71.41147,41.83257],[-71.41152,41.83275],[-71.41143,41.83306],[-71.41133,41.83313],[-71.41127,41.83303],[-71.41128,41.8327],[-71.4114,41.83188],[-71.41148,41.83179]],[[-71.4355,41.82653],[-71.43547,41.82653],[-71.43544,41.82655],[-71.43554,41.82653],[-71.4355,41.82653]],[[-71.40265,41.81834],[-71.40263,41.8184],[-71.40274,41.81844],[-71.40275,41.81836],[-71.40265,41.81834]],[[-71.43298,41.82918],[-71.43306,41.82919],[-71.43289,41.82939],[-71.4325,41.82957],[-71.43233,41.8296],[-71.43234,41.82954],[-71.43261,41.82932],[-71.43298,41.82918]],[[-71.38936,41.79319],[-71.38954,41.7932],[-71.38966,41.7933],[-71.38966,41.79344],[-71.38956,41.79354],[-71.38934,41.79356],[-71.38917,41.79344],[-71.38918,41.79329],[-71.38936,41.79319]],[[-71.39435,41.79686],[-71.39435,41.79686],[-71.39435,41.79686],[-71.39434,41.79686],[-71.39435,41.79686]],[[-71.39083,41.81444],[-71.39073,41.81454],[-71.39082,41.81461],[-71.39088,41.81454],[-71.39087,41.81445],[-71.39083,41.81444]],[[-71.41046,41.82001],[-71.41042,41.82006],[-71.4106,41.82017],[-71.41048,41.82038],[-71.41061,41.82026],[-71.41084,41.82022],[-71.41074,41.82011],[-71.41046,41.82001]],[[-71.40255,41.81913],[-71.40257,41.81913],[-71.40258,41.81915],[-71.40257,41.81915],[-71.40255,41.81913]],[[-71.39412,41.81777],[-71.39411,41.81777],[-71.39409,41.81778],[-71.39414,41.81778],[-71.39412,41.81777]],[[-71.40307,41.81221],[-71.40306,41.81223],[-71.40308,41.81224],[-71.40309,41.81222],[-71.40307,41.81221]],[[-71.38836,41.81713],[-71.38828,41.81717],[-71.3883,41.81725],[-71.38839,41.81725],[-71.38846,41.81719],[-71.38845,41.81714],[-71.38836,41.81713]],[[-71.40702,41.82082],[-71.40703,41.82084],[-71.4071,41.82085],[-71.40707,41.82082],[-71.40702,41.82082]],[[-71.38378,41.79251],[-71.38355,41.79252],[-71.38327,41.79261],[-71.38316,41.79266],[-71.38315,41.79271],[-71.38328,41.79287],[-71.38395,41.79341],[-71.38436,41.79362],[-71.38437,41.79351],[-71.38418,41.79299],[-71.38394,41.79256],[-71.38378,41.79251]],[[-71.37919,41.82578],[-71.3792,41.82582],[-71.37913,41.82594],[-71.37907,41.82601],[-71.37906,41.82601],[-71.37919,41.82578]],[[-71.39229,41.79873],[-71.39291,41.79915],[-71.39351,41.79967],[-71.39346,41.79977],[-71.39307,41.79999],[-71.39289,41.79998]],[[-71.39289,41.79998],[-71.39257,41.7999],[-71.39166,41.79917],[-71.39192,41.79895],[-71.39229,41.79873]],[[-71.3854,41.79151],[-71.38566,41.79168],[-71.38577,41.79183],[-71.38578,41.79186],[-71.38566,41.79196],[-71.38557,41.79179],[-71.3854,41.79161],[-71.3854,41.79151]],[[-71.37836,41.80137],[-71.37812,41.80155],[-71.37813,41.80159],[-71.37853,41.80181],[-71.37896,41.80192],[-71.37937,41.80194],[-71.37915,41.80172],[-71.3787,41.80148],[-71.37836,41.80137]],[[-71.38618,41.81635],[-71.38633,41.81638],[-71.38609,41.81656],[-71.38604,41.81647],[-71.38618,41.81635]],[[-71.39666,41.79499],[-71.39703,41.79499],[-71.39734,41.79506],[-71.39723,41.79516],[-71.39743,41.79526],[-71.39738,41.79545],[-71.3973,41.79547],[-71.39708,41.79538],[-71.39702,41.7952],[-71.39691,41.79512],[-71.39676,41.79514],[-71.39664,41.79528],[-71.39661,41.79506],[-71.39666,41.79499]],[[-71.406,41.81641],[-71.40564,41.81654],[-71.40561,41.81662],[-71.40583,41.81658],[-71.4061,41.81645],[-71.406,41.81641]],[[-71.40525,41.81448],[-71.40526,41.81449],[-71.40525,41.81451],[-71.40524,41.81449],[-71.40525,41.81448]],[[-71.39728,41.79943],[-71.3973,41.79947],[-71.39735,41.79946],[-71.39733,41.79944],[-71.39728,41.79943]],[[-71.39847,41.80135],[-71.39846,41.80135],[-71.39846,41.80135],[-71.39847,41.80135],[-71.39847,41.80135]],[[-71.39018,41.78984],[-71.39045,41.78986],[-71.3905,41.78992],[-71.39035,41.7899],[-71.39024,41.79003],[-71.3896,41.7901],[-71.39018,41.78984]],[[-71.38903,41.79411],[-71.38905,41.79412],[-71.38905,41.79414],[-71.38903,41.79413],[-71.38903,41.79411]],[[-71.4054,41.81427],[-71.40546,41.81428],[-71.40547,41.81429],[-71.40538,41.8143],[-71.4054,41.81427]],[[-71.39355,41.79836],[-71.39358,41.79839],[-71.39354,41.79861],[-71.39339,41.79865],[-71.39334,41.79855],[-71.39355,41.79836]],[[-71.37501,41.79226],[-71.375,41.79227]],[[-71.375,41.79246],[-71.37508,41.79269],[-71.37513,41.79255],[-71.37505,41.79228],[-71.37501,41.79226]],[[-71.39075,41.79052],[-71.39082,41.79057],[-71.3908,41.79069],[-71.39058,41.79077],[-71.39043,41.7909],[-71.39019,41.79085],[-71.39069,41.79064],[-71.39075,41.79052]],[[-71.38283,41.79184],[-71.38271,41.79196],[-71.38275,41.79216],[-71.38302,41.79251],[-71.38324,41.79256],[-71.38325,41.79234],[-71.38335,41.79204],[-71.38318,41.79192],[-71.38283,41.79184]],[[-71.39968,41.79649],[-71.39975,41.79654],[-71.3997,41.7966],[-71.39965,41.79653],[-71.39968,41.79649]],[[-71.38945,41.7957],[-71.38961,41.79571],[-71.38973,41.79579],[-71.38976,41.7959],[-71.3897,41.79601],[-71.38947,41.79607],[-71.38928,41.79596],[-71.38925,41.79589],[-71.38928,41.79579],[-71.38945,41.7957]],[[-71.3964,41.79831],[-71.39637,41.79833],[-71.39638,41.79835],[-71.39643,41.79833],[-71.3964,41.79831]],[[-71.4,41.79588],[-71.40014,41.7959],[-71.40024,41.79599],[-71.40031,41.79619],[-71.40025,41.79631],[-71.39989,41.7964],[-71.3997,41.79594],[-71.4,41.79588]],[[-71.39052,41.79015],[-71.39066,41.7902],[-71.39074,41.79041],[-71.39069,41.79034],[-71.39054,41.79029],[-71.39011,41.79044],[-71.39006,41.79052],[-71.38991,41.79051],[-71.38984,41.79046],[-71.38985,41.79041],[-71.38995,41.79035],[-71.39052,41.79015]],[[-71.38396,41.79109],[-71.38423,41.79136],[-71.38443,41.79144],[-71.38469,41.79145],[-71.38443,41.79154],[-71.38425,41.79178],[-71.38403,41.79188],[-71.38361,41.79135],[-71.38379,41.79115],[-71.38396,41.79109]],[[-71.38843,41.7907],[-71.38847,41.79072],[-71.3885,41.79076],[-71.3884,41.79075],[-71.38843,41.7907]],[[-71.38922,41.79091],[-71.3893,41.79094],[-71.3893,41.79105],[-71.38919,41.79102],[-71.38922,41.79091]],[[-71.39066,41.78923],[-71.39079,41.7897],[-71.39097,41.78983],[-71.39093,41.78989],[-71.39106,41.79015],[-71.39106,41.79033],[-71.39095,41.79029],[-71.3906,41.78976],[-71.39055,41.7896],[-71.39027,41.78927],[-71.39031,41.78944],[-71.39017,41.78931],[-71.39019,41.78941],[-71.38996,41.7896]],[[-71.38996,41.7896],[-71.38914,41.78981],[-71.38921,41.78994],[-71.38937,41.79005],[-71.3896,41.79044],[-71.38987,41.79104],[-71.38973,41.79106],[-71.38948,41.79092],[-71.38924,41.79085],[-71.38915,41.79071],[-71.38904,41.79066],[-71.38905,41.79058],[-71.38899,41.79052],[-71.389,41.79061],[-71.38891,41.79071]],[[-71.38891,41.79071],[-71.38881,41.79072],[-71.38832,41.79036],[-71.38809,41.79013],[-71.38787,41.7901],[-71.38787,41.79016],[-71.388,41.79022],[-71.38816,41.79042],[-71.38816,41.7905],[-71.38809,41.79048],[-71.38649,41.7892]],[[-71.38484,41.7895],[-71.38506,41.78966],[-71.38525,41.78966],[-71.38546,41.78958],[-71.38547,41.78963],[-71.38555,41.78965],[-71.38557,41.78986],[-71.38536,41.78995],[-71.38519,41.79015],[-71.38493,41.79008],[-71.3847,41.79016],[-71.38476,41.78999],[-71.38434,41.7899],[-71.38419,41.78976],[-71.38411,41.78956],[-71.38404,41.78951],[-71.38396,41.78955],[-71.384,41.78982],[-71.38377,41.78997]],[[-71.38377,41.78997],[-71.38343,41.79002],[-71.38311,41.79022],[-71.38273,41.79038],[-71.38263,41.79047],[-71.38263,41.79056],[-71.38245,41.79059],[-71.38237,41.79068],[-71.38281,41.79109],[-71.38305,41.79119],[-71.38344,41.79091],[-71.38358,41.79092],[-71.38318,41.79125],[-71.3833,41.79145]],[[-71.3833,41.79145],[-71.38392,41.79221],[-71.3841,41.79227],[-71.38421,41.79252],[-71.38415,41.79259],[-71.38416,41.79268],[-71.38433,41.79295],[-71.38452,41.79295],[-71.38468,41.79278],[-71.3853,41.79239],[-71.38583,41.79196]],[[-71.38583,41.79196],[-71.38581,41.79182],[-71.38607,41.7919],[-71.38614,41.79181],[-71.38622,41.79181],[-71.38609,41.79193],[-71.38611,41.79207],[-71.38596,41.7922],[-71.38591,41.79237],[-71.38553,41.79258],[-71.38531,41.79285],[-71.38489,41.79317],[-71.38476,41.79344],[-71.38481,41.79354],[-71.38498,41.79357],[-71.38514,41.79385],[-71.38534,41.7939]],[[-71.38534,41.7939],[-71.38571,41.79377],[-71.38615,41.7939],[-71.3866,41.79391],[-71.38678,41.79405],[-71.38673,41.79417],[-71.38682,41.79417],[-71.38667,41.79435],[-71.38681,41.79463],[-71.3879,41.79555],[-71.38797,41.79571]],[[-71.38797,41.79571],[-71.38819,41.79598],[-71.38838,41.79608],[-71.38952,41.79628],[-71.38899,41.79631],[-71.38886,41.79668],[-71.38937,41.79721],[-71.38969,41.79728],[-71.38987,41.79748]],[[-71.38987,41.79748],[-71.38995,41.79753],[-71.38992,41.79763],[-71.39007,41.79763],[-71.39018,41.79772],[-71.39002,41.79798],[-71.39013,41.7981],[-71.39035,41.79822],[-71.39033,41.79827],[-71.39008,41.79827],[-71.39008,41.79833],[-71.39042,41.7986],[-71.39049,41.79853],[-71.39051,41.79835],[-71.39083,41.79837],[-71.39105,41.79854],[-71.3908,41.79882],[-71.39095,41.79895],[-71.3913,41.79893]],[[-71.3913,41.79893],[-71.39139,41.799],[-71.39129,41.79912],[-71.39131,41.79919],[-71.39217,41.79991],[-71.39244,41.80008],[-71.39275,41.80019],[-71.39282,41.80026],[-71.3928,41.80036],[-71.39287,41.80041],[-71.39304,41.8004],[-71.39319,41.80033],[-71.39396,41.79979],[-71.39398,41.7997],[-71.3939,41.79962]],[[-71.3939,41.79962],[-71.39379,41.79952],[-71.39402,41.79946],[-71.3942,41.79955],[-71.39451,41.79938],[-71.39478,41.79911],[-71.39477,41.79893],[-71.39459,41.79877],[-71.39466,41.79868],[-71.39461,41.79853],[-71.39514,41.79873],[-71.39631,41.79804]],[[-71.39631,41.79804],[-71.39647,41.7978],[-71.39635,41.79765],[-71.39658,41.79772],[-71.39675,41.79769],[-71.39681,41.79777],[-71.39694,41.7978],[-71.39752,41.79766],[-71.39756,41.79761],[-71.3975,41.79753],[-71.39753,41.7975],[-71.39779,41.79746],[-71.39791,41.79751],[-71.39763,41.79777],[-71.39741,41.79778],[-71.39738,41.79789],[-71.39687,41.79791],[-71.3966,41.79813],[-71.3967,41.79812]],[[-71.3967,41.79812],[-71.39704,41.79816],[-71.39725,41.79807],[-71.3972,41.79829],[-71.39712,41.79841],[-71.39736,41.79838],[-71.39707,41.7987],[-71.3972,41.79892],[-71.39701,41.79895],[-71.39698,41.79899],[-71.39703,41.79909],[-71.39716,41.79914],[-71.39706,41.79925],[-71.39718,41.79938],[-71.39725,41.79942],[-71.39717,41.79927],[-71.39727,41.79923],[-71.39745,41.79937],[-71.3974,41.79945],[-71.39751,41.79944],[-71.39754,41.79939],[-71.39747,41.79931]],[[-71.39747,41.79931],[-71.3974,41.79918],[-71.39759,41.79917],[-71.39766,41.79909],[-71.39786,41.799],[-71.39843,41.79922],[-71.39858,41.79913],[-71.39886,41.7992],[-71.39893,41.79932],[-71.39918,41.79923],[-71.39923,41.79913],[-71.39945,41.79902],[-71.39939,41.79894],[-71.3994,41.79876],[-71.39931,41.79859],[-71.39934,41.79853],[-71.39948,41.7987],[-71.39957,41.79866],[-71.39968,41.79882],[-71.39985,41.7988]],[[-71.39985,41.7988],[-71.39991,41.7989],[-71.39981,41.79901],[-71.3999,41.79941],[-71.39989,41.79945],[-71.39982,41.79944],[-71.39982,41.79963],[-71.39965,41.79939],[-71.39949,41.79931],[-71.39932,41.79936],[-71.3993,41.79944],[-71.39911,41.79959],[-71.39913,41.79964],[-71.3993,41.79961],[-71.39938,41.79966],[-71.39944,41.79991],[-71.39954,41.80003],[-71.39959,41.80018],[-71.39954,41.80024],[-71.39918,41.80031],[-71.3992,41.8005],[-71.39908,41.8006]],[[-71.39908,41.8006],[-71.39867,41.80092],[-71.39892,41.80102],[-71.39924,41.80097],[-71.39946,41.80082],[-71.39948,41.80076],[-71.39942,41.80067],[-71.39948,41.80065],[-71.39974,41.80077],[-71.39972,41.8011],[-71.39995,41.8014],[-71.40017,41.80151],[-71.40045,41.80149],[-71.4005,41.80152],[-71.40049,41.80165],[-71.39998,41.80179]],[[-71.39998,41.80179],[-71.39939,41.80198],[-71.39954,41.80223],[-71.39952,41.80233],[-71.39963,41.80236],[-71.39956,41.8025],[-71.39966,41.8026],[-71.39962,41.80265],[-71.39966,41.80268],[-71.39952,41.80273],[-71.39938,41.80268],[-71.39928,41.80271],[-71.39941,41.80295],[-71.39951,41.80295],[-71.39988,41.8028],[-71.39987,41.80276],[-71.39968,41.80269],[-71.39983,41.80258],[-71.39969,41.80234],[-71.39986,41.80215],[-71.39992,41.80214]],[[-71.39992,41.80214],[-71.40013,41.80212],[-71.40021,41.80201],[-71.40032,41.80205],[-71.40048,41.80202],[-71.40037,41.80212],[-71.40041,41.80218],[-71.40035,41.80234],[-71.40044,41.80241],[-71.40048,41.80261],[-71.40039,41.80268],[-71.40015,41.80267],[-71.40014,41.80271],[-71.40021,41.80279],[-71.40045,41.80277],[-71.4007,41.80284],[-71.40082,41.80294],[-71.40087,41.80307],[-71.40083,41.80318],[-71.40086,41.80332],[-71.40103,41.80349],[-71.40099,41.80368],[-71.40125,41.80386]],[[-71.40125,41.80386],[-71.40126,41.80394],[-71.4014,41.80413],[-71.40156,41.80419],[-71.40152,41.80435],[-71.40166,41.80442],[-71.40182,41.80462],[-71.40186,41.80483],[-71.4017,41.80501],[-71.40134,41.80519],[-71.40122,41.80539],[-71.4013,41.80544],[-71.40183,41.80534],[-71.40189,41.80551],[-71.40183,41.80563],[-71.40209,41.80569],[-71.40223,41.80596]],[[-71.40223,41.80596],[-71.40221,41.80606],[-71.40235,41.8061],[-71.40241,41.80627],[-71.40201,41.80642],[-71.40195,41.80649],[-71.40197,41.8066],[-71.4021,41.80669],[-71.40266,41.80675],[-71.40284,41.80725],[-71.40301,41.80751],[-71.40288,41.80766],[-71.40293,41.80787],[-71.40258,41.80814],[-71.40254,41.80826]],[[-71.40254,41.80826],[-71.40268,41.80831],[-71.4028,41.80824],[-71.40297,41.80834],[-71.40317,41.80836],[-71.40295,41.80848],[-71.40288,41.80866],[-71.40289,41.80877],[-71.40301,41.8089],[-71.40315,41.80895],[-71.40321,41.80906],[-71.4032,41.80917],[-71.40337,41.80934],[-71.40358,41.80946],[-71.40359,41.80956],[-71.40381,41.80961],[-71.4039,41.80987],[-71.40382,41.81005],[-71.40396,41.81018],[-71.40402,41.81031],[-71.40396,41.81045],[-71.40407,41.81044]],[[-71.40407,41.81044],[-71.4042,41.81039],[-71.40417,41.81028],[-71.4042,41.81025],[-71.40433,41.81035],[-71.40425,41.81045],[-71.40422,41.81062],[-71.40429,41.81061],[-71.4044,41.8104],[-71.40455,41.81046],[-71.40463,41.81069],[-71.40456,41.81077],[-71.40476,41.81093],[-71.4052,41.81195],[-71.40517,41.81202],[-71.40505,41.81205],[-71.40508,41.81217],[-71.40503,41.81224],[-71.40496,41.81223]],[[-71.40496,41.81223],[-71.40477,41.81213],[-71.40431,41.81211],[-71.40418,41.81218],[-71.40353,41.81227],[-71.40342,41.81232],[-71.40337,41.81241],[-71.40342,41.81253],[-71.4034,41.81262],[-71.40349,41.81271],[-71.40346,41.81309],[-71.40359,41.81328],[-71.40353,41.81364],[-71.40362,41.81393],[-71.4034,41.81405],[-71.40334,41.81395]],[[-71.40334,41.81395],[-71.40331,41.81389],[-71.40317,41.81392],[-71.40328,41.81381],[-71.40332,41.81367],[-71.40329,41.81352],[-71.40325,41.81353],[-71.40328,41.81348],[-71.40317,41.81311],[-71.40315,41.81259],[-71.40301,41.81257],[-71.40272,41.81262],[-71.40267,41.81269],[-71.40307,41.81356],[-71.40309,41.81376]],[[-71.40309,41.81376],[-71.40295,41.81366],[-71.40243,41.81257],[-71.40256,41.8125],[-71.40317,41.81246],[-71.40318,41.81239],[-71.40275,41.81226],[-71.40224,41.81224],[-71.40211,41.81232],[-71.40204,41.81246],[-71.40215,41.81272]],[[-71.40215,41.81272],[-71.40261,41.81358],[-71.40237,41.81319],[-71.40216,41.81302],[-71.40197,41.81264],[-71.40187,41.81257],[-71.40169,41.81256],[-71.40187,41.81299],[-71.40203,41.81317],[-71.40215,41.81318],[-71.40213,41.81327],[-71.40225,41.81342]],[[-71.40225,41.81342],[-71.40239,41.81366],[-71.40239,41.8138],[-71.40249,41.8138],[-71.40254,41.81387],[-71.40245,41.81394],[-71.40269,41.81441],[-71.40302,41.81481],[-71.40305,41.81497],[-71.40317,41.81506],[-71.40319,41.81514],[-71.40329,41.81513],[-71.40332,41.81505],[-71.40322,41.8149],[-71.40322,41.81476],[-71.40305,41.81465],[-71.40305,41.81453],[-71.40319,41.81456],[-71.40324,41.81473],[-71.40339,41.81479]],[[-71.40339,41.81479],[-71.40362,41.81509],[-71.40352,41.81518],[-71.40354,41.81526],[-71.40367,41.81532],[-71.40434,41.81509],[-71.4044,41.81503],[-71.40441,41.81486],[-71.40449,41.8148],[-71.40506,41.81475],[-71.40502,41.81487],[-71.40507,41.81493],[-71.40505,41.81504],[-71.40488,41.81501],[-71.40474,41.81516],[-71.40453,41.81511],[-71.40397,41.81527]],[[-71.40397,41.81527],[-71.40368,41.81536],[-71.40374,41.81542],[-71.40364,41.81554],[-71.40363,41.81572],[-71.40355,41.81565],[-71.40347,41.81547],[-71.40341,41.81547],[-71.40349,41.81573],[-71.4037,41.816],[-71.4038,41.81603],[-71.40377,41.81615],[-71.40381,41.8162],[-71.40372,41.8163],[-71.40386,41.81651],[-71.404,41.81651],[-71.40418,41.81632],[-71.40501,41.81606]],[[-71.40501,41.81606],[-71.40515,41.816],[-71.40516,41.81587],[-71.4053,41.81594],[-71.40559,41.81584],[-71.40557,41.81572],[-71.40543,41.81557],[-71.40546,41.81547],[-71.40556,41.81548],[-71.4056,41.81565],[-71.40581,41.81583],[-71.406,41.81565],[-71.40606,41.81549],[-71.40638,41.8154],[-71.40642,41.8155]],[[-71.40642,41.8155],[-71.40626,41.81551],[-71.4061,41.81563],[-71.40625,41.81565],[-71.4064,41.81561],[-71.40642,41.8155]],[[-71.40642,41.8155],[-71.40652,41.81523]],[[-71.40652,41.81523],[-71.40659,41.81502],[-71.40666,41.81517],[-71.40685,41.81515],[-71.40681,41.81525],[-71.40685,41.8153],[-71.4071,41.81527],[-71.4076,41.81531],[-71.40737,41.81538],[-71.40708,41.81556],[-71.40704,41.81567],[-71.40709,41.8159],[-71.40704,41.81602],[-71.40712,41.81617],[-71.40707,41.81631],[-71.40686,41.81623],[-71.40684,41.81634],[-71.4067,41.81643],[-71.40682,41.81659],[-71.40694,41.8166]],[[-71.40694,41.8166],[-71.4071,41.81659],[-71.40716,41.81664],[-71.407,41.81707],[-71.40705,41.81718],[-71.40705,41.81735],[-71.40721,41.81766],[-71.40723,41.8178],[-71.40715,41.81793],[-71.40701,41.8179],[-71.40692,41.818],[-71.40705,41.81807],[-71.40708,41.81831],[-71.40717,41.81845],[-71.40713,41.81868],[-71.40734,41.81895],[-71.40764,41.81895],[-71.40763,41.81909]],[[-71.40763,41.81909],[-71.40763,41.81933],[-71.4077,41.8193],[-71.40778,41.81902],[-71.40794,41.81918],[-71.40793,41.81929],[-71.40798,41.81932],[-71.40802,41.81926],[-71.40797,41.81916],[-71.40797,41.81895],[-71.40808,41.8189],[-71.40813,41.81877],[-71.40812,41.81889],[-71.40821,41.81913],[-71.40831,41.81923],[-71.4085,41.81927],[-71.40838,41.81939],[-71.40869,41.81976],[-71.4087,41.81985],[-71.40854,41.81993],[-71.40862,41.82006]],[[-71.40862,41.82006],[-71.40862,41.82031],[-71.40873,41.82044],[-71.40863,41.82052],[-71.40887,41.82055],[-71.40882,41.82082],[-71.40896,41.82087],[-71.40935,41.82038],[-71.40935,41.82027],[-71.40973,41.82028],[-71.41013,41.82011],[-71.41012,41.81987],[-71.40995,41.81968],[-71.41015,41.81962],[-71.41034,41.8197]],[[-71.41034,41.8197],[-71.41059,41.81981],[-71.41089,41.82006],[-71.41111,41.82013],[-71.41127,41.82013],[-71.41139,41.82036],[-71.41138,41.8204],[-71.41119,41.82041],[-71.41101,41.82069],[-71.41098,41.82088],[-71.41085,41.82089],[-71.41102,41.82098],[-71.41105,41.82107],[-71.41065,41.82102],[-71.41053,41.82114],[-71.41057,41.82127],[-71.4109,41.82143],[-71.41109,41.82134]],[[-71.41109,41.82134],[-71.41124,41.82129],[-71.41111,41.8215],[-71.41116,41.82159],[-71.41096,41.82162],[-71.41081,41.82183],[-71.41079,41.822],[-71.41067,41.82214],[-71.41077,41.82221],[-71.41079,41.82228],[-71.41089,41.82228],[-71.41087,41.82249],[-71.41098,41.82247],[-71.41104,41.82251],[-71.41096,41.82257],[-71.41106,41.82275],[-71.41132,41.82269],[-71.41142,41.82258],[-71.41156,41.82251],[-71.41162,41.82274],[-71.41149,41.82275],[-71.41143,41.82285],[-71.41171,41.82303]],[[-71.41171,41.82303],[-71.41198,41.82311],[-71.41212,41.8231],[-71.41215,41.82304],[-71.41231,41.82309],[-71.41247,41.82303],[-71.41242,41.82317],[-71.41256,41.82329],[-71.41282,41.82343],[-71.41313,41.82347],[-71.4131,41.82367],[-71.41326,41.82378],[-71.41362,41.82377],[-71.41386,41.82361],[-71.41387,41.82352],[-71.41401,41.82356],[-71.41401,41.82361],[-71.41458,41.82399],[-71.41475,41.82398],[-71.4148,41.82403]],[[-71.4148,41.82403],[-71.41488,41.82421],[-71.41494,41.82424],[-71.41525,41.824],[-71.41533,41.82401],[-71.41534,41.82408],[-71.41546,41.82406],[-71.41541,41.82422],[-71.41568,41.82434],[-71.41585,41.8243],[-71.41599,41.8242],[-71.41609,41.82422],[-71.41576,41.82465],[-71.41616,41.82477],[-71.41642,41.82495],[-71.41658,41.82515],[-71.41656,41.82541],[-71.41664,41.82546]],[[-71.41664,41.82546],[-71.4164,41.82552],[-71.41566,41.82554],[-71.41556,41.82549],[-71.41562,41.82532],[-71.41558,41.82523],[-71.4155,41.82519],[-71.41523,41.82526],[-71.41497,41.82541],[-71.41485,41.82535],[-71.41452,41.82496],[-71.41411,41.82495],[-71.4132,41.82477]],[[-71.4132,41.82477],[-71.41302,41.82483],[-71.41305,41.825],[-71.41323,41.82536],[-71.41308,41.82538],[-71.41299,41.82545],[-71.41288,41.82539],[-71.41268,41.82514],[-71.4126,41.82496],[-71.41246,41.82486],[-71.41239,41.82496],[-71.41227,41.82497],[-71.41167,41.82531],[-71.41169,41.82523],[-71.41164,41.8252],[-71.41168,41.82509],[-71.41144,41.82519],[-71.41134,41.82515],[-71.41115,41.82528]],[[-71.41115,41.82528],[-71.41091,41.82542],[-71.41089,41.82563],[-71.41065,41.82559],[-71.41043,41.82563],[-71.41034,41.82569],[-71.41046,41.82598],[-71.41042,41.82608],[-71.41033,41.82613],[-71.40999,41.82595],[-71.40974,41.82597],[-71.40982,41.8258],[-71.40949,41.82567],[-71.40938,41.82567],[-71.40951,41.82586],[-71.40926,41.82574],[-71.40907,41.82562],[-71.40897,41.82545]],[[-71.40897,41.82545],[-71.40868,41.82514],[-71.4087,41.82526],[-71.40889,41.82551],[-71.40924,41.82584],[-71.41008,41.8265],[-71.41072,41.82688],[-71.41146,41.827]],[[-71.41146,41.827],[-71.41198,41.82701],[-71.41249,41.82694],[-71.41327,41.82669],[-71.41363,41.82651],[-71.41353,41.82634],[-71.41336,41.82628],[-71.41263,41.8265],[-71.41243,41.82651],[-71.41237,41.82643],[-71.41243,41.82632],[-71.41274,41.82612]],[[-71.41274,41.82612],[-71.41294,41.82591],[-71.41314,41.82593],[-71.41339,41.82586],[-71.41372,41.82564],[-71.41392,41.82568],[-71.41392,41.82572],[-71.41372,41.8258],[-71.41362,41.82595],[-71.41364,41.82604],[-71.41377,41.82615],[-71.41373,41.8263],[-71.41387,41.82644],[-71.41422,41.82646],[-71.41448,41.82655],[-71.4146,41.82675],[-71.4146,41.82683],[-71.41451,41.82693],[-71.41489,41.82697]],[[-71.41489,41.82697],[-71.41594,41.82708],[-71.41646,41.82695],[-71.41706,41.827],[-71.41741,41.8271],[-71.41771,41.82742],[-71.41795,41.82753],[-71.41838,41.82756],[-71.41876,41.82774],[-71.41886,41.82774]],[[-71.41886,41.82774],[-71.41911,41.8278],[-71.41923,41.8279],[-71.41962,41.82792],[-71.42018,41.82808],[-71.42055,41.82823],[-71.42043,41.82824],[-71.42046,41.82825],[-71.42075,41.82834],[-71.42155,41.82841],[-71.42251,41.82858],[-71.42272,41.82857]],[[-71.42272,41.82857],[-71.42281,41.82863],[-71.42421,41.82888],[-71.42459,41.82897],[-71.42473,41.82905],[-71.42506,41.8291],[-71.42542,41.8291],[-71.4257,41.82896],[-71.42614,41.82887],[-71.42624,41.8288],[-71.42627,41.82884],[-71.42646,41.82886],[-71.42672,41.82877]],[[-71.42672,41.82877],[-71.42679,41.82868],[-71.42718,41.82864],[-71.4278,41.8285],[-71.42789,41.82842],[-71.4281,41.82834],[-71.42819,41.82819],[-71.42833,41.82823],[-71.42839,41.82805],[-71.4286,41.82825],[-71.42861,41.82832],[-71.42866,41.82832],[-71.42862,41.82822],[-71.42884,41.828],[-71.42891,41.82785],[-71.4292,41.82768],[-71.4293,41.82752],[-71.42944,41.82759],[-71.42959,41.82755]],[[-71.42959,41.82755],[-71.42996,41.82753],[-71.43012,41.82758],[-71.43031,41.82755],[-71.43056,41.82768],[-71.43073,41.82786],[-71.43099,41.82794],[-71.43115,41.82785],[-71.43139,41.8279],[-71.43128,41.82743],[-71.43137,41.82744],[-71.43148,41.82772],[-71.4316,41.82788],[-71.43186,41.82782],[-71.43178,41.82769],[-71.4318,41.82757],[-71.43183,41.82752],[-71.43193,41.82751]],[[-71.43193,41.82751],[-71.43208,41.82753],[-71.4322,41.8276],[-71.43226,41.8277],[-71.43237,41.82762],[-71.43255,41.82762],[-71.43343,41.82719],[-71.4336,41.82697],[-71.43383,41.82703],[-71.43415,41.8269],[-71.43432,41.8267],[-71.43467,41.82669],[-71.43483,41.82659],[-71.43488,41.82648],[-71.43506,41.82641],[-71.43518,41.82625]],[[-71.43518,41.82625],[-71.43527,41.82601],[-71.43525,41.8259],[-71.4354,41.82623],[-71.43532,41.82624],[-71.43528,41.82639],[-71.43541,41.82637],[-71.43543,41.82625],[-71.43548,41.82625],[-71.4354,41.82572],[-71.43543,41.82561],[-71.43566,41.82564],[-71.4356,41.82589],[-71.4357,41.82601],[-71.43583,41.82604],[-71.43589,41.82615],[-71.43612,41.82591],[-71.43641,41.82576]],[[-71.43641,41.82576],[-71.43664,41.82563],[-71.43687,41.82566],[-71.43689,41.8256],[-71.43671,41.82549],[-71.43672,41.82545],[-71.4368,41.82543],[-71.43695,41.8255],[-71.43708,41.82544],[-71.43722,41.8253],[-71.43715,41.82521],[-71.43719,41.82515],[-71.43735,41.82518],[-71.43731,41.82526],[-71.43734,41.82526],[-71.43796,41.82514],[-71.43813,41.82507],[-71.43819,41.82486],[-71.43817,41.82457],[-71.43803,41.8241]],[[-71.43803,41.8241],[-71.43799,41.82385],[-71.43805,41.82325],[-71.43742,41.82316],[-71.43727,41.82303],[-71.43728,41.82287],[-71.4376,41.82248],[-71.43776,41.8224],[-71.43819,41.82232],[-71.43842,41.82206],[-71.43856,41.822],[-71.43884,41.82197]],[[-71.43884,41.82197],[-71.43903,41.82195],[-71.43933,41.82205],[-71.43935,41.82214],[-71.43923,41.82208],[-71.43904,41.82206],[-71.4387,41.82204],[-71.43855,41.82208],[-71.43816,41.82245],[-71.43766,41.82257],[-71.43737,41.82288],[-71.43736,41.82298],[-71.43744,41.82308],[-71.43804,41.82314],[-71.43813,41.8232],[-71.43817,41.82336]],[[-71.43817,41.82336],[-71.43814,41.82372],[-71.43819,41.82412],[-71.43832,41.82433],[-71.43851,41.82488],[-71.43852,41.82507],[-71.43835,41.82521],[-71.43757,41.82541],[-71.43727,41.82555],[-71.43711,41.82576],[-71.43729,41.82592]],[[-71.43729,41.82592],[-71.43766,41.82625],[-71.43781,41.82644],[-71.43783,41.82654],[-71.43745,41.8264],[-71.43727,41.82649],[-71.43726,41.82663],[-71.43714,41.82667],[-71.43681,41.82644],[-71.43679,41.82633],[-71.43639,41.82645],[-71.43604,41.82675],[-71.43611,41.82689],[-71.43625,41.82692],[-71.4363,41.82717]],[[-71.4363,41.82717],[-71.43642,41.82735],[-71.43636,41.8274],[-71.43621,41.82731],[-71.43601,41.82708],[-71.43586,41.82706],[-71.43574,41.82714],[-71.43559,41.82742],[-71.43548,41.82752],[-71.43521,41.82761],[-71.43497,41.82762],[-71.43445,41.82784],[-71.43422,41.828],[-71.43406,41.82801],[-71.43384,41.82786],[-71.4337,41.82792],[-71.43372,41.82805],[-71.43354,41.82797],[-71.43343,41.82798]],[[-71.43343,41.82798],[-71.43329,41.82804],[-71.4331,41.82795],[-71.43273,41.82806],[-71.43269,41.82799],[-71.4319,41.82826],[-71.43003,41.82853],[-71.42996,41.82862],[-71.42961,41.82873]],[[-71.42961,41.82873],[-71.42947,41.82881],[-71.42973,41.82933],[-71.42974,41.82945],[-71.4293,41.82905],[-71.4292,41.8293],[-71.42888,41.82901],[-71.42876,41.82898],[-71.42869,41.829],[-71.42865,41.82913],[-71.42832,41.82903],[-71.4283,41.82921],[-71.42801,41.82909],[-71.42777,41.82913]],[[-71.42777,41.82913],[-71.42695,41.82927],[-71.42687,41.8292],[-71.4267,41.82921],[-71.42616,41.82933],[-71.42585,41.82947],[-71.4253,41.82954],[-71.42462,41.82951],[-71.42362,41.82936]],[[-71.42362,41.82936],[-71.42152,41.82899],[-71.42137,41.82901],[-71.42124,41.82891],[-71.42086,41.82878],[-71.41956,41.82843]],[[-71.41956,41.82843],[-71.41773,41.82794],[-71.41735,41.82777],[-71.41689,41.82765],[-71.41644,41.8276],[-71.41554,41.82736]],[[-71.41554,41.82736],[-71.41392,41.82725],[-71.41365,41.82718],[-71.41343,41.82704],[-71.41295,41.82719],[-71.41229,41.82725],[-71.41203,41.82736],[-71.41141,41.82736]],[[-71.41141,41.82736],[-71.41134,41.82739],[-71.41123,41.82732],[-71.41066,41.82716],[-71.41016,41.82692],[-71.41058,41.82759],[-71.4109,41.82772],[-71.41087,41.82777],[-71.41074,41.82778],[-71.411,41.82826],[-71.41115,41.82874]],[[-71.41115,41.82874],[-71.41119,41.82896],[-71.41108,41.82909],[-71.41103,41.82927],[-71.41109,41.82949],[-71.4112,41.82956],[-71.41124,41.82965],[-71.41125,41.83],[-71.41148,41.83035],[-71.41153,41.83058],[-71.41149,41.83065],[-71.41136,41.83063],[-71.41106,41.83039],[-71.41096,41.8305],[-71.4109,41.83047],[-71.41092,41.82989]],[[-71.41092,41.82989],[-71.41081,41.82942],[-71.41078,41.82896],[-71.41072,41.82881],[-71.41061,41.82867],[-71.41036,41.8286],[-71.41028,41.82851],[-71.41028,41.82843],[-71.41006,41.82825],[-71.41007,41.82808],[-71.40997,41.828],[-71.41002,41.82789],[-71.41,41.82782],[-71.40982,41.82774],[-71.40983,41.82764],[-71.40967,41.82745],[-71.40945,41.82737],[-71.40944,41.82731],[-71.40956,41.82725]],[[-71.40956,41.82725],[-71.40967,41.82717],[-71.40966,41.82706],[-71.40948,41.82687],[-71.40931,41.82685],[-71.40927,41.82674],[-71.40944,41.82663],[-71.40959,41.82667],[-71.40955,41.8266],[-71.4094,41.82661],[-71.409,41.82642],[-71.40879,41.82622],[-71.40879,41.82611],[-71.40888,41.82596],[-71.40797,41.82498]],[[-71.40797,41.82498],[-71.40784,41.82487],[-71.40763,41.82483],[-71.40768,41.82469],[-71.40745,41.82463],[-71.4074,41.8245],[-71.40738,41.8244],[-71.40748,41.82427],[-71.40737,41.82416],[-71.40705,41.82403],[-71.40674,41.82358],[-71.40644,41.82338],[-71.40649,41.82322],[-71.40645,41.82311],[-71.40602,41.82282],[-71.40585,41.82262]],[[-71.40585,41.82262],[-71.40556,41.8225],[-71.40502,41.82193],[-71.4048,41.82154],[-71.40434,41.82122],[-71.40419,41.82082],[-71.4039,41.82062],[-71.40371,41.82054],[-71.4038,41.82045],[-71.40402,41.82049],[-71.40403,41.82034]],[[-71.40403,41.82034],[-71.40421,41.82031],[-71.40427,41.82006],[-71.40407,41.81981],[-71.404,41.81978],[-71.40383,41.81986],[-71.40379,41.82004],[-71.40371,41.82006],[-71.40359,41.81986],[-71.40344,41.81974],[-71.40359,41.8197],[-71.40363,41.81962],[-71.4036,41.81956],[-71.40304,41.81917],[-71.40248,41.81868],[-71.40236,41.81868],[-71.40227,41.81879]],[[-71.40227,41.81879],[-71.40219,41.81896],[-71.40205,41.81894],[-71.40216,41.81903],[-71.40232,41.81903],[-71.40224,41.81919],[-71.40186,41.81902],[-71.40182,41.81885],[-71.40163,41.81882],[-71.4016,41.81873],[-71.40131,41.81864],[-71.40155,41.81849],[-71.40135,41.81838],[-71.40127,41.81827],[-71.40116,41.81805],[-71.40125,41.81771],[-71.40096,41.81742]],[[-71.40096,41.81742],[-71.40088,41.81736],[-71.40089,41.81719],[-71.40081,41.81696],[-71.40046,41.8167],[-71.40067,41.81645],[-71.40062,41.81628],[-71.40052,41.81619],[-71.40009,41.816],[-71.39972,41.81611],[-71.39926,41.81604],[-71.39873,41.81623],[-71.3985,41.81602]],[[-71.3985,41.81602],[-71.39838,41.81596],[-71.39822,41.816],[-71.39819,41.8161],[-71.39797,41.81631],[-71.39811,41.8164],[-71.39816,41.81651],[-71.3975,41.81684],[-71.39738,41.81701],[-71.39633,41.81755],[-71.39555,41.81775]],[[-71.39555,41.81775],[-71.39501,41.81781],[-71.3949,41.81777],[-71.39426,41.81774],[-71.39421,41.81778],[-71.39426,41.81787],[-71.39401,41.81797],[-71.39369,41.81793],[-71.39306,41.81775],[-71.39273,41.81779],[-71.39252,41.81791],[-71.39201,41.81791],[-71.39177,41.81785],[-71.39172,41.8179]],[[-71.39172,41.8179],[-71.39166,41.81809],[-71.39172,41.81834],[-71.3913,41.81816],[-71.39152,41.81809],[-71.39158,41.81778],[-71.39104,41.81753],[-71.39038,41.81744],[-71.39012,41.81748],[-71.39002,41.81754],[-71.38983,41.81748],[-71.3897,41.8176],[-71.38929,41.8178]],[[-71.38929,41.8178],[-71.38918,41.81809],[-71.38896,41.81833],[-71.38878,41.81873],[-71.38881,41.81922],[-71.38878,41.81944],[-71.38889,41.81984],[-71.38933,41.82008],[-71.38942,41.8202],[-71.38948,41.82045],[-71.38964,41.82049],[-71.38961,41.82064],[-71.38952,41.8206]],[[-71.38952,41.8206],[-71.38943,41.82065],[-71.3895,41.82084],[-71.38946,41.82096],[-71.3893,41.82103],[-71.38917,41.821],[-71.38905,41.82082],[-71.389,41.82012],[-71.38886,41.82003],[-71.38861,41.82013],[-71.3886,41.82025],[-71.38881,41.82103],[-71.38899,41.82118],[-71.38933,41.82125]],[[-71.38933,41.82125],[-71.38937,41.82127],[-71.38932,41.82133],[-71.3893,41.82151],[-71.3891,41.82166],[-71.38908,41.82177],[-71.38863,41.822],[-71.38858,41.82228],[-71.38801,41.823],[-71.38777,41.82341],[-71.38741,41.82381],[-71.38722,41.82391]],[[-71.38722,41.82391],[-71.3868,41.82404],[-71.3863,41.82435],[-71.38634,41.82442],[-71.3867,41.82457],[-71.3865,41.82458],[-71.38593,41.82479],[-71.38559,41.82504],[-71.38515,41.82524],[-71.3851,41.82524],[-71.38505,41.82511],[-71.38491,41.82507],[-71.38445,41.82529]],[[-71.38445,41.82529],[-71.38425,41.82541],[-71.38421,41.82553],[-71.38409,41.82555],[-71.3839,41.82568],[-71.38367,41.82569],[-71.38345,41.82592],[-71.38343,41.82606],[-71.38307,41.82608],[-71.38257,41.82625],[-71.38203,41.8263],[-71.38171,41.82642],[-71.3814,41.82666],[-71.3811,41.82701]],[[-71.3811,41.82701],[-71.38088,41.8273],[-71.38066,41.8275],[-71.38041,41.82797],[-71.3804,41.82861],[-71.37999,41.82875],[-71.37976,41.82899],[-71.37973,41.82972],[-71.37975,41.82977],[-71.37987,41.82974]],[[-71.37987,41.82974],[-71.37992,41.82965],[-71.37996,41.82966],[-71.38002,41.82984],[-71.38003,41.83008],[-71.38013,41.83021],[-71.38036,41.83035],[-71.38069,41.83044],[-71.38076,41.83052],[-71.38076,41.83061],[-71.38007,41.83097],[-71.37937,41.83125],[-71.37882,41.83184]],[[-71.37882,41.83184],[-71.3783,41.83248],[-71.37828,41.83276],[-71.37838,41.83301],[-71.37823,41.83313],[-71.37821,41.83325],[-71.37801,41.83354],[-71.37814,41.83404],[-71.3783,41.83434],[-71.37848,41.83458],[-71.37871,41.83474]],[[-71.37871,41.83474],[-71.37898,41.83501],[-71.37917,41.83508],[-71.37989,41.83488],[-71.38009,41.83499],[-71.38025,41.83494],[-71.38043,41.83497],[-71.38112,41.83472],[-71.38088,41.83503],[-71.38039,41.83512],[-71.38035,41.83539],[-71.38021,41.83551]],[[-71.38021,41.83551],[-71.38011,41.83559],[-71.38008,41.83575],[-71.37984,41.83586],[-71.37962,41.83591],[-71.37928,41.83588],[-71.37931,41.8361],[-71.37975,41.83649],[-71.37998,41.83692],[-71.37994,41.83754],[-71.3798,41.83802]],[[-71.3798,41.83802],[-71.37988,41.83822],[-71.38018,41.83837],[-71.38021,41.83848],[-71.38096,41.8386],[-71.3814,41.83856],[-71.382,41.83894],[-71.38214,41.83917],[-71.38209,41.83942],[-71.38212,41.83965],[-71.38221,41.83973],[-71.38238,41.83977],[-71.38241,41.83995]],[[-71.38241,41.83995],[-71.38244,41.84024],[-71.38229,41.84058],[-71.3825,41.84075],[-71.38258,41.8409],[-71.38258,41.84117],[-71.38251,41.84156],[-71.38259,41.84168],[-71.38246,41.84171],[-71.38238,41.84158],[-71.38247,41.84128],[-71.38244,41.84089],[-71.38234,41.84083],[-71.38214,41.84089],[-71.38189,41.84075]],[[-71.38189,41.84075],[-71.3818,41.84075],[-71.38163,41.84061],[-71.38162,41.84045],[-71.38174,41.84029],[-71.38172,41.84014],[-71.38162,41.83991],[-71.38144,41.83971],[-71.38141,41.83937],[-71.38109,41.83905],[-71.38093,41.839],[-71.38065,41.839],[-71.38023,41.83937],[-71.37964,41.83947]],[[-71.37964,41.83947],[-71.37943,41.83955],[-71.37931,41.8398],[-71.37935,41.84007],[-71.37954,41.84038],[-71.37953,41.84052],[-71.37944,41.84066],[-71.37929,41.84086],[-71.37893,41.84117],[-71.37883,41.84149],[-71.3787,41.84166],[-71.37849,41.84181],[-71.37816,41.84189],[-71.37809,41.842]],[[-71.375,41.82925],[-71.37536,41.82904],[-71.37541,41.82897],[-71.37541,41.82886],[-71.3757,41.82859],[-71.37591,41.82861],[-71.37606,41.82857]],[[-71.37606,41.82857],[-71.37629,41.82835],[-71.37664,41.82813],[-71.3767,41.82802],[-71.37686,41.82799],[-71.37685,41.82791],[-71.37665,41.82779],[-71.37668,41.8276],[-71.37701,41.82724],[-71.37714,41.82714],[-71.37737,41.82707],[-71.37757,41.82692],[-71.37788,41.82696],[-71.37804,41.82692],[-71.37828,41.82677],[-71.37845,41.82673],[-71.3786,41.82657]],[[-71.3786,41.82657],[-71.37882,41.82635],[-71.37852,41.82681],[-71.37947,41.82647],[-71.37951,41.82634],[-71.37936,41.82622],[-71.37944,41.82595],[-71.37981,41.82565],[-71.37982,41.82559],[-71.37966,41.82537],[-71.37973,41.82527],[-71.37994,41.82516]],[[-71.37994,41.82516],[-71.38015,41.82499],[-71.38012,41.8248],[-71.38036,41.82463],[-71.38054,41.82443],[-71.3807,41.82434],[-71.38114,41.82427],[-71.38153,41.82395],[-71.38163,41.82375],[-71.38173,41.82367],[-71.38225,41.82352],[-71.38313,41.82343]],[[-71.38313,41.82343],[-71.38361,41.82344],[-71.38373,41.82316],[-71.38315,41.82259],[-71.38294,41.8223],[-71.38284,41.82205],[-71.38273,41.82133],[-71.38294,41.82077]],[[-71.38294,41.82077],[-71.38292,41.82072],[-71.38312,41.82027],[-71.38371,41.81938],[-71.3839,41.81922],[-71.38412,41.81868],[-71.3843,41.81855],[-71.38472,41.81802],[-71.38489,41.81801]],[[-71.38489,41.81801],[-71.38496,41.81792],[-71.38517,41.81787],[-71.38501,41.81781],[-71.38494,41.8179],[-71.38482,41.81789],[-71.38508,41.8176],[-71.38543,41.81757],[-71.38566,41.81738],[-71.38564,41.81735],[-71.38554,41.81737],[-71.38553,41.81726],[-71.38543,41.8172],[-71.38554,41.81711],[-71.38556,41.81701],[-71.38568,41.81688],[-71.38581,41.81682],[-71.38579,41.81695],[-71.38595,41.81691],[-71.38604,41.81701],[-71.38619,41.81707],[-71.38637,41.81699],[-71.38662,41.81704]],[[-71.38662,41.81704],[-71.38669,41.81704],[-71.3867,41.81692],[-71.38642,41.81681],[-71.38628,41.81671],[-71.38632,41.81665],[-71.38723,41.81603],[-71.38819,41.81562],[-71.38865,41.81547],[-71.38883,41.81545],[-71.38922,41.81513]],[[-71.38922,41.81513],[-71.38931,41.81505],[-71.38875,41.81521],[-71.38894,41.81498],[-71.38926,41.81473],[-71.38942,41.8144],[-71.38961,41.81426],[-71.38956,41.81379],[-71.3897,41.81368],[-71.38949,41.81361],[-71.38971,41.81353],[-71.38956,41.8135],[-71.38931,41.81363],[-71.38923,41.81351]],[[-71.38923,41.81351],[-71.38935,41.81333],[-71.38935,41.81307],[-71.38929,41.81305],[-71.38923,41.81311],[-71.38913,41.81311],[-71.38868,41.81279],[-71.38857,41.81265],[-71.38885,41.81248],[-71.38878,41.81247],[-71.38863,41.81228],[-71.38851,41.81223],[-71.3885,41.81216],[-71.38836,41.81217],[-71.38815,41.8121],[-71.38804,41.8119],[-71.388,41.81149],[-71.38811,41.81144],[-71.38834,41.81144]],[[-71.38834,41.81144],[-71.38839,41.81136],[-71.38824,41.81126],[-71.38825,41.81111],[-71.38818,41.81104],[-71.38831,41.811],[-71.38832,41.81085],[-71.38838,41.81077],[-71.3886,41.81065],[-71.38864,41.81031],[-71.38882,41.81015],[-71.38846,41.80944],[-71.38797,41.80864]],[[-71.38797,41.80864],[-71.38775,41.80824],[-71.38806,41.80846],[-71.38856,41.80894],[-71.38905,41.8097],[-71.38927,41.80991],[-71.3893,41.81013],[-71.3894,41.81028],[-71.38955,41.81039],[-71.38974,41.81024],[-71.38976,41.81017]],[[-71.38976,41.81017],[-71.38975,41.80978],[-71.38983,41.80966],[-71.39,41.80956],[-71.39,41.80935],[-71.39016,41.80936],[-71.39041,41.80929],[-71.39057,41.80913],[-71.39068,41.8091],[-71.39086,41.80912],[-71.39126,41.80932],[-71.39125,41.80939],[-71.3911,41.80947],[-71.39119,41.80955],[-71.39116,41.80958],[-71.39081,41.80954],[-71.39058,41.80964],[-71.39047,41.80985],[-71.39057,41.81006]],[[-71.39057,41.81006],[-71.3905,41.81022],[-71.3902,41.81036],[-71.39013,41.81054],[-71.38997,41.81077],[-71.38993,41.81093],[-71.38997,41.81117],[-71.39018,41.81144],[-71.39016,41.81156],[-71.39035,41.81199],[-71.39058,41.81207],[-71.39076,41.81199],[-71.39083,41.81184],[-71.39128,41.81138]],[[-71.39128,41.81138],[-71.39157,41.81106],[-71.39174,41.81094],[-71.39283,41.81054],[-71.39304,41.8106],[-71.39315,41.81045],[-71.39348,41.81033],[-71.39347,41.81023],[-71.39317,41.81002],[-71.39254,41.80938]],[[-71.39254,41.80938],[-71.39176,41.8086],[-71.39158,41.80855],[-71.39126,41.80826],[-71.3912,41.80809],[-71.39079,41.80765],[-71.39071,41.80738],[-71.39038,41.80739],[-71.3897,41.80764]],[[-71.3897,41.80764],[-71.38831,41.80821],[-71.38777,41.80819],[-71.38675,41.80674]],[[-71.38675,41.80674],[-71.38663,41.80646],[-71.38666,41.80612],[-71.38644,41.80584],[-71.38632,41.80578],[-71.38597,41.80545],[-71.38506,41.80437],[-71.38472,41.80388]],[[-71.38472,41.80388],[-71.38446,41.80362],[-71.3841,41.80345],[-71.38357,41.80295],[-71.38341,41.80266],[-71.38309,41.80236],[-71.38294,41.80234],[-71.38278,41.8025],[-71.38248,41.80261],[-71.38236,41.80274],[-71.38161,41.80273]],[[-71.38161,41.80273],[-71.38127,41.80261],[-71.3806,41.80255],[-71.38042,41.80247],[-71.38002,41.80253],[-71.37992,41.80267],[-71.3798,41.80274],[-71.38003,41.80286],[-71.3801,41.80282],[-71.38025,41.80304],[-71.38014,41.80359],[-71.38022,41.80379],[-71.3802,41.80387],[-71.37977,41.80401]],[[-71.37977,41.80401],[-71.37959,41.8041],[-71.37882,41.8047],[-71.37875,41.80484],[-71.37878,41.80502],[-71.37888,41.80517],[-71.37874,41.80522],[-71.37862,41.80518],[-71.37849,41.80524],[-71.37819,41.80559],[-71.37812,41.80574],[-71.37799,41.80579],[-71.37795,41.80585],[-71.37783,41.80585],[-71.37764,41.806],[-71.37741,41.80602],[-71.3772,41.80588]],[[-71.3772,41.80588],[-71.3771,41.80567],[-71.37703,41.80564],[-71.37711,41.80551],[-71.37703,41.8055],[-71.37695,41.8056],[-71.37685,41.80557],[-71.37696,41.80536],[-71.37725,41.80519],[-71.37716,41.8048],[-71.3771,41.80481],[-71.37703,41.80492],[-71.37678,41.80491],[-71.37674,41.80487],[-71.37677,41.80466],[-71.37657,41.80466],[-71.37641,41.80496],[-71.37653,41.80541]],[[-71.37653,41.80541],[-71.37656,41.80555],[-71.37668,41.80572],[-71.37643,41.80602],[-71.37636,41.80603],[-71.37624,41.8059],[-71.37592,41.80575],[-71.37579,41.80574],[-71.37564,41.80587],[-71.37569,41.80598],[-71.37581,41.80602],[-71.37595,41.80621],[-71.37593,41.8063],[-71.37576,41.80641],[-71.375,41.80641]],[[-71.375,41.80215],[-71.37552,41.80087]],[[-71.37552,41.80087],[-71.37557,41.80078],[-71.37553,41.80065],[-71.37525,41.8004],[-71.375,41.79997]],[[-71.375,41.79892],[-71.37515,41.79881],[-71.37526,41.79863],[-71.37528,41.79831],[-71.37543,41.79794],[-71.37544,41.79772]],[[-71.37544,41.79772],[-71.3754,41.79764],[-71.37542,41.7975],[-71.37553,41.79733],[-71.37576,41.79733],[-71.37592,41.79759],[-71.3762,41.79769],[-71.3764,41.79757],[-71.37645,41.79734],[-71.37666,41.79716],[-71.37712,41.79714],[-71.37747,41.79701],[-71.3777,41.79697],[-71.37769,41.7968],[-71.37801,41.79649],[-71.37802,41.79641],[-71.37798,41.79636]],[[-71.37798,41.79636],[-71.37796,41.7963],[-71.3781,41.79635],[-71.37794,41.79605],[-71.37712,41.79518],[-71.37694,41.79506],[-71.37656,41.79506],[-71.37663,41.79488],[-71.37673,41.79482],[-71.3767,41.7947],[-71.3766,41.7945],[-71.37617,41.7941]],[[-71.37617,41.7941],[-71.37606,41.79409],[-71.37559,41.79423],[-71.37545,41.79421],[-71.37522,41.7941],[-71.375,41.79413]]]}},{"type":"Feature","properties":{"ft":15,"label":"15 ft: the 1938 hurricane's height (15.0)","weight":1.8,"dash":null},"geometry":{"type":"MultiLineString","coordinates":[[[-71.38864,41.80993],[-71.38864,41.80993]],[[-71.43989,41.82274],[-71.43991,41.82278],[-71.43987,41.82284],[-71.43986,41.82276],[-71.43989,41.82274]],[[-71.39221,41.79195],[-71.39183,41.79202],[-71.39174,41.79209],[-71.39183,41.79232],[-71.39205,41.79252],[-71.39216,41.79252],[-71.39238,41.79238],[-71.39241,41.79224],[-71.3926,41.7922],[-71.3924,41.79197],[-71.39221,41.79195]],[[-71.3856,41.79138],[-71.38553,41.79142],[-71.38552,41.79148],[-71.38579,41.79171],[-71.38586,41.79172],[-71.38608,41.7916],[-71.38602,41.79151],[-71.3856,41.79138]],[[-71.40915,41.82041],[-71.40906,41.82044],[-71.40904,41.82057],[-71.40911,41.82056],[-71.40918,41.82048],[-71.4092,41.82042],[-71.40915,41.82041]],[[-71.37838,41.80144],[-71.37824,41.80157],[-71.37853,41.80174],[-71.37889,41.80182],[-71.37904,41.80178],[-71.37868,41.80154],[-71.37838,41.80144]],[[-71.41221,41.83266],[-71.41229,41.83267],[-71.4123,41.83271],[-71.41222,41.83272],[-71.41221,41.83266]],[[-71.38911,41.79404],[-71.38911,41.79405],[-71.38913,41.79405],[-71.38912,41.79404],[-71.38911,41.79404]],[[-71.40284,41.7959],[-71.40296,41.79593],[-71.40304,41.79616],[-71.4031,41.79646],[-71.40304,41.79666],[-71.40265,41.79657],[-71.40237,41.79644],[-71.40224,41.79604],[-71.40229,41.79599],[-71.40284,41.7959]],[[-71.43382,41.82444],[-71.43382,41.82443],[-71.43382,41.82444],[-71.43382,41.82444]],[[-71.43382,41.82444],[-71.43382,41.82444]],[[-71.4072,41.81994],[-71.40711,41.81999],[-71.40719,41.82007],[-71.40725,41.82004],[-71.40728,41.81996],[-71.4072,41.81994]],[[-71.41162,41.83603],[-71.41166,41.83607],[-71.41168,41.83635],[-71.41161,41.83605],[-71.41162,41.83603]],[[-71.39892,41.81733],[-71.39897,41.81734],[-71.39899,41.81738],[-71.39894,41.81739],[-71.39892,41.81733]],[[-71.43955,41.82216],[-71.43953,41.82221],[-71.43962,41.82234],[-71.43972,41.82234],[-71.4398,41.82227],[-71.43977,41.82222],[-71.43955,41.82216]],[[-71.38877,41.82009],[-71.38864,41.82016],[-71.38865,41.82035],[-71.38882,41.82094],[-71.3889,41.82104],[-71.38901,41.82108],[-71.38897,41.82017],[-71.3889,41.82009],[-71.38877,41.82009]],[[-71.41811,41.82633],[-71.41797,41.8264],[-71.4181,41.82651],[-71.41797,41.82656],[-71.4179,41.82665],[-71.41793,41.82673],[-71.41803,41.82678],[-71.41852,41.82688],[-71.41905,41.82682],[-71.41922,41.82671],[-71.41921,41.8266],[-71.41914,41.82654],[-71.41874,41.82651],[-71.41811,41.82633]],[[-71.39453,41.79707],[-71.39439,41.79714],[-71.39423,41.79712],[-71.3939,41.79734],[-71.39387,41.79745],[-71.39351,41.79769],[-71.3935,41.79775],[-71.39364,41.79781],[-71.39462,41.7971],[-71.39453,41.79707]],[[-71.43817,41.82311],[-71.43819,41.82316],[-71.43821,41.82317],[-71.43821,41.82312],[-71.43817,41.82311]],[[-71.40305,41.8076],[-71.40296,41.80768],[-71.40301,41.8078],[-71.40311,41.80783],[-71.40324,41.80779],[-71.40325,41.80773],[-71.40318,41.80764],[-71.40305,41.8076]],[[-71.40827,41.82692],[-71.4083,41.82692],[-71.4083,41.82693],[-71.40827,41.82694],[-71.40827,41.82692]],[[-71.40377,41.81074],[-71.40353,41.81083],[-71.40314,41.81115],[-71.40322,41.8114],[-71.40311,41.81156],[-71.4033,41.81147],[-71.40337,41.81123],[-71.40376,41.81124],[-71.40335,41.81116],[-71.40328,41.81111],[-71.40354,41.81088],[-71.40382,41.81076],[-71.40377,41.81074]],[[-71.40946,41.81989],[-71.40937,41.81995],[-71.40941,41.82003],[-71.40953,41.82003],[-71.40962,41.81996],[-71.4096,41.81992],[-71.40946,41.81989]],[[-71.41335,41.82632],[-71.41271,41.82657],[-71.41266,41.82661],[-71.4127,41.82665],[-71.41267,41.82669],[-71.41239,41.8269],[-71.4125,41.8269],[-71.41356,41.82654],[-71.41358,41.82648],[-71.41349,41.82638],[-71.41335,41.82632]],[[-71.38825,41.79504],[-71.38827,41.79503],[-71.38828,41.79504],[-71.38826,41.79506],[-71.38825,41.79504]],[[-71.42582,41.82835],[-71.42579,41.82839],[-71.42585,41.8284],[-71.42586,41.82836],[-71.42582,41.82835]],[[-71.43507,41.82367],[-71.43507,41.82367],[-71.43507,41.82367],[-71.43507,41.82367],[-71.43507,41.82367]],[[-71.43506,41.82368],[-71.43506,41.82368],[-71.43506,41.82368],[-71.43506,41.82368],[-71.43506,41.82368]],[[-71.38641,41.79204],[-71.38606,41.7922],[-71.38604,41.79231],[-71.38644,41.79249],[-71.38658,41.79246],[-71.38669,41.79235],[-71.38668,41.79223],[-71.38655,41.7921],[-71.38641,41.79204]],[[-71.40319,41.79556],[-71.40353,41.79559],[-71.40368,41.7957],[-71.40375,41.79604],[-71.40362,41.79611],[-71.40379,41.79615],[-71.40391,41.79662],[-71.40378,41.79668],[-71.40332,41.79669],[-71.40323,41.79649]],[[-71.40323,41.79649],[-71.40317,41.79624],[-71.40331,41.79616],[-71.40314,41.79613],[-71.40305,41.79584],[-71.40251,41.79589],[-71.40244,41.79583],[-71.40248,41.79571],[-71.40241,41.79565],[-71.40319,41.79556]],[[-71.4383,41.82299],[-71.43826,41.82302],[-71.43834,41.82302],[-71.43834,41.823],[-71.4383,41.82299]],[[-71.39024,41.79651],[-71.39068,41.79653],[-71.39105,41.79688],[-71.3912,41.79711],[-71.39137,41.79716],[-71.39194,41.79762],[-71.39193,41.79776],[-71.39167,41.79794]],[[-71.39167,41.79794],[-71.39161,41.79797],[-71.39152,41.79788],[-71.3915,41.79784],[-71.39156,41.79783],[-71.39154,41.79777],[-71.39137,41.79775],[-71.39135,41.79762],[-71.3912,41.79761],[-71.39095,41.79742],[-71.3909,41.79736],[-71.39094,41.79729],[-71.39081,41.79729],[-71.39054,41.79709],[-71.39049,41.79693],[-71.39035,41.79693],[-71.39021,41.79682],[-71.39017,41.79669],[-71.39024,41.79651]],[[-71.39111,41.81784],[-71.39098,41.81794],[-71.39101,41.81805],[-71.39139,41.8181],[-71.39146,41.81807],[-71.39146,41.81786],[-71.39111,41.81784]],[[-71.41817,41.82515],[-71.41774,41.82542],[-71.41735,41.82554],[-71.41637,41.82559],[-71.41711,41.82567],[-71.41725,41.82573]],[[-71.41725,41.82573],[-71.41768,41.82574],[-71.4178,41.82579],[-71.41819,41.82582],[-71.41828,41.82571],[-71.41799,41.82573],[-71.41784,41.82568],[-71.4178,41.82561],[-71.41835,41.8253],[-71.41837,41.82525],[-71.41832,41.82519],[-71.41817,41.82515]],[[-71.39636,41.79734],[-71.39625,41.79743],[-71.39633,41.79756],[-71.39655,41.79758],[-71.39663,41.79755],[-71.39657,41.79741],[-71.39636,41.79734]],[[-71.3994,41.79509],[-71.40006,41.79515],[-71.40009,41.79549],[-71.39987,41.79554],[-71.39926,41.79556],[-71.39914,41.79539],[-71.39907,41.79517],[-71.3994,41.79509]],[[-71.41287,41.83277],[-71.41288,41.83279],[-71.41287,41.8328],[-71.41287,41.83278],[-71.41287,41.83277]],[[-71.38866,41.80996],[-71.38866,41.80996],[-71.38866,41.80996],[-71.38866,41.80996],[-71.38866,41.80996]],[[-71.40914,41.81988],[-71.40907,41.81994],[-71.40907,41.82002],[-71.40915,41.82009],[-71.40925,41.82008],[-71.40929,41.81995],[-71.40923,41.81988],[-71.40914,41.81988]],[[-71.38684,41.79159],[-71.3866,41.79174],[-71.38668,41.79187],[-71.3868,41.79187],[-71.38698,41.79173],[-71.38697,41.79164],[-71.38684,41.79159]],[[-71.39968,41.80249],[-71.39967,41.80251],[-71.39968,41.80251],[-71.39969,41.8025],[-71.39968,41.80249]],[[-71.41235,41.83158],[-71.41253,41.83165],[-71.41287,41.83277],[-71.41251,41.83229],[-71.41231,41.83165],[-71.41235,41.83158]],[[-71.40182,41.7965],[-71.40178,41.79655],[-71.40177,41.79659],[-71.40181,41.79657],[-71.40182,41.7965]],[[-71.40179,41.79778],[-71.40187,41.79779],[-71.40184,41.79785],[-71.40164,41.79786],[-71.40179,41.79778]],[[-71.37907,41.82616],[-71.37891,41.82632],[-71.37875,41.82661],[-71.37876,41.82667],[-71.37911,41.82654],[-71.37929,41.82653],[-71.3794,41.82644],[-71.37941,41.82637],[-71.37927,41.82629],[-71.37922,41.82618],[-71.37907,41.82616]],[[-71.37981,41.79594],[-71.37981,41.79594]],[[-71.37981,41.79594],[-71.37981,41.79594]],[[-71.37981,41.79594],[-71.3798,41.79594]],[[-71.3798,41.79594],[-71.3798,41.79594]],[[-71.3798,41.79594],[-71.3798,41.79594]],[[-71.3798,41.79594],[-71.37979,41.79594]],[[-71.37979,41.79594],[-71.37979,41.79595]],[[-71.37979,41.79595],[-71.37979,41.79595]],[[-71.37979,41.79595],[-71.37978,41.79595]],[[-71.37978,41.79595],[-71.37978,41.79595]],[[-71.37978,41.79595],[-71.37978,41.79595]],[[-71.37978,41.79595],[-71.37977,41.79595]],[[-71.37977,41.79595],[-71.37977,41.79595]],[[-71.37977,41.79595],[-71.37977,41.79595]],[[-71.37977,41.79595],[-71.37976,41.79595]],[[-71.37976,41.79595],[-71.37976,41.79595]],[[-71.37976,41.79595],[-71.37975,41.79595]],[[-71.37975,41.79595],[-71.37975,41.79596]],[[-71.37975,41.79596],[-71.37975,41.79596]],[[-71.37975,41.79596],[-71.37974,41.79596]],[[-71.37974,41.79596],[-71.37974,41.79596]],[[-71.37974,41.79596],[-71.37973,41.79596]],[[-71.37973,41.79596],[-71.37973,41.79596]],[[-71.37973,41.79596],[-71.37973,41.79596]],[[-71.37973,41.79596],[-71.37972,41.79596]],[[-71.37972,41.79596],[-71.37972,41.79596]],[[-71.37972,41.79596],[-71.37971,41.79596]],[[-71.37971,41.79596],[-71.37971,41.79596]],[[-71.37971,41.79596],[-71.37971,41.79596]],[[-71.37971,41.79596],[-71.3797,41.79597]],[[-71.3797,41.79597],[-71.3797,41.79597]],[[-71.3797,41.79597],[-71.37969,41.79597]],[[-71.37969,41.79597],[-71.37969,41.79597]],[[-71.37969,41.79597],[-71.37968,41.79597]],[[-71.37968,41.79597],[-71.37968,41.79597]],[[-71.37968,41.79597],[-71.37967,41.79597]],[[-71.37967,41.79597],[-71.37967,41.79597]],[[-71.37967,41.79597],[-71.37966,41.79597]],[[-71.37966,41.79597],[-71.37965,41.79597]],[[-71.37965,41.79597],[-71.37965,41.79597]],[[-71.37965,41.79597],[-71.37963,41.79597]],[[-71.37963,41.79597],[-71.37963,41.79597]],[[-71.37963,41.79597],[-71.37963,41.79597]],[[-71.37963,41.79597],[-71.37962,41.79597]],[[-71.37962,41.79597],[-71.37962,41.79597]],[[-71.37962,41.79597],[-71.37962,41.79597]],[[-71.37962,41.79597],[-71.37961,41.79597]],[[-71.37961,41.79597],[-71.37961,41.79596]],[[-71.37961,41.79596],[-71.3796,41.79596]],[[-71.3796,41.79596],[-71.3796,41.79596]],[[-71.3796,41.79596],[-71.3796,41.79596]],[[-71.3796,41.79596],[-71.37959,41.79596]],[[-71.37959,41.79596],[-71.37959,41.79596]],[[-71.37959,41.79596],[-71.37958,41.79596]],[[-71.37958,41.79596],[-71.37957,41.79596]],[[-71.37957,41.79596],[-71.37957,41.79596]],[[-71.37957,41.79596],[-71.37956,41.79597]],[[-71.37956,41.79597],[-71.37956,41.79597]],[[-71.37956,41.79597],[-71.37956,41.79597]],[[-71.37956,41.79597],[-71.37955,41.79597]],[[-71.37955,41.79597],[-71.37955,41.79597]],[[-71.37955,41.79597],[-71.37955,41.79597]],[[-71.37955,41.79597],[-71.37954,41.79597]],[[-71.37954,41.79597],[-71.37954,41.79597]],[[-71.37954,41.79597],[-71.37954,41.79597]],[[-71.37954,41.79597],[-71.37953,41.79598]],[[-71.37953,41.79598],[-71.37953,41.79598]],[[-71.37953,41.79598],[-71.37953,41.79598]],[[-71.37953,41.79598],[-71.37953,41.79598]],[[-71.37953,41.79598],[-71.37952,41.79598]],[[-71.37952,41.79598],[-71.37952,41.79598]],[[-71.37952,41.79598],[-71.37951,41.79598]],[[-71.37951,41.79598],[-71.37951,41.79598]],[[-71.37951,41.79598],[-71.3795,41.79599]],[[-71.3795,41.79599],[-71.3795,41.79599]],[[-71.3795,41.79599],[-71.3795,41.79599]],[[-71.3795,41.79599],[-71.37949,41.79599]],[[-71.37949,41.79599],[-71.37949,41.79599]],[[-71.37949,41.79599],[-71.37949,41.79599]],[[-71.37949,41.79599],[-71.37948,41.79599]],[[-71.37948,41.79599],[-71.37948,41.796]],[[-71.37948,41.796],[-71.37947,41.796]],[[-71.37947,41.796],[-71.37946,41.796]],[[-71.37946,41.796],[-71.37946,41.796]],[[-71.37946,41.796],[-71.37946,41.796]],[[-71.37946,41.796],[-71.37945,41.796]],[[-71.37945,41.796],[-71.37945,41.796]],[[-71.37945,41.796],[-71.37945,41.796]],[[-71.37945,41.796],[-71.37944,41.79601]],[[-71.37944,41.79601],[-71.37944,41.79601]],[[-71.37944,41.79601],[-71.37944,41.79601]],[[-71.37944,41.79601],[-71.37943,41.79601]],[[-71.37943,41.79601],[-71.37943,41.79601]],[[-71.37943,41.79601],[-71.37942,41.79601]],[[-71.37942,41.79601],[-71.37942,41.79601]],[[-71.37942,41.79601],[-71.37942,41.79601]],[[-71.37942,41.79601],[-71.37942,41.79601]],[[-71.37942,41.79601],[-71.37941,41.79601]],[[-71.37941,41.79601],[-71.37941,41.79602]],[[-71.37941,41.79602],[-71.3794,41.79602]],[[-71.3794,41.79602],[-71.3794,41.79602]],[[-71.3794,41.79602],[-71.37939,41.79602]],[[-71.37939,41.79602],[-71.37939,41.79602]],[[-71.37939,41.79602],[-71.37938,41.79602]],[[-71.37938,41.79602],[-71.37938,41.79602]],[[-71.37938,41.79602],[-71.37938,41.79602]],[[-71.37938,41.79602],[-71.37937,41.79603]],[[-71.37937,41.79603],[-71.37937,41.79603]],[[-71.37937,41.79603],[-71.37936,41.79603]],[[-71.37936,41.79603],[-71.37936,41.79603]],[[-71.37936,41.79603],[-71.37936,41.79603]],[[-71.37936,41.79603],[-71.37935,41.79603]],[[-71.37935,41.79603],[-71.37934,41.79603]],[[-71.37934,41.79603],[-71.37934,41.79603]],[[-71.37934,41.79603],[-71.37933,41.79603]],[[-71.37933,41.79603],[-71.37933,41.79603]],[[-71.37933,41.79603],[-71.37933,41.79603]],[[-71.37933,41.79603],[-71.37932,41.79604]],[[-71.37932,41.79604],[-71.37932,41.79604]],[[-71.37932,41.79604],[-71.37931,41.79604]],[[-71.37931,41.79604],[-71.37931,41.79604]],[[-71.37931,41.79604],[-71.37931,41.79604]],[[-71.37931,41.79604],[-71.3793,41.79604]],[[-71.3793,41.79604],[-71.37929,41.79604]],[[-71.37929,41.79604],[-71.37929,41.79604]],[[-71.37929,41.79604],[-71.37928,41.79604]],[[-71.37928,41.79604],[-71.37928,41.79604]],[[-71.37928,41.79604],[-71.37928,41.79604]],[[-71.37928,41.79604],[-71.37927,41.79604]],[[-71.37927,41.79604],[-71.37927,41.79604]],[[-71.37927,41.79604],[-71.37926,41.79604]],[[-71.37926,41.79604],[-71.37926,41.79604]],[[-71.37926,41.79604],[-71.37925,41.79604]],[[-71.37925,41.79604],[-71.37925,41.79604]],[[-71.37925,41.79604],[-71.37924,41.79604]],[[-71.37924,41.79604],[-71.37924,41.79604]],[[-71.37924,41.79604],[-71.37923,41.79605]],[[-71.37923,41.79605],[-71.37923,41.79605]],[[-71.37923,41.79605],[-71.37922,41.79605]],[[-71.37922,41.79605],[-71.37922,41.79605]],[[-71.37922,41.79605],[-71.37922,41.79605]],[[-71.37922,41.79605],[-71.37921,41.79605]],[[-71.37921,41.79605],[-71.37921,41.79605]],[[-71.37921,41.79605],[-71.3792,41.79605]],[[-71.3792,41.79605],[-71.3792,41.79605]],[[-71.3792,41.79605],[-71.3792,41.79605]],[[-71.3792,41.79605],[-71.37919,41.79605]],[[-71.37919,41.79605],[-71.37919,41.79605]],[[-71.37919,41.79605],[-71.37919,41.79605]],[[-71.37919,41.79605],[-71.37918,41.79605]],[[-71.37918,41.79605],[-71.37917,41.79605]],[[-71.37917,41.79605],[-71.37916,41.79605]],[[-71.37916,41.79605],[-71.37916,41.79605]],[[-71.37916,41.79605],[-71.37915,41.79605]],[[-71.37915,41.79605],[-71.37915,41.79605]],[[-71.37915,41.79605],[-71.37915,41.79605]],[[-71.37915,41.79605],[-71.37915,41.79605]],[[-71.37915,41.79605],[-71.37914,41.79605]],[[-71.37914,41.79605],[-71.37914,41.79605]],[[-71.37914,41.79605],[-71.37913,41.79606]],[[-71.37913,41.79606],[-71.37913,41.79606]],[[-71.37913,41.79606],[-71.37913,41.79606]],[[-71.37913,41.79606],[-71.37912,41.79606]],[[-71.37912,41.79606],[-71.37912,41.79606]],[[-71.37912,41.79606],[-71.37911,41.79606]],[[-71.37911,41.79606],[-71.37911,41.79606]],[[-71.37911,41.79606],[-71.3791,41.79607]],[[-71.3791,41.79607],[-71.3791,41.79607]],[[-71.3791,41.79607],[-71.3791,41.79607]],[[-71.3791,41.79607],[-71.37909,41.79607]],[[-71.37909,41.79607],[-71.37909,41.79607]],[[-71.37909,41.79607],[-71.37909,41.79607]],[[-71.37909,41.79607],[-71.37908,41.79607]],[[-71.37908,41.79607],[-71.37908,41.79607]],[[-71.37908,41.79607],[-71.37907,41.79607]],[[-71.37907,41.79607],[-71.37907,41.79607]],[[-71.37907,41.79607],[-71.37906,41.79607]],[[-71.37906,41.79607],[-71.37906,41.79607]],[[-71.37906,41.79607],[-71.37906,41.79607]],[[-71.37906,41.79607],[-71.37905,41.79608]],[[-71.37905,41.79608],[-71.37905,41.79608]],[[-71.37905,41.79608],[-71.37904,41.79608]],[[-71.37904,41.79608],[-71.37904,41.79608]],[[-71.37904,41.79608],[-71.37904,41.79608]],[[-71.37904,41.79608],[-71.37903,41.79608]],[[-71.37903,41.79608],[-71.37903,41.79608]],[[-71.37903,41.79608],[-71.37902,41.79608]],[[-71.37902,41.79608],[-71.37902,41.79608]],[[-71.37902,41.79608],[-71.37902,41.79608]],[[-71.37902,41.79608],[-71.37901,41.79608]],[[-71.37901,41.79608],[-71.37901,41.79608]],[[-71.37901,41.79608],[-71.379,41.79608]],[[-71.379,41.79608],[-71.379,41.79609]],[[-71.379,41.79609],[-71.379,41.79609]],[[-71.379,41.79609],[-71.37899,41.79609]],[[-71.37899,41.79609],[-71.37899,41.79609]],[[-71.37899,41.79609],[-71.37898,41.79609]],[[-71.37898,41.79609],[-71.37898,41.79609]],[[-71.37898,41.79609],[-71.37898,41.7961]],[[-71.37898,41.7961],[-71.37897,41.7961]],[[-71.37897,41.7961],[-71.37897,41.7961]],[[-71.37897,41.7961],[-71.37897,41.7961]],[[-71.37897,41.7961],[-71.37896,41.7961]],[[-71.37896,41.7961],[-71.37896,41.79611]],[[-71.37896,41.79611],[-71.37896,41.79611]],[[-71.37896,41.79611],[-71.37895,41.79611]],[[-71.37895,41.79611],[-71.37895,41.79611]],[[-71.37895,41.79611],[-71.37895,41.79612]],[[-71.37895,41.79612],[-71.37895,41.79612]],[[-71.37895,41.79612],[-71.37895,41.79612]],[[-71.37895,41.79612],[-71.37895,41.79612]],[[-71.37895,41.79612],[-71.37894,41.79613]],[[-71.37894,41.79613],[-71.37894,41.79613]],[[-71.37894,41.79613],[-71.37895,41.79613]],[[-71.37895,41.79613],[-71.37895,41.79613]],[[-71.37895,41.79613],[-71.37895,41.79614]],[[-71.37895,41.79614],[-71.37895,41.79614]],[[-71.37895,41.79614],[-71.37895,41.79614]],[[-71.37895,41.79614],[-71.37896,41.79615]],[[-71.37896,41.79615],[-71.37897,41.79615]],[[-71.37897,41.79615],[-71.37897,41.79616]],[[-71.37897,41.79616],[-71.37898,41.79616]],[[-71.37898,41.79616],[-71.37898,41.79616]],[[-71.37898,41.79616],[-71.37898,41.79616]],[[-71.37898,41.79616],[-71.37899,41.79617]],[[-71.37899,41.79617],[-71.37899,41.79617]],[[-71.37899,41.79617],[-71.379,41.79617]],[[-71.379,41.79617],[-71.379,41.79617]],[[-71.379,41.79617],[-71.37901,41.79617]],[[-71.37901,41.79617],[-71.37901,41.79617]],[[-71.37901,41.79617],[-71.37902,41.79618]],[[-71.37902,41.79618],[-71.37902,41.79618]],[[-71.37902,41.79618],[-71.37903,41.79618]],[[-71.37903,41.79618],[-71.37903,41.79618]],[[-71.37903,41.79618],[-71.37903,41.79618]],[[-71.37903,41.79618],[-71.37904,41.79618]],[[-71.37904,41.79618],[-71.37905,41.79619]],[[-71.37905,41.79619],[-71.37906,41.79619]],[[-71.37906,41.79619],[-71.37906,41.79619]],[[-71.37906,41.79619],[-71.37906,41.79619]],[[-71.37906,41.79619],[-71.37907,41.79619]],[[-71.37907,41.79619],[-71.37907,41.79619]],[[-71.37907,41.79619],[-71.37908,41.79619]],[[-71.37908,41.79619],[-71.37908,41.79619]],[[-71.37908,41.79619],[-71.37909,41.79619]],[[-71.37909,41.79619],[-71.37909,41.79619]],[[-71.37909,41.79619],[-71.3791,41.7962]],[[-71.3791,41.7962],[-71.3791,41.7962]],[[-71.3791,41.7962],[-71.37911,41.7962]],[[-71.37911,41.7962],[-71.37911,41.7962]],[[-71.37911,41.7962],[-71.37911,41.7962]],[[-71.37911,41.7962],[-71.37912,41.7962]],[[-71.37912,41.7962],[-71.37912,41.79621]],[[-71.37912,41.79621],[-71.37913,41.79621]],[[-71.37913,41.79621],[-71.37913,41.79621]],[[-71.37913,41.79621],[-71.37913,41.79621]],[[-71.37913,41.79621],[-71.37914,41.79622]],[[-71.37914,41.79622],[-71.37914,41.79622]],[[-71.37914,41.79622],[-71.37914,41.79622]],[[-71.37914,41.79622],[-71.37915,41.79622]],[[-71.37915,41.79622],[-71.37915,41.79623]],[[-71.37915,41.79623],[-71.37915,41.79623]],[[-71.37915,41.79623],[-71.37915,41.79623]],[[-71.37915,41.79623],[-71.37916,41.79623]],[[-71.37916,41.79623],[-71.37916,41.79624]],[[-71.37916,41.79624],[-71.37916,41.79624]],[[-71.37916,41.79624],[-71.37917,41.79624]],[[-71.37917,41.79624],[-71.37917,41.79624]],[[-71.37917,41.79624],[-71.37917,41.79625]],[[-71.37917,41.79625],[-71.37917,41.79625]],[[-71.37917,41.79625],[-71.37918,41.79625]],[[-71.37918,41.79625],[-71.37918,41.79625]],[[-71.37918,41.79625],[-71.37918,41.79626]],[[-71.37918,41.79626],[-71.37918,41.79626]],[[-71.37918,41.79626],[-71.37919,41.79626]],[[-71.37919,41.79626],[-71.37919,41.79627]],[[-71.37919,41.79627],[-71.37919,41.79627]],[[-71.37919,41.79627],[-71.37919,41.79627]],[[-71.37919,41.79627],[-71.37919,41.79627]],[[-71.37919,41.79627],[-71.37919,41.79628]],[[-71.37919,41.79628],[-71.3792,41.79628]],[[-71.3792,41.79628],[-71.3792,41.79628]],[[-71.3792,41.79628],[-71.3792,41.79628]],[[-71.3792,41.79628],[-71.3792,41.79629]],[[-71.3792,41.79629],[-71.3792,41.79629]],[[-71.3792,41.79629],[-71.3792,41.79629]],[[-71.3792,41.79629],[-71.3792,41.79629]],[[-71.3792,41.79629],[-71.3792,41.7963]],[[-71.3792,41.7963],[-71.37921,41.7963]],[[-71.37921,41.7963],[-71.37921,41.7963]],[[-71.37921,41.7963],[-71.37921,41.79631]],[[-71.37921,41.79631],[-71.37921,41.79631]],[[-71.37921,41.79631],[-71.37921,41.79631]],[[-71.37921,41.79631],[-71.37921,41.79632]],[[-71.37921,41.79632],[-71.37921,41.79633]],[[-71.37921,41.79633],[-71.37921,41.79633]],[[-71.37921,41.79633],[-71.37922,41.79633]],[[-71.37922,41.79633],[-71.37922,41.79633]],[[-71.37922,41.79633],[-71.37922,41.79634]],[[-71.37922,41.79634],[-71.37922,41.79634]],[[-71.37922,41.79634],[-71.37922,41.79634]],[[-71.37922,41.79634],[-71.37922,41.79635]],[[-71.37922,41.79635],[-71.37922,41.79635]],[[-71.37922,41.79635],[-71.37922,41.79635]],[[-71.37922,41.79635],[-71.37923,41.79635]],[[-71.37923,41.79635],[-71.37923,41.79636]],[[-71.37923,41.79636],[-71.37923,41.79636]],[[-71.37923,41.79636],[-71.37923,41.79636]],[[-71.37923,41.79636],[-71.37923,41.79637]],[[-71.37923,41.79637],[-71.37924,41.79637]],[[-71.37924,41.79637],[-71.37924,41.79637]],[[-71.37924,41.79637],[-71.37924,41.79637]],[[-71.37924,41.79637],[-71.37924,41.79638]],[[-71.37924,41.79638],[-71.37924,41.79638]],[[-71.37924,41.79638],[-71.37924,41.79638]],[[-71.37924,41.79638],[-71.37925,41.79638]],[[-71.37925,41.79638],[-71.37925,41.79639]],[[-71.37925,41.79639],[-71.37925,41.79639]],[[-71.37925,41.79639],[-71.37925,41.79639]],[[-71.37925,41.79639],[-71.37925,41.7964]],[[-71.37925,41.7964],[-71.37926,41.7964]],[[-71.37926,41.7964],[-71.37926,41.7964]],[[-71.37926,41.7964],[-71.37926,41.7964]],[[-71.37926,41.7964],[-71.37926,41.7964]],[[-71.37926,41.7964],[-71.37926,41.79641]],[[-71.37926,41.79641],[-71.37927,41.79641]],[[-71.37927,41.79641],[-71.37927,41.79641]],[[-71.37927,41.79641],[-71.37927,41.79642]],[[-71.37927,41.79642],[-71.37928,41.79642]],[[-71.37928,41.79642],[-71.37928,41.79643]],[[-71.37928,41.79643],[-71.37928,41.79643]],[[-71.37928,41.79643],[-71.37928,41.79643]],[[-71.37928,41.79643],[-71.37928,41.79644]],[[-71.37928,41.79644],[-71.37928,41.79644]],[[-71.37928,41.79644],[-71.37929,41.79644]],[[-71.37929,41.79644],[-71.37929,41.79645]],[[-71.37929,41.79645],[-71.37929,41.79645]],[[-71.37929,41.79645],[-71.37929,41.79645]],[[-71.37929,41.79645],[-71.37929,41.79645]],[[-71.37929,41.79645],[-71.37929,41.79646]],[[-71.37929,41.79646],[-71.37929,41.79646]],[[-71.37929,41.79646],[-71.37929,41.79646]],[[-71.37929,41.79646],[-71.3793,41.79646]],[[-71.3793,41.79646],[-71.3793,41.79647]],[[-71.3793,41.79647],[-71.3793,41.79647]],[[-71.3793,41.79647],[-71.3793,41.79648]],[[-71.3793,41.79648],[-71.3793,41.79648]],[[-71.3793,41.79648],[-71.37931,41.79648]],[[-71.37931,41.79648],[-71.37931,41.79649]],[[-71.37931,41.79649],[-71.37931,41.79649]],[[-71.37931,41.79649],[-71.37931,41.79649]],[[-71.37931,41.79649],[-71.37931,41.79649]],[[-71.37931,41.79649],[-71.37932,41.7965]],[[-71.37932,41.7965],[-71.37932,41.7965]],[[-71.37932,41.7965],[-71.37933,41.7965]],[[-71.37933,41.7965],[-71.37933,41.79651]],[[-71.37933,41.79651],[-71.37933,41.79651]],[[-71.37933,41.79651],[-71.37934,41.79651]],[[-71.37934,41.79651],[-71.37934,41.79651]],[[-71.37934,41.79651],[-71.37934,41.79652]],[[-71.37934,41.79652],[-71.37934,41.79652]],[[-71.37934,41.79652],[-71.37935,41.79652]],[[-71.37935,41.79652],[-71.37935,41.79652]],[[-71.37935,41.79652],[-71.37936,41.79652]],[[-71.37936,41.79652],[-71.37936,41.79652]],[[-71.37936,41.79652],[-71.37937,41.79653]],[[-71.37937,41.79653],[-71.37937,41.79653]],[[-71.37937,41.79653],[-71.37938,41.79653]],[[-71.37938,41.79653],[-71.37938,41.79653]],[[-71.37938,41.79653],[-71.37939,41.79653]],[[-71.37939,41.79653],[-71.37939,41.79653]],[[-71.37939,41.79653],[-71.37939,41.79653]],[[-71.37939,41.79653],[-71.3794,41.79653]],[[-71.3794,41.79653],[-71.3794,41.79653]],[[-71.3794,41.79653],[-71.37941,41.79653]],[[-71.37941,41.79653],[-71.37941,41.79653]],[[-71.37941,41.79653],[-71.37942,41.79653]],[[-71.37942,41.79653],[-71.37942,41.79653]],[[-71.37942,41.79653],[-71.37942,41.79653]],[[-71.37942,41.79653],[-71.37943,41.79653]],[[-71.37943,41.79653],[-71.37943,41.79653]],[[-71.37943,41.79653],[-71.37943,41.79653]],[[-71.37943,41.79653],[-71.37944,41.79653]],[[-71.37944,41.79653],[-71.37944,41.79653]],[[-71.37944,41.79653],[-71.37945,41.79653]],[[-71.37945,41.79653],[-71.37945,41.79653]],[[-71.37945,41.79653],[-71.37945,41.79653]],[[-71.37945,41.79653],[-71.37946,41.79652]],[[-71.37946,41.79652],[-71.37946,41.79652]],[[-71.37946,41.79652],[-71.37947,41.79652]],[[-71.37947,41.79652],[-71.37947,41.79652]],[[-71.37947,41.79652],[-71.37948,41.79652]],[[-71.37948,41.79652],[-71.37948,41.79652]],[[-71.37948,41.79652],[-71.37949,41.79652]],[[-71.37949,41.79652],[-71.37949,41.79652]],[[-71.37949,41.79652],[-71.37949,41.79652]],[[-71.37949,41.79652],[-71.3795,41.79652]],[[-71.3795,41.79652],[-71.3795,41.79651]],[[-71.3795,41.79651],[-71.37951,41.79651]],[[-71.37951,41.79651],[-71.37951,41.79651]],[[-71.37951,41.79651],[-71.37951,41.79651]],[[-71.37951,41.79651],[-71.37952,41.79651]],[[-71.37952,41.79651],[-71.37952,41.79651]],[[-71.37952,41.79651],[-71.37952,41.79651]],[[-71.37952,41.79651],[-71.37953,41.79651]],[[-71.37953,41.79651],[-71.37953,41.7965]],[[-71.37953,41.7965],[-71.37954,41.7965]],[[-71.37954,41.7965],[-71.37954,41.7965]],[[-71.37954,41.7965],[-71.37954,41.7965]],[[-71.37954,41.7965],[-71.37954,41.7965]],[[-71.37954,41.7965],[-71.37955,41.79649]],[[-71.37955,41.79649],[-71.37955,41.79649]],[[-71.37955,41.79649],[-71.37955,41.79649]],[[-71.37955,41.79649],[-71.37956,41.79649]],[[-71.37956,41.79649],[-71.37956,41.79648]],[[-71.37956,41.79648],[-71.37956,41.79648]],[[-71.37956,41.79648],[-71.37956,41.79648]],[[-71.37956,41.79648],[-71.37957,41.79648]],[[-71.37957,41.79648],[-71.37957,41.79647]],[[-71.37957,41.79647],[-71.37957,41.79647]],[[-71.37957,41.79647],[-71.37957,41.79647]],[[-71.37957,41.79647],[-71.37958,41.79647]],[[-71.37958,41.79647],[-71.37958,41.79646]],[[-71.37958,41.79646],[-71.37958,41.79646]],[[-71.37958,41.79646],[-71.37958,41.79646]],[[-71.37958,41.79646],[-71.37959,41.79646]],[[-71.37959,41.79646],[-71.37959,41.79645]],[[-71.37959,41.79645],[-71.37959,41.79645]],[[-71.37959,41.79645],[-71.37959,41.79645]],[[-71.37959,41.79645],[-71.3796,41.79644]],[[-71.3796,41.79644],[-71.3796,41.79644]],[[-71.3796,41.79644],[-71.3796,41.79644]],[[-71.3796,41.79644],[-71.3796,41.79644]],[[-71.3796,41.79644],[-71.37961,41.79643]],[[-71.37961,41.79643],[-71.37961,41.79643]],[[-71.37961,41.79643],[-71.37961,41.79643]],[[-71.37961,41.79643],[-71.37961,41.79643]],[[-71.37961,41.79643],[-71.37962,41.79642]],[[-71.37962,41.79642],[-71.37962,41.79642]],[[-71.37962,41.79642],[-71.37962,41.79642]],[[-71.37962,41.79642],[-71.37963,41.79641]],[[-71.37963,41.79641],[-71.37963,41.79641]],[[-71.37963,41.79641],[-71.37963,41.79641]],[[-71.37963,41.79641],[-71.37964,41.7964]],[[-71.37964,41.7964],[-71.37964,41.7964]],[[-71.37964,41.7964],[-71.37964,41.7964]],[[-71.37964,41.7964],[-71.37965,41.7964]],[[-71.37965,41.7964],[-71.37966,41.79639]],[[-71.37966,41.79639],[-71.37966,41.79639]],[[-71.37966,41.79639],[-71.37966,41.79639]],[[-71.37966,41.79639],[-71.37967,41.79639]],[[-71.37967,41.79639],[-71.37967,41.79639]],[[-71.37967,41.79639],[-71.37967,41.79639]],[[-71.37967,41.79639],[-71.37968,41.79638]],[[-71.37968,41.79638],[-71.37969,41.79638]],[[-71.37969,41.79638],[-71.37969,41.79638]],[[-71.37969,41.79638],[-71.3797,41.79638]],[[-71.3797,41.79638],[-71.3797,41.79637]],[[-71.3797,41.79637],[-71.3797,41.79637]],[[-71.3797,41.79637],[-71.3797,41.79637]],[[-71.3797,41.79637],[-71.37971,41.79637]],[[-71.37971,41.79637],[-71.37971,41.79637]],[[-71.37971,41.79637],[-71.37972,41.79637]],[[-71.37972,41.79637],[-71.37972,41.79636]],[[-71.37972,41.79636],[-71.37972,41.79636]],[[-71.37972,41.79636],[-71.37973,41.79636]],[[-71.37973,41.79636],[-71.37973,41.79636]],[[-71.37973,41.79636],[-71.37973,41.79636]],[[-71.37973,41.79636],[-71.37974,41.79635]],[[-71.37974,41.79635],[-71.37974,41.79635]],[[-71.37974,41.79635],[-71.37974,41.79635]],[[-71.37974,41.79635],[-71.37975,41.79634]],[[-71.37975,41.79634],[-71.37975,41.79634]],[[-71.37975,41.79634],[-71.37975,41.79634]],[[-71.37975,41.79634],[-71.37975,41.79633]],[[-71.37975,41.79633],[-71.37975,41.79633]],[[-71.37975,41.79633],[-71.37976,41.79633]],[[-71.37976,41.79633],[-71.37976,41.79632]],[[-71.37976,41.79632],[-71.37976,41.79632]],[[-71.37976,41.79632],[-71.37976,41.79632]],[[-71.37976,41.79632],[-71.37976,41.79632]],[[-71.37976,41.79632],[-71.37977,41.79632]],[[-71.37977,41.79632],[-71.37977,41.79631]],[[-71.37977,41.79631],[-71.37977,41.79631]],[[-71.37977,41.79631],[-71.37977,41.79631]],[[-71.37977,41.79631],[-71.37977,41.7963]],[[-71.37977,41.7963],[-71.37977,41.7963]],[[-71.37977,41.7963],[-71.37978,41.7963]],[[-71.37978,41.7963],[-71.37978,41.79629]],[[-71.37978,41.79629],[-71.37978,41.79629]],[[-71.37978,41.79629],[-71.37978,41.79629]],[[-71.37978,41.79629],[-71.37978,41.79629]],[[-71.37978,41.79629],[-71.37978,41.79628]],[[-71.37978,41.79628],[-71.37979,41.79628]],[[-71.37979,41.79628],[-71.37979,41.79628]],[[-71.37979,41.79628],[-71.37979,41.79627]],[[-71.37979,41.79627],[-71.37979,41.79627]],[[-71.37979,41.79627],[-71.37979,41.79627]],[[-71.37979,41.79627],[-71.37979,41.79626]],[[-71.37979,41.79626],[-71.37979,41.79626]],[[-71.37979,41.79626],[-71.3798,41.79626]],[[-71.3798,41.79626],[-71.3798,41.79625]],[[-71.3798,41.79625],[-71.3798,41.79625]],[[-71.3798,41.79625],[-71.3798,41.79625]],[[-71.3798,41.79625],[-71.3798,41.79624]],[[-71.3798,41.79624],[-71.3798,41.79624]],[[-71.3798,41.79624],[-71.37981,41.79623]],[[-71.37981,41.79623],[-71.37981,41.79623]],[[-71.37981,41.79623],[-71.37981,41.79623]],[[-71.37981,41.79623],[-71.37981,41.79623]],[[-71.37981,41.79623],[-71.37981,41.79622]],[[-71.37981,41.79622],[-71.37982,41.79621]],[[-71.37982,41.79621],[-71.37982,41.79621]],[[-71.37982,41.79621],[-71.37982,41.79621]],[[-71.37982,41.79621],[-71.37982,41.7962]],[[-71.37982,41.7962],[-71.37982,41.7962]],[[-71.37982,41.7962],[-71.37982,41.79619]],[[-71.37982,41.79619],[-71.37982,41.79619]],[[-71.37982,41.79619],[-71.37983,41.79619]],[[-71.37983,41.79619],[-71.37983,41.79619]],[[-71.37983,41.79619],[-71.37983,41.79618]],[[-71.37983,41.79618],[-71.37983,41.79618]],[[-71.37983,41.79618],[-71.37983,41.79618]],[[-71.37983,41.79618],[-71.37983,41.79618]],[[-71.37983,41.79618],[-71.37983,41.79617]],[[-71.37983,41.79617],[-71.37983,41.79617]],[[-71.37983,41.79617],[-71.37983,41.79617]],[[-71.37983,41.79617],[-71.37983,41.79616]],[[-71.37983,41.79616],[-71.37983,41.79616]],[[-71.37983,41.79616],[-71.37983,41.79616]],[[-71.37983,41.79616],[-71.37983,41.79615]],[[-71.37983,41.79615],[-71.37983,41.79615]],[[-71.37983,41.79615],[-71.37983,41.79615]],[[-71.37983,41.79615],[-71.37983,41.79615]],[[-71.37983,41.79615],[-71.37984,41.79614]],[[-71.37984,41.79614],[-71.37984,41.79614]],[[-71.37984,41.79614],[-71.37984,41.79614]],[[-71.37984,41.79614],[-71.37984,41.79613]],[[-71.37984,41.79613],[-71.37984,41.79613]],[[-71.37984,41.79613],[-71.37984,41.79613]],[[-71.37984,41.79613],[-71.37984,41.79612]],[[-71.37984,41.79612],[-71.37984,41.79612]],[[-71.37984,41.79612],[-71.37984,41.79612]],[[-71.37984,41.79612],[-71.37984,41.79612]],[[-71.37984,41.79612],[-71.37985,41.79611]],[[-71.37985,41.79611],[-71.37985,41.79611]],[[-71.37985,41.79611],[-71.37985,41.79611]],[[-71.37985,41.79611],[-71.37985,41.7961]],[[-71.37985,41.7961],[-71.37985,41.7961]],[[-71.37985,41.7961],[-71.37985,41.7961]],[[-71.37985,41.7961],[-71.37985,41.7961]],[[-71.37985,41.7961],[-71.37986,41.79609]],[[-71.37986,41.79609],[-71.37986,41.79609]],[[-71.37986,41.79609],[-71.37986,41.79609]],[[-71.37986,41.79609],[-71.37986,41.79609]],[[-71.37986,41.79609],[-71.37986,41.79608]],[[-71.37986,41.79608],[-71.37986,41.79608]],[[-71.37986,41.79608],[-71.37987,41.79608]],[[-71.37987,41.79608],[-71.37987,41.79607]],[[-71.37987,41.79607],[-71.37987,41.79607]],[[-71.37987,41.79607],[-71.37987,41.79607]],[[-71.37987,41.79607],[-71.37987,41.79606]],[[-71.37987,41.79606],[-71.37987,41.79606]],[[-71.37987,41.79606],[-71.37987,41.79606]],[[-71.37987,41.79606],[-71.37988,41.79605]],[[-71.37988,41.79605],[-71.37988,41.79605]],[[-71.37988,41.79605],[-71.37988,41.79605]],[[-71.37988,41.79605],[-71.37988,41.79604]],[[-71.37988,41.79604],[-71.37988,41.79604]],[[-71.37988,41.79604],[-71.37988,41.79604]],[[-71.37988,41.79604],[-71.37989,41.79603]],[[-71.37989,41.79603],[-71.37989,41.79602]],[[-71.37989,41.79602],[-71.37989,41.79602]],[[-71.37989,41.79602],[-71.37989,41.79602]],[[-71.37989,41.79602],[-71.37989,41.79602]],[[-71.37989,41.79602],[-71.37989,41.79601]],[[-71.37989,41.79601],[-71.37989,41.79601]],[[-71.37989,41.79601],[-71.3799,41.79601]],[[-71.3799,41.79601],[-71.3799,41.796]],[[-71.3799,41.796],[-71.3799,41.796]],[[-71.3799,41.796],[-71.3799,41.796]],[[-71.3799,41.796],[-71.3799,41.796]],[[-71.3799,41.796],[-71.3799,41.79599]],[[-71.3799,41.79599],[-71.3799,41.79599]],[[-71.3799,41.79599],[-71.3799,41.79599]],[[-71.3799,41.79599],[-71.3799,41.79598]],[[-71.3799,41.79598],[-71.3799,41.79598]],[[-71.3799,41.79598],[-71.3799,41.79598]],[[-71.3799,41.79598],[-71.3799,41.79597]],[[-71.3799,41.79597],[-71.3799,41.79597]],[[-71.3799,41.79597],[-71.3799,41.79597]],[[-71.3799,41.79597],[-71.3799,41.79597]],[[-71.3799,41.79597],[-71.3799,41.79596]],[[-71.3799,41.79596],[-71.3799,41.79596]],[[-71.3799,41.79596],[-71.3799,41.79596]],[[-71.3799,41.79596],[-71.3799,41.79595]],[[-71.3799,41.79595],[-71.3799,41.79595]],[[-71.3799,41.79595],[-71.3799,41.79595]],[[-71.3799,41.79595],[-71.3799,41.79595]],[[-71.3799,41.79595],[-71.3799,41.79594]],[[-71.3799,41.79594],[-71.37989,41.79594]],[[-71.37989,41.79594],[-71.37989,41.79594]],[[-71.37989,41.79594],[-71.37989,41.79594]],[[-71.37989,41.79594],[-71.37988,41.79594]],[[-71.37988,41.79594],[-71.37988,41.79593]],[[-71.37988,41.79593],[-71.37987,41.79593]],[[-71.37987,41.79593],[-71.37987,41.79593]],[[-71.37987,41.79593],[-71.37986,41.79593]],[[-71.37986,41.79593],[-71.37986,41.79593]],[[-71.37986,41.79593],[-71.37985,41.79593]],[[-71.37985,41.79593],[-71.37985,41.79593]],[[-71.37985,41.79593],[-71.37985,41.79593]],[[-71.37985,41.79593],[-71.37984,41.79593]],[[-71.37984,41.79593],[-71.37984,41.79594]],[[-71.37984,41.79594],[-71.37983,41.79594]],[[-71.37983,41.79594],[-71.37983,41.79594]],[[-71.37983,41.79594],[-71.37983,41.79594]],[[-71.37983,41.79594],[-71.37982,41.79594]],[[-71.37982,41.79594],[-71.37982,41.79594]],[[-71.37982,41.79594],[-71.37981,41.79594]],[[-71.39413,41.79777],[-71.39407,41.7978],[-71.39406,41.79783],[-71.39413,41.79779],[-71.39413,41.79777]],[[-71.38874,41.81014],[-71.38872,41.81017],[-71.38873,41.81018],[-71.38875,41.81016],[-71.38874,41.81014]],[[-71.38282,41.79187],[-71.38274,41.79199],[-71.38278,41.79214],[-71.38304,41.79248],[-71.38319,41.79253],[-71.3833,41.79205],[-71.38315,41.79194],[-71.38282,41.79187]],[[-71.38625,41.80592],[-71.38623,41.80596],[-71.3863,41.80606],[-71.38646,41.80609],[-71.38633,41.80594],[-71.38625,41.80592]],[[-71.39983,41.79645],[-71.39982,41.79647],[-71.39986,41.79649],[-71.39987,41.79647],[-71.39983,41.79645]],[[-71.38709,41.81569],[-71.38708,41.81572],[-71.38714,41.8157],[-71.38712,41.81569],[-71.38709,41.81569]],[[-71.39976,41.79636],[-71.39974,41.79638],[-71.39978,41.79641],[-71.39979,41.79638],[-71.39976,41.79636]],[[-71.38192,41.82284],[-71.38191,41.82286],[-71.38194,41.82288],[-71.38195,41.82284],[-71.38192,41.82284]],[[-71.42078,41.82779],[-71.42071,41.82783],[-71.4207,41.82791],[-71.42073,41.82798],[-71.42081,41.828],[-71.42079,41.82793],[-71.42085,41.82782],[-71.42078,41.82779]],[[-71.40933,41.82708],[-71.40901,41.82712],[-71.40899,41.82715],[-71.40907,41.82727],[-71.40915,41.82729],[-71.40933,41.82728],[-71.40955,41.82717],[-71.4095,41.82709],[-71.40933,41.82708]],[[-71.38488,41.79014],[-71.38326,41.79126],[-71.38395,41.79217],[-71.38403,41.79219],[-71.38416,41.79212]],[[-71.38416,41.79212],[-71.38589,41.79093],[-71.38581,41.79079],[-71.38583,41.79069],[-71.38561,41.79065],[-71.38499,41.79016],[-71.38488,41.79014]],[[-71.41395,41.82153],[-71.41394,41.82154]],[[-71.41394,41.82154],[-71.41394,41.82154]],[[-71.41394,41.82154],[-71.41393,41.82154]],[[-71.41393,41.82154],[-71.41393,41.82154]],[[-71.41393,41.82154],[-71.41393,41.82154]],[[-71.41393,41.82154],[-71.41393,41.82154]],[[-71.41393,41.82154],[-71.41392,41.82155]],[[-71.41392,41.82155],[-71.41392,41.82155]],[[-71.41392,41.82155],[-71.41391,41.82155]],[[-71.41391,41.82155],[-71.41391,41.82155]],[[-71.41391,41.82155],[-71.41391,41.82155]],[[-71.41391,41.82155],[-71.4139,41.82156]],[[-71.4139,41.82156],[-71.4139,41.82156]],[[-71.4139,41.82156],[-71.41389,41.82156]],[[-71.41389,41.82156],[-71.41389,41.82156]],[[-71.41389,41.82156],[-71.41389,41.82156]],[[-71.41389,41.82156],[-71.41388,41.82156]],[[-71.41388,41.82156],[-71.41388,41.82157]],[[-71.41388,41.82157],[-71.41388,41.82157]],[[-71.41388,41.82157],[-71.41387,41.82157]],[[-71.41387,41.82157],[-71.41387,41.82157]],[[-71.41387,41.82157],[-71.41387,41.82157]],[[-71.41387,41.82157],[-71.41386,41.82157]],[[-71.41386,41.82157],[-71.41385,41.82158]],[[-71.41385,41.82158],[-71.41385,41.82158]],[[-71.41385,41.82158],[-71.41385,41.82158]],[[-71.41385,41.82158],[-71.41385,41.82158]],[[-71.41385,41.82158],[-71.41384,41.82159]],[[-71.41384,41.82159],[-71.41384,41.82159]],[[-71.41384,41.82159],[-71.41383,41.82159]],[[-71.41383,41.82159],[-71.41383,41.82159]],[[-71.41383,41.82159],[-71.41383,41.82159]],[[-71.41383,41.82159],[-71.41382,41.8216]],[[-71.41382,41.8216],[-71.41382,41.8216]],[[-71.41382,41.8216],[-71.41382,41.8216]],[[-71.41382,41.8216],[-71.41381,41.8216]],[[-71.41381,41.8216],[-71.41381,41.8216]],[[-71.41381,41.8216],[-71.41381,41.82161]],[[-71.41381,41.82161],[-71.4138,41.82161]],[[-71.4138,41.82161],[-71.4138,41.82161]],[[-71.4138,41.82161],[-71.4138,41.82161]],[[-71.4138,41.82161],[-71.41379,41.82162]],[[-71.41379,41.82162],[-71.41379,41.82162]],[[-71.41379,41.82162],[-71.41379,41.82162]],[[-71.41379,41.82162],[-71.41379,41.82162]],[[-71.41379,41.82162],[-71.41378,41.82162]],[[-71.41378,41.82162],[-71.41378,41.82163]],[[-71.41378,41.82163],[-71.41378,41.82163]],[[-71.41378,41.82163],[-71.41377,41.82163]],[[-71.41377,41.82163],[-71.41377,41.82163]],[[-71.41377,41.82163],[-71.41377,41.82164]],[[-71.41377,41.82164],[-71.41377,41.82164]],[[-71.41377,41.82164],[-71.41376,41.82164]],[[-71.41376,41.82164],[-71.41376,41.82164]],[[-71.41376,41.82164],[-71.41376,41.82165]],[[-71.41376,41.82165],[-71.41376,41.82165]],[[-71.41376,41.82165],[-71.41375,41.82165]],[[-71.41375,41.82165],[-71.41375,41.82166]],[[-71.41375,41.82166],[-71.41375,41.82166]],[[-71.41375,41.82166],[-71.41375,41.82166]],[[-71.41375,41.82166],[-71.41375,41.82167]],[[-71.41375,41.82167],[-71.41375,41.82167]],[[-71.41375,41.82167],[-71.41375,41.82167]],[[-71.41375,41.82167],[-71.41374,41.82167]],[[-71.41374,41.82167],[-71.41374,41.82168]],[[-71.41374,41.82168],[-71.41374,41.82168]],[[-71.41374,41.82168],[-71.41374,41.82168]],[[-71.41374,41.82168],[-71.41374,41.82169]],[[-71.41374,41.82169],[-71.41374,41.82169]],[[-71.41374,41.82169],[-71.41374,41.82169]],[[-71.41374,41.82169],[-71.41374,41.82169]],[[-71.41374,41.82169],[-71.41374,41.8217]],[[-71.41374,41.8217],[-71.41374,41.8217]],[[-71.41374,41.8217],[-71.41374,41.8217]],[[-71.41374,41.8217],[-71.41374,41.82171]],[[-71.41374,41.82171],[-71.41374,41.82171]],[[-71.41374,41.82171],[-71.41374,41.82171]],[[-71.41374,41.82171],[-71.41374,41.82172]],[[-71.41374,41.82172],[-71.41374,41.82172]],[[-71.41374,41.82172],[-71.41374,41.82172]],[[-71.41374,41.82172],[-71.41374,41.82173]],[[-71.41374,41.82173],[-71.41374,41.82173]],[[-71.41374,41.82173],[-71.41374,41.82173]],[[-71.41374,41.82173],[-71.41373,41.82174]],[[-71.41373,41.82174],[-71.41373,41.82174]],[[-71.41373,41.82174],[-71.41373,41.82174]],[[-71.41373,41.82174],[-71.41373,41.82175]],[[-71.41373,41.82175],[-71.41373,41.82175]],[[-71.41373,41.82175],[-71.41373,41.82175]],[[-71.41373,41.82175],[-71.41373,41.82176]],[[-71.41373,41.82176],[-71.41372,41.82176]],[[-71.41372,41.82176],[-71.41372,41.82176]],[[-71.41372,41.82176],[-71.41372,41.82177]],[[-71.41372,41.82177],[-71.41372,41.82177]],[[-71.41372,41.82177],[-71.41372,41.82178]],[[-71.41372,41.82178],[-71.41372,41.82178]],[[-71.41372,41.82178],[-71.41372,41.82178]],[[-71.41372,41.82178],[-71.41372,41.82178]],[[-71.41372,41.82178],[-71.41372,41.82178]],[[-71.41372,41.82178],[-71.41372,41.82179]],[[-71.41372,41.82179],[-71.41372,41.82179]],[[-71.41372,41.82179],[-71.41371,41.82179]],[[-71.41371,41.82179],[-71.41371,41.8218]],[[-71.41371,41.8218],[-71.41371,41.8218]],[[-71.41371,41.8218],[-71.41371,41.8218]],[[-71.41371,41.8218],[-71.41371,41.82181]],[[-71.41371,41.82181],[-71.41371,41.82181]],[[-71.41371,41.82181],[-71.41371,41.82181]],[[-71.41371,41.82181],[-71.41371,41.82181]],[[-71.41371,41.82181],[-71.41371,41.82182]],[[-71.41371,41.82182],[-71.41371,41.82182]],[[-71.41371,41.82182],[-71.41371,41.82182]],[[-71.41371,41.82182],[-71.4137,41.82183]],[[-71.4137,41.82183],[-71.4137,41.82183]],[[-71.4137,41.82183],[-71.4137,41.82183]],[[-71.4137,41.82183],[-71.4137,41.82184]],[[-71.4137,41.82184],[-71.4137,41.82184]],[[-71.4137,41.82184],[-71.4137,41.82184]],[[-71.4137,41.82184],[-71.4137,41.82184]],[[-71.4137,41.82184],[-71.41369,41.82185]],[[-71.41369,41.82185],[-71.41369,41.82185]],[[-71.41369,41.82185],[-71.41369,41.82185]],[[-71.41369,41.82185],[-71.41369,41.82185]],[[-71.41369,41.82185],[-71.41369,41.82186]],[[-71.41369,41.82186],[-71.41369,41.82186]],[[-71.41369,41.82186],[-71.41368,41.82186]],[[-71.41368,41.82186],[-71.41368,41.82186]],[[-71.41368,41.82186],[-71.41368,41.82187]],[[-71.41368,41.82187],[-71.41368,41.82187]],[[-71.41368,41.82187],[-71.41368,41.82187]],[[-71.41368,41.82187],[-71.41368,41.82187]],[[-71.41368,41.82187],[-71.41368,41.82188]],[[-71.41368,41.82188],[-71.41367,41.82188]],[[-71.41367,41.82188],[-71.41367,41.82188]],[[-71.41367,41.82188],[-71.41367,41.82188]],[[-71.41367,41.82188],[-71.41367,41.82189]],[[-71.41367,41.82189],[-71.41367,41.82189]],[[-71.41367,41.82189],[-71.41367,41.82189]],[[-71.41367,41.82189],[-71.41367,41.82189]],[[-71.41367,41.82189],[-71.41367,41.8219]],[[-71.41367,41.8219],[-71.41367,41.8219]],[[-71.41367,41.8219],[-71.41367,41.82191]],[[-71.41367,41.82191],[-71.41367,41.82191]],[[-71.41367,41.82191],[-71.41367,41.82191]],[[-71.41367,41.82191],[-71.41366,41.82192]],[[-71.41366,41.82192],[-71.41366,41.82192]],[[-71.41366,41.82192],[-71.41367,41.82192]],[[-71.41367,41.82192],[-71.41367,41.82192]],[[-71.41367,41.82192],[-71.41367,41.82193]],[[-71.41367,41.82193],[-71.41367,41.82193]],[[-71.41367,41.82193],[-71.41367,41.82193]],[[-71.41367,41.82193],[-71.41367,41.82194]],[[-71.41367,41.82194],[-71.41367,41.82194]],[[-71.41367,41.82194],[-71.41367,41.82194]],[[-71.41367,41.82194],[-71.41367,41.82194]],[[-71.41367,41.82194],[-71.41368,41.82195]],[[-71.41368,41.82195],[-71.41368,41.82195]],[[-71.41368,41.82195],[-71.41368,41.82195]],[[-71.41368,41.82195],[-71.41369,41.82195]],[[-71.41369,41.82195],[-71.41369,41.82196]],[[-71.41369,41.82196],[-71.41369,41.82196]],[[-71.41369,41.82196],[-71.4137,41.82196]],[[-71.4137,41.82196],[-71.4137,41.82196]],[[-71.4137,41.82196],[-71.4137,41.82196]],[[-71.4137,41.82196],[-71.41371,41.82196]],[[-71.41371,41.82196],[-71.41371,41.82196]],[[-71.41371,41.82196],[-71.41372,41.82196]],[[-71.41372,41.82196],[-71.41372,41.82196]],[[-71.41372,41.82196],[-71.41373,41.82196]],[[-71.41373,41.82196],[-71.41373,41.82196]],[[-71.41373,41.82196],[-71.41373,41.82196]],[[-71.41373,41.82196],[-71.41374,41.82195]],[[-71.41374,41.82195],[-71.41374,41.82195]],[[-71.41374,41.82195],[-71.41375,41.82195]],[[-71.41375,41.82195],[-71.41375,41.82195]],[[-71.41375,41.82195],[-71.41376,41.82195]],[[-71.41376,41.82195],[-71.41376,41.82195]],[[-71.41376,41.82195],[-71.41376,41.82195]],[[-71.41376,41.82195],[-71.41377,41.82195]],[[-71.41377,41.82195],[-71.41377,41.82195]],[[-71.41377,41.82195],[-71.41377,41.82194]],[[-71.41377,41.82194],[-71.41378,41.82194]],[[-71.41378,41.82194],[-71.41378,41.82194]],[[-71.41378,41.82194],[-71.41378,41.82194]],[[-71.41378,41.82194],[-71.41379,41.82194]],[[-71.41379,41.82194],[-71.41379,41.82194]],[[-71.41379,41.82194],[-71.41379,41.82193]],[[-71.41379,41.82193],[-71.4138,41.82193]],[[-71.4138,41.82193],[-71.4138,41.82193]],[[-71.4138,41.82193],[-71.41381,41.82193]],[[-71.41381,41.82193],[-71.41382,41.82192]],[[-71.41382,41.82192],[-71.41382,41.82192]],[[-71.41382,41.82192],[-71.41382,41.82192]],[[-71.41382,41.82192],[-71.41383,41.82192]],[[-71.41383,41.82192],[-71.41383,41.82192]],[[-71.41383,41.82192],[-71.41383,41.82191]],[[-71.41383,41.82191],[-71.41384,41.82191]],[[-71.41384,41.82191],[-71.41385,41.82191]],[[-71.41385,41.82191],[-71.41385,41.82191]],[[-71.41385,41.82191],[-71.41385,41.8219]],[[-71.41385,41.8219],[-71.41385,41.8219]],[[-71.41385,41.8219],[-71.41386,41.8219]],[[-71.41386,41.8219],[-71.41386,41.82189]],[[-71.41386,41.82189],[-71.41387,41.82189]],[[-71.41387,41.82189],[-71.41387,41.82189]],[[-71.41387,41.82189],[-71.41387,41.82189]],[[-71.41387,41.82189],[-71.41388,41.82189]],[[-71.41388,41.82189],[-71.41388,41.82189]],[[-71.41388,41.82189],[-71.41388,41.82188]],[[-71.41388,41.82188],[-71.41389,41.82188]],[[-71.41389,41.82188],[-71.41389,41.82188]],[[-71.41389,41.82188],[-71.41389,41.82188]],[[-71.41389,41.82188],[-71.4139,41.82187]],[[-71.4139,41.82187],[-71.4139,41.82187]],[[-71.4139,41.82187],[-71.4139,41.82187]],[[-71.4139,41.82187],[-71.4139,41.82187]],[[-71.4139,41.82187],[-71.41391,41.82187]],[[-71.41391,41.82187],[-71.41391,41.82186]],[[-71.41391,41.82186],[-71.41391,41.82186]],[[-71.41391,41.82186],[-71.41392,41.82186]],[[-71.41392,41.82186],[-71.41392,41.82186]],[[-71.41392,41.82186],[-71.41392,41.82185]],[[-71.41392,41.82185],[-71.41392,41.82185]],[[-71.41392,41.82185],[-71.41393,41.82185]],[[-71.41393,41.82185],[-71.41393,41.82185]],[[-71.41393,41.82185],[-71.41393,41.82184]],[[-71.41393,41.82184],[-71.41393,41.82184]],[[-71.41393,41.82184],[-71.41393,41.82184]],[[-71.41393,41.82184],[-71.41393,41.82183]],[[-71.41393,41.82183],[-71.41393,41.82183]],[[-71.41393,41.82183],[-71.41393,41.82183]],[[-71.41393,41.82183],[-71.41393,41.82182]],[[-71.41393,41.82182],[-71.41393,41.82182]],[[-71.41393,41.82182],[-71.41393,41.82182]],[[-71.41393,41.82182],[-71.41393,41.82182]],[[-71.41393,41.82182],[-71.41393,41.82181]],[[-71.41393,41.82181],[-71.41393,41.82181]],[[-71.41393,41.82181],[-71.41392,41.82181]],[[-71.41392,41.82181],[-71.41392,41.8218]],[[-71.41392,41.8218],[-71.41392,41.8218]],[[-71.41392,41.8218],[-71.41392,41.8218]],[[-71.41392,41.8218],[-71.41392,41.8218]],[[-71.41392,41.8218],[-71.41392,41.82179]],[[-71.41392,41.82179],[-71.41392,41.82179]],[[-71.41392,41.82179],[-71.41392,41.82179]],[[-71.41392,41.82179],[-71.41392,41.82178]],[[-71.41392,41.82178],[-71.41392,41.82178]],[[-71.41392,41.82178],[-71.41392,41.82178]],[[-71.41392,41.82178],[-71.41392,41.82178]],[[-71.41392,41.82178],[-71.41392,41.82177]],[[-71.41392,41.82177],[-71.41392,41.82177]],[[-71.41392,41.82177],[-71.41392,41.82177]],[[-71.41392,41.82177],[-71.41392,41.82176]],[[-71.41392,41.82176],[-71.41392,41.82176]],[[-71.41392,41.82176],[-71.41392,41.82176]],[[-71.41392,41.82176],[-71.41392,41.82175]],[[-71.41392,41.82175],[-71.41392,41.82175]],[[-71.41392,41.82175],[-71.41392,41.82175]],[[-71.41392,41.82175],[-71.41392,41.82174]],[[-71.41392,41.82174],[-71.41392,41.82174]],[[-71.41392,41.82174],[-71.41392,41.82174]],[[-71.41392,41.82174],[-71.41392,41.82173]],[[-71.41392,41.82173],[-71.41392,41.82173]],[[-71.41392,41.82173],[-71.41392,41.82173]],[[-71.41392,41.82173],[-71.41392,41.82172]],[[-71.41392,41.82172],[-71.41392,41.82172]],[[-71.41392,41.82172],[-71.41392,41.82172]],[[-71.41392,41.82172],[-71.41392,41.82171]],[[-71.41392,41.82171],[-71.41393,41.82171]],[[-71.41393,41.82171],[-71.41393,41.8217]],[[-71.41393,41.8217],[-71.41393,41.8217]],[[-71.41393,41.8217],[-71.41393,41.8217]],[[-71.41393,41.8217],[-71.41393,41.8217]],[[-71.41393,41.8217],[-71.41393,41.82169]],[[-71.41393,41.82169],[-71.41393,41.82169]],[[-71.41393,41.82169],[-71.41393,41.82169]],[[-71.41393,41.82169],[-71.41393,41.82169]],[[-71.41393,41.82169],[-71.41393,41.82168]],[[-71.41393,41.82168],[-71.41393,41.82168]],[[-71.41393,41.82168],[-71.41393,41.82168]],[[-71.41393,41.82168],[-71.41393,41.82167]],[[-71.41393,41.82167],[-71.41394,41.82167]],[[-71.41394,41.82167],[-71.41394,41.82167]],[[-71.41394,41.82167],[-71.41394,41.82166]],[[-71.41394,41.82166],[-71.41394,41.82166]],[[-71.41394,41.82166],[-71.41394,41.82166]],[[-71.41394,41.82166],[-71.41394,41.82166]],[[-71.41394,41.82166],[-71.41394,41.82165]],[[-71.41394,41.82165],[-71.41394,41.82165]],[[-71.41394,41.82165],[-71.41394,41.82165]],[[-71.41394,41.82165],[-71.41394,41.82164]],[[-71.41394,41.82164],[-71.41395,41.82164]],[[-71.41395,41.82164],[-71.41395,41.82164]],[[-71.41395,41.82164],[-71.41395,41.82163]],[[-71.41395,41.82163],[-71.41395,41.82163]],[[-71.41395,41.82163],[-71.41395,41.82163]],[[-71.41395,41.82163],[-71.41395,41.82163]],[[-71.41395,41.82163],[-71.41395,41.82162]],[[-71.41395,41.82162],[-71.41396,41.82162]],[[-71.41396,41.82162],[-71.41396,41.82161]],[[-71.41396,41.82161],[-71.41396,41.82161]],[[-71.41396,41.82161],[-71.41396,41.82161]],[[-71.41396,41.82161],[-71.41396,41.8216]],[[-71.41396,41.8216],[-71.41396,41.8216]],[[-71.41396,41.8216],[-71.41396,41.8216]],[[-71.41396,41.8216],[-71.41396,41.8216]],[[-71.41396,41.8216],[-71.41396,41.82159]],[[-71.41396,41.82159],[-71.41396,41.82159]],[[-71.41396,41.82159],[-71.41397,41.82159]],[[-71.41397,41.82159],[-71.41397,41.82158]],[[-71.41397,41.82158],[-71.41397,41.82158]],[[-71.41397,41.82158],[-71.41397,41.82158]],[[-71.41397,41.82158],[-71.41397,41.82157]],[[-71.41397,41.82157],[-71.41397,41.82157]],[[-71.41397,41.82157],[-71.41397,41.82157]],[[-71.41397,41.82157],[-71.41397,41.82157]],[[-71.41397,41.82157],[-71.41397,41.82156]],[[-71.41397,41.82156],[-71.41397,41.82156]],[[-71.41397,41.82156],[-71.41397,41.82156]],[[-71.41397,41.82156],[-71.41397,41.82155]],[[-71.41397,41.82155],[-71.41397,41.82155]],[[-71.41397,41.82155],[-71.41397,41.82155]],[[-71.41397,41.82155],[-71.41397,41.82154]],[[-71.41397,41.82154],[-71.41397,41.82154]],[[-71.41397,41.82154],[-71.41397,41.82154]],[[-71.41397,41.82154],[-71.41397,41.82154]],[[-71.41397,41.82154],[-71.41396,41.82153]],[[-71.41396,41.82153],[-71.41396,41.82153]],[[-71.41396,41.82153],[-71.41396,41.82153]],[[-71.41396,41.82153],[-71.41395,41.82153]],[[-71.3926,41.79701],[-71.39295,41.79708],[-71.39284,41.79718],[-71.39262,41.79724],[-71.39222,41.79717],[-71.39228,41.79707],[-71.3926,41.79701]],[[-71.43348,41.82803],[-71.43338,41.82811],[-71.43347,41.82829],[-71.43354,41.82831],[-71.43372,41.82813],[-71.43348,41.82803]],[[-71.39939,41.80278],[-71.39938,41.8028],[-71.39943,41.80283],[-71.39944,41.8028],[-71.39939,41.80278]],[[-71.38489,41.79032],[-71.38543,41.79073],[-71.38544,41.79089],[-71.38561,41.79092],[-71.38415,41.79194]],[[-71.38415,41.79194],[-71.38406,41.79199],[-71.384,41.79196],[-71.38349,41.79127],[-71.38489,41.79032]],[[-71.4213,41.82774],[-71.42098,41.82777],[-71.42089,41.8278],[-71.42102,41.82798],[-71.42136,41.82774],[-71.4213,41.82774]],[[-71.38845,41.7947],[-71.3888,41.7947],[-71.38893,41.79477],[-71.38848,41.79505],[-71.38839,41.79497],[-71.38841,41.79483],[-71.38825,41.79486],[-71.38821,41.79482],[-71.38845,41.7947]],[[-71.42959,41.83096],[-71.42978,41.83104],[-71.4299,41.83121],[-71.42989,41.83135],[-71.42978,41.83133],[-71.42956,41.83112],[-71.42952,41.83101],[-71.42959,41.83096]],[[-71.43878,41.82478],[-71.43873,41.82487],[-71.43881,41.82491],[-71.43882,41.8248],[-71.43878,41.82478]],[[-71.39331,41.79777],[-71.39136,41.79912],[-71.39138,41.79919],[-71.39224,41.79989]],[[-71.39224,41.79989],[-71.39247,41.80006],[-71.3931,41.80026],[-71.39386,41.79977],[-71.39389,41.79968],[-71.39344,41.79928],[-71.3936,41.79926],[-71.39389,41.79901],[-71.39367,41.79903],[-71.39347,41.79891]],[[-71.39347,41.79891],[-71.3932,41.79867],[-71.39316,41.7985],[-71.39294,41.79852],[-71.39298,41.79864],[-71.39292,41.79884],[-71.39254,41.79855],[-71.39306,41.79822],[-71.39312,41.79831],[-71.39318,41.79829],[-71.39335,41.79816],[-71.39326,41.79807],[-71.3933,41.79802],[-71.39344,41.79805],[-71.39353,41.798],[-71.39353,41.79791],[-71.39331,41.79777]],[[-71.42165,41.82769],[-71.42152,41.82774],[-71.42152,41.82775],[-71.4217,41.82778],[-71.42173,41.8277],[-71.42165,41.82769]],[[-71.38874,41.82239],[-71.38873,41.82241],[-71.38876,41.82245],[-71.38877,41.82241],[-71.38874,41.82239]],[[-71.43508,41.82366],[-71.43508,41.82366],[-71.43508,41.82366],[-71.43508,41.82366],[-71.43508,41.82366]],[[-71.41695,41.82585],[-71.4169,41.82587],[-71.41705,41.82606],[-71.41679,41.82623],[-71.41677,41.8263],[-71.41683,41.82638],[-71.41713,41.82654],[-71.41742,41.82663],[-71.41752,41.82661],[-71.41771,41.82644],[-71.41781,41.82621],[-71.41771,41.8261],[-71.41735,41.82593],[-71.41695,41.82585]],[[-71.38426,41.82622],[-71.38435,41.82624],[-71.38435,41.82635],[-71.38429,41.82642],[-71.38416,41.8264],[-71.38426,41.82649],[-71.38422,41.82662],[-71.38418,41.82651],[-71.38409,41.82642],[-71.38413,41.82639],[-71.38407,41.82631],[-71.38426,41.82622]],[[-71.42328,41.82819],[-71.42325,41.82821],[-71.42326,41.82824],[-71.42331,41.82822],[-71.42328,41.82819]],[[-71.40169,41.79703],[-71.40176,41.79704],[-71.40172,41.7971],[-71.40185,41.7971],[-71.40187,41.79717],[-71.40171,41.79717],[-71.40163,41.79724],[-71.40153,41.79722],[-71.40169,41.79703]],[[-71.41292,41.83289],[-71.41296,41.83296],[-71.41296,41.83299],[-71.41292,41.83292],[-71.41292,41.83289]],[[-71.41153,41.83155],[-71.41163,41.83161],[-71.41159,41.83201],[-71.41182,41.83234],[-71.41185,41.83261],[-71.41193,41.83269],[-71.41171,41.83306],[-71.41138,41.83322],[-71.41135,41.83341],[-71.41125,41.83359],[-71.41101,41.83428]],[[-71.41101,41.83428],[-71.41098,41.8347],[-71.41103,41.83496],[-71.41154,41.83554],[-71.4116,41.83568],[-71.41162,41.83588],[-71.41156,41.83585],[-71.41146,41.83557],[-71.41102,41.83509],[-71.41093,41.83489],[-71.41091,41.83467]],[[-71.41091,41.83467],[-71.4109,41.83425],[-71.41096,41.83387],[-71.41103,41.83369],[-71.41108,41.83326],[-71.41118,41.83315],[-71.41135,41.83189],[-71.41153,41.83155]],[[-71.42299,41.82675],[-71.42305,41.82675],[-71.42307,41.82677],[-71.42301,41.82679],[-71.42296,41.82677],[-71.42299,41.82675]],[[-71.41494,41.82177],[-71.41494,41.82179],[-71.41497,41.82179],[-71.41496,41.82177],[-71.41494,41.82177]],[[-71.40223,41.81946],[-71.40222,41.81946]],[[-71.40222,41.81946],[-71.40222,41.81946]],[[-71.40222,41.81946],[-71.40222,41.81946]],[[-71.40222,41.81946],[-71.40222,41.81947]],[[-71.40222,41.81947],[-71.40222,41.81947]],[[-71.40222,41.81947],[-71.40222,41.81947]],[[-71.40222,41.81947],[-71.40222,41.81948]],[[-71.40222,41.81948],[-71.40222,41.81948]],[[-71.40222,41.81948],[-71.40222,41.81948]],[[-71.40222,41.81948],[-71.40222,41.81948]],[[-71.40222,41.81948],[-71.40223,41.81949]],[[-71.40223,41.81949],[-71.40223,41.81949]],[[-71.40223,41.81949],[-71.40223,41.81949]],[[-71.40223,41.81949],[-71.40223,41.8195]],[[-71.40223,41.8195],[-71.40223,41.8195]],[[-71.40223,41.8195],[-71.40224,41.8195]],[[-71.40224,41.8195],[-71.40224,41.81951]],[[-71.40224,41.81951],[-71.40224,41.81951]],[[-71.40224,41.81951],[-71.40225,41.81951]],[[-71.40225,41.81951],[-71.40225,41.81951]],[[-71.40225,41.81951],[-71.40226,41.81951]],[[-71.40226,41.81951],[-71.40226,41.81952]],[[-71.40226,41.81952],[-71.40226,41.81952]],[[-71.40226,41.81952],[-71.40227,41.81952]],[[-71.40227,41.81952],[-71.40228,41.81952]],[[-71.40228,41.81952],[-71.40228,41.81952]],[[-71.40228,41.81952],[-71.40228,41.81952]],[[-71.40228,41.81952],[-71.40228,41.81952]],[[-71.40228,41.81952],[-71.40229,41.81951]],[[-71.40229,41.81951],[-71.40229,41.81951]],[[-71.40229,41.81951],[-71.40229,41.81951]],[[-71.40229,41.81951],[-71.4023,41.81951]],[[-71.4023,41.81951],[-71.4023,41.81951]],[[-71.4023,41.81951],[-71.4023,41.8195]],[[-71.4023,41.8195],[-71.4023,41.8195]],[[-71.4023,41.8195],[-71.4023,41.8195]],[[-71.4023,41.8195],[-71.4023,41.81949]],[[-71.4023,41.81949],[-71.4023,41.81949]],[[-71.4023,41.81949],[-71.4023,41.81948]],[[-71.4023,41.81948],[-71.4023,41.81948]],[[-71.4023,41.81948],[-71.40229,41.81948]],[[-71.40229,41.81948],[-71.40229,41.81947]],[[-71.40229,41.81947],[-71.40229,41.81947]],[[-71.40229,41.81947],[-71.40229,41.81947]],[[-71.40229,41.81947],[-71.40228,41.81947]],[[-71.40228,41.81947],[-71.40228,41.81947]],[[-71.40228,41.81947],[-71.40227,41.81946]],[[-71.40227,41.81946],[-71.40227,41.81946]],[[-71.40227,41.81946],[-71.40227,41.81946]],[[-71.40227,41.81946],[-71.40226,41.81946]],[[-71.40226,41.81946],[-71.40226,41.81946]],[[-71.40226,41.81946],[-71.40225,41.81946]],[[-71.40225,41.81946],[-71.40225,41.81946]],[[-71.40225,41.81946],[-71.40225,41.81946]],[[-71.40225,41.81946],[-71.40224,41.81946]],[[-71.40224,41.81946],[-71.40224,41.81946]],[[-71.40224,41.81946],[-71.40223,41.81946]],[[-71.40223,41.81946],[-71.40223,41.81946]],[[-71.39328,41.79719],[-71.39309,41.79733],[-71.39315,41.79743],[-71.39323,41.79742],[-71.3934,41.7973],[-71.39328,41.79719]],[[-71.4023,41.81244],[-71.40214,41.81248],[-71.40213,41.81256],[-71.40292,41.81396]],[[-71.40292,41.81396],[-71.403,41.81395],[-71.40303,41.81386],[-71.40282,41.81353],[-71.4024,41.81262],[-71.40243,41.81246],[-71.4023,41.81244]],[[-71.41823,41.82655],[-71.4184,41.82662],[-71.41845,41.82668],[-71.4183,41.82664],[-71.41823,41.82655]],[[-71.42214,41.82747],[-71.42199,41.82762],[-71.42216,41.82765],[-71.42222,41.82777],[-71.42241,41.82767],[-71.42214,41.82747]],[[-71.4134,41.82501],[-71.41323,41.82511],[-71.41328,41.82533],[-71.41323,41.82541],[-71.41298,41.82549],[-71.41285,41.82542],[-71.41268,41.82523],[-71.41261,41.82522],[-71.41254,41.82529],[-71.41239,41.82528],[-71.41228,41.82537],[-71.41211,41.8254],[-71.41196,41.8255],[-71.41191,41.82565],[-71.41156,41.82583],[-71.41166,41.82593],[-71.41188,41.82596],[-71.41196,41.82614],[-71.41216,41.82613],[-71.41231,41.82624],[-71.41246,41.82621]],[[-71.41246,41.82621],[-71.41277,41.82593],[-71.41332,41.82579],[-71.41388,41.82553],[-71.4141,41.82563],[-71.41378,41.82583],[-71.41367,41.82597],[-71.41382,41.82614],[-71.41377,41.82627],[-71.41387,41.82639],[-71.41446,41.82641],[-71.41473,41.82631]],[[-71.41473,41.82631],[-71.41522,41.82636],[-71.41521,41.82628],[-71.41476,41.82612],[-71.41511,41.82591],[-71.41524,41.82574],[-71.41509,41.8257],[-71.4149,41.82544],[-71.41471,41.82536],[-71.41437,41.82532],[-71.41415,41.82511],[-71.41394,41.82513],[-71.4134,41.82501]],[[-71.41177,41.83661],[-71.41186,41.83695],[-71.4118,41.8372],[-71.4114,41.83791],[-71.41104,41.83873]],[[-71.41104,41.83873],[-71.41101,41.83875],[-71.41128,41.83797],[-71.41172,41.83713],[-71.41176,41.83693],[-71.41172,41.83667],[-71.41177,41.83661]],[[-71.43379,41.82444],[-71.43381,41.82444],[-71.4338,41.82445],[-71.43376,41.82446],[-71.43379,41.82444]],[[-71.41466,41.82221],[-71.41463,41.82224],[-71.41471,41.82239],[-71.41448,41.82232],[-71.41436,41.82241],[-71.41455,41.82241],[-71.41484,41.82259],[-71.41506,41.82261],[-71.41524,41.82256],[-71.41518,41.82241],[-71.41466,41.82221]],[[-71.43306,41.82616],[-71.43315,41.82619],[-71.43315,41.82627],[-71.43282,41.8264],[-71.43286,41.82621],[-71.43306,41.82616]],[[-71.4039,41.81998],[-71.40388,41.82017],[-71.40407,41.82025],[-71.4041,41.8201],[-71.4039,41.81998]],[[-71.42706,41.8279],[-71.42701,41.828],[-71.4271,41.82811],[-71.42709,41.82818],[-71.42717,41.8282],[-71.42719,41.82816],[-71.4271,41.82811],[-71.42716,41.82804],[-71.42716,41.82797],[-71.42706,41.8279]],[[-71.40932,41.82767],[-71.40934,41.82779],[-71.40939,41.8278],[-71.40939,41.82773],[-71.40932,41.82767]],[[-71.40282,41.81175],[-71.40273,41.81184],[-71.40271,41.812],[-71.40284,41.81205],[-71.4029,41.81203],[-71.40281,41.81189],[-71.40282,41.81175]],[[-71.3902,41.8176],[-71.38986,41.8177],[-71.38945,41.81793],[-71.3894,41.81806],[-71.38908,41.8183],[-71.38894,41.8185],[-71.38882,41.81885],[-71.38888,41.81905],[-71.38887,41.81956],[-71.38893,41.81973],[-71.38918,41.81945],[-71.38941,41.8193]],[[-71.38941,41.8193],[-71.38947,41.81895],[-71.38958,41.81877],[-71.38934,41.81866],[-71.38929,41.81858],[-71.38933,41.81855],[-71.38948,41.81861],[-71.38958,41.81858],[-71.38976,41.81808],[-71.38992,41.81801],[-71.39066,41.81808],[-71.39077,41.81802],[-71.39065,41.81787],[-71.39025,41.81774],[-71.3902,41.81768],[-71.39024,41.81761],[-71.3902,41.8176]],[[-71.40401,41.81129],[-71.40398,41.8113],[-71.4041,41.8113],[-71.40407,41.81129],[-71.40401,41.81129]],[[-71.42255,41.82757],[-71.42254,41.82759],[-71.42258,41.82758],[-71.42257,41.82756],[-71.42255,41.82757]],[[-71.4042,41.8123],[-71.40353,41.81233],[-71.40348,41.8124],[-71.4035,41.81254],[-71.40355,41.8126],[-71.4037,41.81261],[-71.40441,41.81255],[-71.40438,41.81234],[-71.4042,41.8123]],[[-71.39664,41.79495],[-71.39708,41.79496],[-71.39764,41.79506],[-71.3978,41.79527],[-71.39777,41.79537],[-71.39764,41.7955],[-71.39768,41.79558],[-71.3976,41.79561],[-71.39744,41.79556],[-71.39728,41.79567],[-71.39657,41.79571],[-71.39657,41.79504],[-71.39664,41.79495]],[[-71.37591,41.80595],[-71.37592,41.80603],[-71.37595,41.80605],[-71.37595,41.80597],[-71.37591,41.80595]],[[-71.43499,41.82372],[-71.435,41.82372],[-71.43436,41.82418],[-71.43419,41.82424],[-71.43499,41.82372]],[[-71.38609,41.79249],[-71.38575,41.79253],[-71.38558,41.79261],[-71.38541,41.79289],[-71.38558,41.79303],[-71.38602,41.79324],[-71.38632,41.79357],[-71.38646,41.7936],[-71.38683,41.79333],[-71.38684,41.79314],[-71.38638,41.79261],[-71.38623,41.7925],[-71.38609,41.79249]],[[-71.38825,41.79509],[-71.38842,41.79512],[-71.38841,41.79523],[-71.38807,41.79518],[-71.38825,41.79509]],[[-71.43828,41.82579],[-71.43839,41.82605],[-71.4385,41.82604],[-71.43849,41.82596],[-71.43828,41.82579]],[[-71.43847,41.82254],[-71.43836,41.82262],[-71.43842,41.8227],[-71.43847,41.82269],[-71.43854,41.82257],[-71.43847,41.82254]],[[-71.41895,41.82518],[-71.41873,41.82523],[-71.41874,41.82537],[-71.4196,41.8256],[-71.42,41.82594],[-71.42017,41.82592],[-71.4204,41.82572],[-71.42039,41.82566],[-71.42023,41.8255],[-71.41988,41.82533],[-71.41941,41.82521],[-71.41895,41.82518]],[[-71.39613,41.79769],[-71.39592,41.79781],[-71.39608,41.79798],[-71.39628,41.79779],[-71.39613,41.79769]],[[-71.3911,41.79833],[-71.39098,41.79834],[-71.39097,41.79838],[-71.3911,41.79845],[-71.39118,41.79836],[-71.3911,41.79833]],[[-71.37509,41.79727],[-71.37524,41.79729],[-71.37528,41.79741],[-71.37512,41.79746],[-71.375,41.79744]],[[-71.375,41.79729],[-71.37509,41.79727]],[[-71.38346,41.82624],[-71.38344,41.82625],[-71.38344,41.82627],[-71.38349,41.82627],[-71.38346,41.82624]],[[-71.38857,41.79066],[-71.38861,41.79072],[-71.38864,41.79073],[-71.38864,41.79069],[-71.38857,41.79066]],[[-71.38918,41.79421],[-71.3897,41.79422],[-71.38983,41.79432],[-71.38985,41.79442],[-71.38969,41.79454],[-71.38955,41.79453],[-71.38942,41.79447],[-71.3893,41.79453],[-71.38916,41.79453],[-71.38898,41.79438],[-71.38906,41.79426],[-71.38918,41.79421]],[[-71.43673,41.82355],[-71.43683,41.82356],[-71.43687,41.82358],[-71.43679,41.8236],[-71.43673,41.82355]],[[-71.42747,41.82964],[-71.42737,41.82967],[-71.42741,41.82978],[-71.42755,41.82972],[-71.42754,41.82965],[-71.42747,41.82964]],[[-71.43841,41.82317],[-71.43836,41.82321],[-71.43834,41.82336],[-71.43824,41.82354],[-71.4383,41.82373],[-71.43839,41.82376],[-71.43846,41.82375],[-71.43849,41.82368],[-71.43869,41.82363],[-71.43876,41.82348],[-71.43878,41.82325],[-71.43855,41.82324],[-71.43841,41.82317]],[[-71.40079,41.79822],[-71.40064,41.79828],[-71.40062,41.79842],[-71.40076,41.79842],[-71.40095,41.79826],[-71.40079,41.79822]],[[-71.43,41.83144],[-71.43011,41.83147],[-71.43039,41.83169],[-71.43056,41.83173],[-71.43066,41.83181],[-71.43086,41.83189],[-71.43041,41.83197],[-71.43019,41.83193],[-71.43004,41.83178],[-71.43008,41.83167],[-71.42998,41.83149],[-71.43,41.83144]],[[-71.3931,41.81848],[-71.39309,41.81849],[-71.39316,41.81848],[-71.39313,41.81848],[-71.3931,41.81848]],[[-71.38769,41.82489],[-71.38794,41.82494],[-71.38806,41.825],[-71.38791,41.825],[-71.38769,41.82489]],[[-71.41565,41.82609],[-71.41569,41.82626],[-71.41566,41.8264],[-71.41559,41.82647],[-71.41539,41.82647],[-71.41533,41.82675],[-71.41526,41.82682],[-71.41534,41.827],[-71.41554,41.82703],[-71.41577,41.82697],[-71.41582,41.82692],[-71.41593,41.82634],[-71.41577,41.8261],[-71.41565,41.82609]],[[-71.38838,41.80944],[-71.38844,41.80968],[-71.3886,41.80985],[-71.38853,41.80966],[-71.38838,41.80944]],[[-71.40086,41.79869],[-71.40104,41.79872],[-71.40117,41.79885],[-71.40111,41.79905],[-71.40094,41.79915],[-71.40071,41.79912],[-71.40059,41.79899],[-71.40062,41.79882],[-71.40086,41.79869]],[[-71.40006,41.81624],[-71.39992,41.8163],[-71.39988,41.81646],[-71.39989,41.81664],[-71.40005,41.81675],[-71.40018,41.81674],[-71.40059,41.81647],[-71.40058,41.81637],[-71.40048,41.8163],[-71.40006,41.81624]],[[-71.43942,41.82177],[-71.43919,41.82193],[-71.43956,41.82193],[-71.43973,41.82184],[-71.43966,41.82179],[-71.43942,41.82177]],[[-71.40531,41.81297],[-71.40523,41.81305],[-71.40533,41.8132],[-71.40535,41.81341],[-71.40519,41.81365],[-71.40473,41.81385],[-71.4044,41.81376],[-71.40412,41.81382],[-71.40337,41.81423]],[[-71.40337,41.81423],[-71.40324,41.81432],[-71.40323,41.81442],[-71.40368,41.81508],[-71.40357,41.8152],[-71.40361,41.81526],[-71.40424,41.81509],[-71.40415,41.81484],[-71.40403,41.81475],[-71.40408,41.81469],[-71.40426,41.81464]],[[-71.40426,41.81464],[-71.405,41.81454],[-71.40512,41.81447],[-71.40556,41.81345],[-71.40554,41.81327],[-71.40544,41.81302],[-71.40531,41.81297]],[[-71.4237,41.82993],[-71.42377,41.82994],[-71.42376,41.83001],[-71.42366,41.82999],[-71.4237,41.82993]],[[-71.43384,41.82791],[-71.43376,41.82795],[-71.43379,41.82803],[-71.43387,41.8281],[-71.43396,41.82809],[-71.43396,41.82799],[-71.43384,41.82791]],[[-71.40044,41.79906],[-71.40065,41.79921],[-71.40095,41.79928],[-71.40078,41.7996],[-71.40057,41.79982],[-71.40037,41.79994],[-71.40003,41.79922],[-71.40025,41.79908],[-71.40044,41.79906]],[[-71.4339,41.82438],[-71.4339,41.82441],[-71.43383,41.82443],[-71.43386,41.8244],[-71.4339,41.82438]],[[-71.40222,41.79564],[-71.40234,41.79565],[-71.40231,41.79572],[-71.40242,41.79586],[-71.40215,41.79597],[-71.40222,41.7963],[-71.40219,41.79636],[-71.40087,41.7958],[-71.40097,41.79573],[-71.40222,41.79564]],[[-71.40869,41.81992],[-71.40863,41.81996],[-71.40878,41.82031],[-71.40896,41.82042],[-71.40894,41.8203],[-71.40908,41.82022],[-71.4091,41.82016],[-71.4089,41.82011],[-71.40876,41.81992],[-71.40869,41.81992]],[[-71.3869,41.79512],[-71.38653,41.79518],[-71.38649,41.7953],[-71.38668,41.79547],[-71.38689,41.7955],[-71.38716,41.7953],[-71.38704,41.79517],[-71.3869,41.79512]],[[-71.38821,41.81133],[-71.38821,41.81138],[-71.3883,41.81138],[-71.38827,41.81133],[-71.38821,41.81133]],[[-71.40744,41.82013],[-71.40736,41.82015],[-71.40732,41.82021],[-71.4075,41.82024],[-71.40749,41.82013],[-71.40744,41.82013]],[[-71.40775,41.82004],[-71.40771,41.82013],[-71.40776,41.8202],[-71.40784,41.8202],[-71.40785,41.8201],[-71.40775,41.82004]],[[-71.40078,41.79665],[-71.40078,41.79665],[-71.40077,41.79666],[-71.40081,41.79665],[-71.40078,41.79665]],[[-71.37609,41.80591],[-71.37603,41.80597],[-71.3761,41.80607],[-71.37609,41.80615],[-71.37616,41.80617],[-71.37625,41.80601],[-71.37609,41.80591]],[[-71.40013,41.79686],[-71.40012,41.79687],[-71.40012,41.79687],[-71.40014,41.79687],[-71.40013,41.79686]],[[-71.40294,41.81263],[-71.40281,41.81266],[-71.40278,41.81272],[-71.40308,41.81336],[-71.40305,41.81266],[-71.40294,41.81263]],[[-71.38617,41.79131],[-71.38617,41.79131]],[[-71.38617,41.79131],[-71.38617,41.79131]],[[-71.38617,41.79131],[-71.38617,41.79131]],[[-71.38617,41.79131],[-71.38616,41.79132]],[[-71.38616,41.79132],[-71.38616,41.79132]],[[-71.38616,41.79132],[-71.38616,41.79132]],[[-71.38616,41.79132],[-71.38616,41.79132]],[[-71.38616,41.79132],[-71.38616,41.79133]],[[-71.38616,41.79133],[-71.38615,41.79133]],[[-71.38615,41.79133],[-71.38615,41.79133]],[[-71.38615,41.79133],[-71.38615,41.79134]],[[-71.38615,41.79134],[-71.38615,41.79134]],[[-71.38615,41.79134],[-71.38615,41.79134]],[[-71.38615,41.79134],[-71.38615,41.79135]],[[-71.38615,41.79135],[-71.38615,41.79135]],[[-71.38615,41.79135],[-71.38615,41.79135]],[[-71.38615,41.79135],[-71.38616,41.79135]],[[-71.38616,41.79135],[-71.38616,41.79136]],[[-71.38616,41.79136],[-71.38616,41.79136]],[[-71.38616,41.79136],[-71.38616,41.79136]],[[-71.38616,41.79136],[-71.38616,41.79136]],[[-71.38616,41.79136],[-71.38617,41.79137]],[[-71.38617,41.79137],[-71.38617,41.79137]],[[-71.38617,41.79137],[-71.38617,41.79137]],[[-71.38617,41.79137],[-71.38618,41.79137]],[[-71.38618,41.79137],[-71.38619,41.79137]],[[-71.38619,41.79137],[-71.3862,41.79137]],[[-71.3862,41.79137],[-71.3862,41.79137]],[[-71.3862,41.79137],[-71.3862,41.79137]],[[-71.3862,41.79137],[-71.38621,41.79137]],[[-71.38621,41.79137],[-71.38621,41.79136]],[[-71.38621,41.79136],[-71.38621,41.79136]],[[-71.38621,41.79136],[-71.38621,41.79136]],[[-71.38621,41.79136],[-71.38621,41.79136]],[[-71.38621,41.79136],[-71.38621,41.79135]],[[-71.38621,41.79135],[-71.38621,41.79135]],[[-71.38621,41.79135],[-71.38621,41.79134]],[[-71.38621,41.79134],[-71.38621,41.79134]],[[-71.38621,41.79134],[-71.38621,41.79133]],[[-71.38621,41.79133],[-71.38621,41.79133]],[[-71.38621,41.79133],[-71.38621,41.79132]],[[-71.38621,41.79132],[-71.38621,41.79132]],[[-71.38621,41.79132],[-71.38621,41.79132]],[[-71.38621,41.79132],[-71.38621,41.79131]],[[-71.38621,41.79131],[-71.3862,41.79131]],[[-71.3862,41.79131],[-71.3862,41.79131]],[[-71.3862,41.79131],[-71.3862,41.79131]],[[-71.3862,41.79131],[-71.38619,41.79131]],[[-71.38619,41.79131],[-71.38619,41.79131]],[[-71.38619,41.79131],[-71.38619,41.79131]],[[-71.38619,41.79131],[-71.38618,41.79131]],[[-71.38618,41.79131],[-71.38618,41.79131]],[[-71.38618,41.79131],[-71.38617,41.79131]],[[-71.39232,41.79867],[-71.39361,41.79969],[-71.3934,41.79988],[-71.3931,41.80003],[-71.3929,41.80002]],[[-71.3929,41.80002],[-71.39255,41.79993],[-71.39161,41.79917],[-71.39232,41.79867]],[[-71.38375,41.79256],[-71.38329,41.79264],[-71.3832,41.79272],[-71.38331,41.79287],[-71.38395,41.79337],[-71.38428,41.79352],[-71.38427,41.79337],[-71.38419,41.79323],[-71.38414,41.79302],[-71.3839,41.79259],[-71.38375,41.79256]],[[-71.40169,41.79734],[-71.40171,41.79733],[-71.40176,41.79734],[-71.40169,41.79737],[-71.40169,41.79734]],[[-71.39991,41.80081],[-71.39981,41.801],[-71.3999,41.80127],[-71.40019,41.80148],[-71.40041,41.80145],[-71.40044,41.80138],[-71.40041,41.8013],[-71.40014,41.80116],[-71.39998,41.80086],[-71.39991,41.80081]],[[-71.39046,41.79669],[-71.39036,41.79673],[-71.39036,41.79678],[-71.39048,41.79682],[-71.39057,41.79678],[-71.39057,41.79671],[-71.39046,41.79669]],[[-71.4,41.79685],[-71.39999,41.79687],[-71.40003,41.79687],[-71.40003,41.79686],[-71.4,41.79685]],[[-71.39068,41.79698],[-71.39062,41.79703],[-71.39063,41.79709],[-71.39085,41.79712],[-71.3908,41.79702],[-71.39068,41.79698]],[[-71.39235,41.78853],[-71.39231,41.78883],[-71.39234,41.78892],[-71.39222,41.78908],[-71.39244,41.78971],[-71.39261,41.7899],[-71.3926,41.79003],[-71.39273,41.79052],[-71.39297,41.79107],[-71.39289,41.79146],[-71.39278,41.79157]],[[-71.39278,41.79157],[-71.39251,41.79175],[-71.39273,41.79247],[-71.39268,41.79253],[-71.39256,41.79252],[-71.39245,41.79274],[-71.39236,41.79281],[-71.39235,41.79296],[-71.39225,41.79297],[-71.39213,41.79289],[-71.39201,41.79293],[-71.39161,41.79281],[-71.39147,41.7929],[-71.39126,41.79283],[-71.39119,41.79291],[-71.39124,41.79314],[-71.39106,41.79286]],[[-71.39106,41.79286],[-71.39063,41.79217],[-71.39037,41.79194],[-71.39005,41.79196],[-71.3897,41.79161],[-71.38851,41.7912],[-71.38804,41.79112],[-71.38786,41.79117]],[[-71.38786,41.79117],[-71.3876,41.79124],[-71.38755,41.79143],[-71.38787,41.79172],[-71.38815,41.79171],[-71.38833,41.79176],[-71.38829,41.79192],[-71.38843,41.79202],[-71.38838,41.79216],[-71.38861,41.79246],[-71.38851,41.79267],[-71.38842,41.79273],[-71.38811,41.79262],[-71.38817,41.79248],[-71.38808,41.79224],[-71.38777,41.79195]],[[-71.38777,41.79195],[-71.38744,41.79167],[-71.38729,41.79162],[-71.38701,41.79176],[-71.38679,41.79195],[-71.38717,41.79233],[-71.38787,41.79293],[-71.38806,41.79307],[-71.38824,41.7931],[-71.38835,41.79319],[-71.38859,41.79309],[-71.38902,41.79278]],[[-71.38902,41.79278],[-71.38935,41.79257],[-71.38957,41.79256],[-71.38995,41.79269],[-71.39018,41.793],[-71.39005,41.79327],[-71.39009,41.79371],[-71.39001,41.79384],[-71.38992,41.7942],[-71.38986,41.79423],[-71.38956,41.7941],[-71.38916,41.79407],[-71.38913,41.79418],[-71.38898,41.79424]],[[-71.38898,41.79424],[-71.38895,41.79438],[-71.38877,41.79451],[-71.38848,41.79458],[-71.38812,41.79458],[-71.38801,41.79446],[-71.38804,41.7942],[-71.38798,41.79404],[-71.38787,41.794],[-71.38764,41.79401],[-71.38749,41.79415],[-71.38743,41.79434],[-71.38746,41.79451],[-71.38752,41.79456],[-71.38773,41.79454],[-71.38792,41.79469],[-71.38783,41.7948],[-71.38761,41.79468],[-71.38742,41.79465],[-71.38729,41.7947],[-71.38723,41.79478]],[[-71.38723,41.79478],[-71.38722,41.79489],[-71.38777,41.79535],[-71.38822,41.79539],[-71.38826,41.79557],[-71.38835,41.79566],[-71.38866,41.79565],[-71.38879,41.79554],[-71.38892,41.7955],[-71.38911,41.79553],[-71.38927,41.79564],[-71.38942,41.79558],[-71.38941,41.79566],[-71.38961,41.79568],[-71.38976,41.79577],[-71.38987,41.79605],[-71.39002,41.79612],[-71.39032,41.79615]],[[-71.39032,41.79615],[-71.39067,41.79618],[-71.39088,41.79613],[-71.39105,41.79621],[-71.3927,41.79636],[-71.39258,41.79646],[-71.39225,41.7965],[-71.39192,41.79667],[-71.39156,41.7965],[-71.3914,41.79654],[-71.3913,41.7965],[-71.39117,41.79655],[-71.39099,41.79653]],[[-71.39099,41.79653],[-71.39089,41.79652],[-71.39076,41.79641],[-71.3901,41.79637],[-71.38916,41.79633],[-71.38902,41.79643],[-71.38913,41.79665],[-71.38942,41.79691],[-71.38996,41.79685],[-71.39072,41.79744]],[[-71.39072,41.79744],[-71.39151,41.7981],[-71.3916,41.79812],[-71.39207,41.79784],[-71.39217,41.79768],[-71.3923,41.7978],[-71.39261,41.79772],[-71.39274,41.79736],[-71.39313,41.79709],[-71.3935,41.79692],[-71.39358,41.79704],[-71.39366,41.79707]],[[-71.39366,41.79707],[-71.39372,41.79704],[-71.39359,41.79696],[-71.39361,41.79693],[-71.39442,41.79646],[-71.3957,41.79622],[-71.39583,41.79624],[-71.39595,41.79634],[-71.39611,41.79638],[-71.39623,41.79616],[-71.39673,41.79601],[-71.39686,41.79602],[-71.39708,41.79618]],[[-71.39708,41.79618],[-71.39727,41.79633],[-71.39756,41.79638],[-71.39779,41.79655],[-71.39834,41.79658],[-71.3984,41.79641],[-71.3985,41.79644],[-71.39856,41.79639],[-71.39866,41.79648],[-71.39851,41.79599],[-71.39855,41.79591],[-71.39946,41.79587],[-71.39959,41.79594],[-71.39966,41.79587],[-71.39992,41.79584]],[[-71.39992,41.79584],[-71.40026,41.79589],[-71.40051,41.79586],[-71.40085,41.79596],[-71.40113,41.79608],[-71.40121,41.79618],[-71.40136,41.79617],[-71.40166,41.79631],[-71.40166,41.79639],[-71.40179,41.79639],[-71.40184,41.79646],[-71.40196,41.79646],[-71.40236,41.79665],[-71.4011,41.79708]],[[-71.4011,41.79708],[-71.40081,41.79721],[-71.40087,41.79728],[-71.40105,41.79731],[-71.40147,41.79725],[-71.40128,41.79739],[-71.40105,41.79745],[-71.40123,41.79754],[-71.40056,41.79782],[-71.40055,41.79787],[-71.40062,41.79798],[-71.40058,41.7981],[-71.40066,41.79816],[-71.40083,41.79815],[-71.40102,41.79802],[-71.40145,41.79791],[-71.40132,41.79806]],[[-71.40132,41.79806],[-71.40141,41.79812],[-71.40124,41.79837],[-71.40059,41.79873],[-71.40041,41.79894],[-71.40028,41.79896],[-71.39992,41.79917],[-71.40031,41.80008],[-71.40058,41.79997],[-71.40091,41.79962]],[[-71.40091,41.79962],[-71.40139,41.79886],[-71.40145,41.79887],[-71.40172,41.79856],[-71.40189,41.79847],[-71.40185,41.79871],[-71.40194,41.79872],[-71.40197,41.79883],[-71.40181,41.79897],[-71.40159,41.79932],[-71.40125,41.80008]],[[-71.40125,41.80008],[-71.40105,41.80029],[-71.40098,41.80054],[-71.40087,41.80061],[-71.40079,41.80084],[-71.40089,41.80098],[-71.40087,41.80107],[-71.40104,41.80117],[-71.40129,41.80142],[-71.40099,41.80145],[-71.40094,41.80159],[-71.40107,41.80171],[-71.40193,41.80187],[-71.40208,41.80192],[-71.40211,41.80198],[-71.40204,41.80205],[-71.40185,41.80199]],[[-71.40185,41.80199],[-71.40167,41.80197],[-71.40173,41.80214],[-71.40169,41.80224],[-71.40185,41.80225],[-71.4021,41.80218],[-71.40241,41.80228],[-71.40295,41.80231],[-71.40303,41.80236],[-71.40302,41.80251],[-71.40298,41.80239],[-71.4029,41.80236],[-71.40171,41.80244],[-71.40158,41.80253],[-71.40152,41.80281],[-71.40155,41.80297]],[[-71.40155,41.80297],[-71.40166,41.80303],[-71.40186,41.80328],[-71.40191,41.80345],[-71.40208,41.80349],[-71.40275,41.80344],[-71.40285,41.80347],[-71.4029,41.80359],[-71.40288,41.80367],[-71.40233,41.80388],[-71.40228,41.80422],[-71.40235,41.80437],[-71.40258,41.80452],[-71.40265,41.8048],[-71.40295,41.80495]],[[-71.40295,41.80495],[-71.40297,41.80501],[-71.40277,41.80518],[-71.40284,41.80528],[-71.40285,41.80544],[-71.40301,41.80554],[-71.40296,41.80562],[-71.40301,41.80579],[-71.40294,41.80587],[-71.40296,41.80608],[-71.40322,41.8064],[-71.40325,41.80668],[-71.4034,41.80685],[-71.40343,41.80699],[-71.40373,41.80743],[-71.40396,41.80751],[-71.4041,41.80743],[-71.40418,41.80745]],[[-71.40418,41.80745],[-71.40448,41.80765],[-71.40455,41.80786],[-71.40453,41.80791],[-71.40418,41.80802],[-71.4041,41.80809],[-71.40432,41.80853],[-71.4043,41.8092],[-71.4047,41.8102],[-71.4048,41.81032]],[[-71.4048,41.81032],[-71.40489,41.81039],[-71.40513,41.81043],[-71.40495,41.81058],[-71.40494,41.81069],[-71.40514,41.81092],[-71.40548,41.81142],[-71.4055,41.81172],[-71.40573,41.81185],[-71.40589,41.81208],[-71.40594,41.81233],[-71.40578,41.81246],[-71.40577,41.81255],[-71.40611,41.81257],[-71.40626,41.81282]],[[-71.40626,41.81282],[-71.40636,41.81303],[-71.4066,41.81328],[-71.40641,41.81334],[-71.40625,41.81347],[-71.40627,41.81365],[-71.40645,41.81417],[-71.40652,41.81421],[-71.40666,41.81409],[-71.40681,41.81374],[-71.40686,41.81371],[-71.4069,41.81386],[-71.40685,41.81415],[-71.4069,41.81445],[-71.40698,41.8145],[-71.40726,41.8145]],[[-71.40726,41.8145],[-71.40824,41.81449],[-71.40849,41.81454],[-71.40834,41.81468],[-71.40837,41.81476],[-71.40853,41.81487],[-71.40852,41.81505],[-71.4084,41.81532],[-71.40823,41.8154],[-71.40834,41.8155],[-71.40842,41.81569],[-71.40801,41.81587],[-71.40799,41.81593],[-71.40807,41.8161],[-71.40785,41.81614],[-71.40771,41.81625],[-71.40776,41.81644]],[[-71.40776,41.81644],[-71.40769,41.81658],[-71.40779,41.8167],[-71.40775,41.81681],[-71.40781,41.81695],[-71.40752,41.81733],[-71.40764,41.81745],[-71.40762,41.81784],[-71.40792,41.81803],[-71.40797,41.81817],[-71.40813,41.81829],[-71.40815,41.81837],[-71.40807,41.81851],[-71.40844,41.81846],[-71.40907,41.81883]],[[-71.40907,41.81883],[-71.40955,41.81918],[-71.40982,41.81924],[-71.41021,41.81922],[-71.41063,41.81939],[-71.41096,41.81944],[-71.41112,41.81955],[-71.41083,41.81968],[-71.41084,41.81979],[-71.41123,41.81974],[-71.41141,41.81979],[-71.41159,41.81977],[-71.41176,41.81988],[-71.41181,41.81996],[-71.41177,41.82005],[-71.41193,41.82019]],[[-71.41193,41.82019],[-71.4122,41.82025],[-71.41224,41.82047],[-71.41217,41.82069],[-71.41226,41.82084],[-71.41222,41.82096],[-71.41225,41.82142],[-71.41231,41.82149],[-71.41243,41.82149],[-71.41247,41.82161],[-71.41259,41.82165],[-71.41256,41.82183],[-71.41271,41.82192],[-71.4128,41.82191],[-71.41291,41.82177],[-71.41288,41.82163],[-71.41306,41.82163],[-71.4137,41.82127]],[[-71.4137,41.82127],[-71.41391,41.82108],[-71.41406,41.82102],[-71.4141,41.82105],[-71.41408,41.82116],[-71.41437,41.82132],[-71.41465,41.82134],[-71.41498,41.82121],[-71.41492,41.82139],[-71.41553,41.82194],[-71.41514,41.82176],[-71.41512,41.82196],[-71.41516,41.82216],[-71.41527,41.82229],[-71.41546,41.82236]],[[-71.41546,41.82236],[-71.41562,41.82236],[-71.41556,41.82247],[-71.41561,41.82251],[-71.41558,41.82261],[-71.41563,41.82272],[-71.41549,41.82273],[-71.41536,41.82288],[-71.41534,41.82294],[-71.4154,41.82301],[-71.41546,41.82303],[-71.41552,41.82295],[-71.41567,41.82295],[-71.41573,41.82299],[-71.41574,41.8231],[-71.41586,41.82315],[-71.41597,41.82309],[-71.41599,41.82302],[-71.41614,41.82305],[-71.4163,41.823],[-71.41638,41.82309],[-71.41637,41.82321],[-71.41653,41.82323],[-71.41666,41.82332],[-71.41667,41.8235],[-71.41702,41.8236],[-71.4172,41.82374],[-71.41743,41.82372]],[[-71.41743,41.82372],[-71.41774,41.82366],[-71.41848,41.82387],[-71.41909,41.8238],[-71.41914,41.82389],[-71.41913,41.82398],[-71.419,41.82419],[-71.41874,41.82447],[-71.41871,41.82465],[-71.41913,41.82483],[-71.41933,41.825],[-71.4199,41.82498]],[[-71.4199,41.82498],[-71.42005,41.82493],[-71.42011,41.82476],[-71.4202,41.82474],[-71.42031,41.8251],[-71.42031,41.82526],[-71.42019,41.82534],[-71.42027,41.82545],[-71.4204,41.82553],[-71.42054,41.82547],[-71.42082,41.82549],[-71.42086,41.82554],[-71.42085,41.82573],[-71.42148,41.82585],[-71.42083,41.82608],[-71.4204,41.82615]],[[-71.4204,41.82615],[-71.42019,41.82618],[-71.42004,41.82628],[-71.42014,41.82636],[-71.4205,41.82645],[-71.4205,41.82654],[-71.42025,41.82671],[-71.4208,41.82667],[-71.42245,41.82642],[-71.42317,41.82637]],[[-71.42317,41.82637],[-71.42382,41.82642],[-71.42364,41.82654],[-71.42266,41.82677],[-71.42237,41.82698],[-71.4223,41.82708],[-71.42233,41.82714],[-71.42307,41.82714],[-71.42301,41.82718],[-71.42302,41.82723],[-71.4227,41.82733],[-71.4228,41.8275],[-71.42292,41.82757],[-71.42283,41.82766]],[[-71.42283,41.82766],[-71.42273,41.82805],[-71.42275,41.82809],[-71.4228,41.82805],[-71.42301,41.82772],[-71.4229,41.82814],[-71.42295,41.82824],[-71.42334,41.82783],[-71.42386,41.82782],[-71.42406,41.82763],[-71.42446,41.82758],[-71.42459,41.82767],[-71.42475,41.82765],[-71.42485,41.82773]],[[-71.42485,41.82773],[-71.42505,41.82784],[-71.42524,41.82776],[-71.42542,41.82783],[-71.42555,41.82782],[-71.42539,41.8279],[-71.42535,41.82808],[-71.4248,41.82794],[-71.42464,41.82797],[-71.42462,41.82838],[-71.42485,41.82873],[-71.42511,41.82867],[-71.42534,41.82835],[-71.42534,41.82828],[-71.42548,41.82825],[-71.42548,41.82808]],[[-71.42548,41.82808],[-71.42551,41.82795],[-71.42571,41.82798],[-71.42585,41.82794],[-71.42593,41.82797],[-71.42605,41.82812],[-71.42629,41.82813],[-71.4264,41.82805],[-71.42641,41.8277],[-71.42652,41.82762],[-71.42654,41.82752],[-71.4266,41.82747],[-71.42695,41.82747],[-71.42721,41.82732],[-71.42734,41.82735],[-71.42747,41.82731],[-71.42769,41.82741],[-71.42782,41.82736],[-71.42794,41.82739],[-71.42806,41.82725],[-71.42822,41.82732],[-71.42848,41.82718]],[[-71.42848,41.82718],[-71.42907,41.82694],[-71.42993,41.82686],[-71.43017,41.82692],[-71.43023,41.82676],[-71.43031,41.82671],[-71.43033,41.82699],[-71.43041,41.82705],[-71.43052,41.82701],[-71.43053,41.82696],[-71.43046,41.82692],[-71.43053,41.82688],[-71.43056,41.82696],[-71.43067,41.827],[-71.43069,41.8268],[-71.43077,41.82672],[-71.43087,41.82675],[-71.43095,41.82672],[-71.43102,41.82678],[-71.43123,41.82675],[-71.43133,41.82685]],[[-71.43133,41.82685],[-71.43145,41.82701],[-71.43161,41.82701],[-71.43191,41.82686],[-71.43196,41.8267],[-71.43213,41.82679],[-71.43245,41.82669],[-71.43274,41.8265],[-71.43307,41.82642],[-71.43327,41.82632],[-71.43326,41.82616],[-71.43332,41.82597],[-71.43349,41.826],[-71.43359,41.82616],[-71.43373,41.82624],[-71.43391,41.82624],[-71.43395,41.82619],[-71.43393,41.82603],[-71.43411,41.82587]],[[-71.43411,41.82587],[-71.43418,41.8258],[-71.43453,41.82573],[-71.43467,41.82561],[-71.43464,41.82538],[-71.43471,41.82533],[-71.43485,41.82536],[-71.43492,41.82515],[-71.43519,41.82482],[-71.4353,41.82459],[-71.43543,41.82447],[-71.43557,41.8241],[-71.43568,41.82401],[-71.43572,41.82401],[-71.43569,41.82411],[-71.43578,41.82408],[-71.43572,41.82423],[-71.43574,41.82429],[-71.43588,41.82432],[-71.43615,41.82428]],[[-71.43615,41.82428],[-71.43647,41.82392],[-71.43658,41.82396],[-71.43664,41.82409],[-71.43682,41.82403],[-71.43721,41.82418],[-71.43731,41.82416],[-71.43733,41.82405],[-71.43779,41.82402],[-71.43794,41.82378],[-71.43799,41.82327],[-71.4374,41.82319],[-71.43723,41.82306],[-71.43722,41.82289]],[[-71.43722,41.82289],[-71.43754,41.82248],[-71.43789,41.82228],[-71.438,41.82232],[-71.43816,41.82226],[-71.43835,41.82204],[-71.43854,41.82193],[-71.43854,41.82185],[-71.4388,41.82191],[-71.43894,41.82184],[-71.43901,41.82171],[-71.43937,41.82162],[-71.4399,41.82169],[-71.43996,41.82163],[-71.43994,41.82153],[-71.44009,41.82138],[-71.44011,41.82129],[-71.44019,41.82128]],[[-71.44019,41.82128],[-71.44028,41.82137],[-71.44034,41.82189],[-71.4402,41.82196],[-71.44021,41.82212],[-71.44006,41.82231],[-71.4399,41.82231],[-71.43984,41.82238],[-71.43986,41.8224],[-71.44129,41.82255],[-71.44156,41.82243],[-71.44176,41.82206],[-71.44189,41.82203],[-71.44199,41.82205]],[[-71.44199,41.82205],[-71.44213,41.82211],[-71.44215,41.82215],[-71.44191,41.8225],[-71.4417,41.82265],[-71.44136,41.82273],[-71.44,41.82266],[-71.43969,41.82259],[-71.43941,41.82242],[-71.43933,41.82245],[-71.43938,41.82238],[-71.4392,41.82215],[-71.43898,41.82213],[-71.43886,41.8222]],[[-71.43886,41.8222],[-71.43889,41.82227],[-71.43873,41.82231],[-71.43878,41.8224],[-71.43864,41.82255],[-71.43863,41.82272],[-71.43875,41.82276],[-71.43877,41.82284],[-71.43869,41.82287],[-71.43857,41.8228],[-71.43838,41.82288],[-71.43849,41.82301],[-71.43883,41.82309],[-71.43889,41.82304],[-71.43886,41.82293],[-71.43898,41.82272],[-71.43904,41.82267],[-71.4391,41.82273],[-71.43902,41.82309],[-71.43917,41.8232],[-71.43899,41.82335],[-71.43893,41.82361]],[[-71.43893,41.82361],[-71.4389,41.82382],[-71.43895,41.82404],[-71.43887,41.82414],[-71.43884,41.82438],[-71.43917,41.82451],[-71.43917,41.82465],[-71.43929,41.82477],[-71.43923,41.82484],[-71.43887,41.82497],[-71.43873,41.8251],[-71.43863,41.82506],[-71.43856,41.82516],[-71.43863,41.82519],[-71.43861,41.82528],[-71.43876,41.82569],[-71.43886,41.82578],[-71.43882,41.82591],[-71.43865,41.82613]],[[-71.43865,41.82613],[-71.43827,41.82651],[-71.43839,41.82655],[-71.43829,41.82675],[-71.43817,41.82676],[-71.43805,41.82683],[-71.43815,41.82697],[-71.43799,41.82691],[-71.43789,41.82696],[-71.43772,41.82723],[-71.43752,41.82721],[-71.43698,41.82765],[-71.43601,41.82789]],[[-71.43601,41.82789],[-71.43532,41.82801],[-71.43457,41.82848],[-71.43456,41.82861],[-71.43466,41.82869],[-71.43497,41.82861],[-71.43504,41.82863],[-71.43525,41.82889],[-71.43526,41.82895],[-71.43518,41.82902],[-71.43469,41.82932],[-71.43451,41.82936],[-71.43445,41.82933],[-71.43446,41.82924],[-71.43434,41.8291],[-71.43417,41.82909]],[[-71.43417,41.82909],[-71.43392,41.829],[-71.43373,41.829],[-71.43343,41.82917],[-71.43348,41.82933],[-71.43338,41.82944],[-71.43311,41.82964],[-71.43269,41.82981],[-71.4326,41.8299],[-71.43228,41.82995],[-71.43222,41.82992],[-71.43219,41.82982],[-71.43193,41.82995],[-71.43195,41.83007],[-71.43187,41.83013],[-71.43144,41.8303],[-71.43119,41.83029],[-71.43094,41.83037]],[[-71.43094,41.83037],[-71.4301,41.83067],[-71.43004,41.83066],[-71.43005,41.83057],[-71.42994,41.83048],[-71.42977,41.83045],[-71.42974,41.8305],[-71.42977,41.83065],[-71.42971,41.83068],[-71.42942,41.83046],[-71.42923,41.83043],[-71.42884,41.83018],[-71.42872,41.83003],[-71.42855,41.82998],[-71.4285,41.82991],[-71.42819,41.82993],[-71.428,41.82966],[-71.42786,41.82966]],[[-71.42786,41.82966],[-71.42737,41.82988],[-71.42734,41.82993],[-71.42744,41.82997],[-71.42742,41.83001],[-71.42706,41.82985],[-71.42695,41.8299],[-71.42659,41.82973],[-71.42588,41.82974],[-71.42586,41.82985],[-71.42597,41.82999],[-71.42596,41.83038],[-71.42577,41.83051],[-71.42515,41.8306]],[[-71.42515,41.8306],[-71.42493,41.83056],[-71.42475,41.83023],[-71.42441,41.83006],[-71.4243,41.82989],[-71.42399,41.82973],[-71.42372,41.82973],[-71.42361,41.8299],[-71.42346,41.82993],[-71.42326,41.83029],[-71.42295,41.83047],[-71.42289,41.83045],[-71.42286,41.83031],[-71.42264,41.83012],[-71.42227,41.83004]],[[-71.42227,41.83004],[-71.42214,41.82996],[-71.42177,41.82991],[-71.42175,41.82976],[-71.42185,41.82943],[-71.42179,41.8294],[-71.42151,41.82972],[-71.42136,41.82974],[-71.42173,41.82996],[-71.42148,41.82998],[-71.42141,41.83028],[-71.42126,41.83036],[-71.42121,41.83031],[-71.42123,41.83009],[-71.42146,41.82995],[-71.42141,41.82988],[-71.42119,41.8298]],[[-71.42119,41.8298],[-71.42093,41.82982],[-71.42066,41.82952],[-71.42046,41.82939],[-71.42049,41.82925],[-71.42045,41.82918],[-71.41992,41.82899],[-71.41992,41.82876],[-71.41975,41.82878],[-71.4194,41.82905],[-71.41901,41.82881],[-71.4188,41.82875],[-71.41865,41.82878],[-71.41865,41.82836]],[[-71.41865,41.82836],[-71.41853,41.82822],[-71.41807,41.8281],[-71.41783,41.82808],[-71.41765,41.82815],[-71.4161,41.8276],[-71.41573,41.82741],[-71.41512,41.82733],[-71.4147,41.82735]],[[-71.4147,41.82735],[-71.41387,41.82731],[-71.41335,41.82715],[-71.41229,41.82728],[-71.41223,41.82734],[-71.4125,41.82773],[-71.41251,41.82782],[-71.41213,41.82813],[-71.41202,41.82815],[-71.41184,41.82808],[-71.41174,41.82813],[-71.41177,41.82817]],[[-71.41177,41.82817],[-71.41187,41.82828],[-71.41185,41.82838],[-71.41173,41.82845],[-71.41148,41.82843],[-71.41134,41.8287],[-71.41136,41.82901],[-71.41149,41.82951],[-71.41164,41.82956],[-71.41176,41.82949],[-71.41178,41.82902],[-71.41182,41.82899],[-71.41213,41.82908],[-71.41263,41.82943],[-71.41284,41.82942]],[[-71.41284,41.82942],[-71.41299,41.82955],[-71.413,41.82965],[-71.41311,41.82963],[-71.41317,41.82968],[-71.41271,41.83022],[-71.41253,41.83055],[-71.41242,41.83102],[-71.41242,41.83119],[-71.41251,41.83129],[-71.41249,41.8314],[-71.41238,41.83143],[-71.41209,41.8313],[-71.41158,41.8313],[-71.41118,41.83123]],[[-71.41118,41.83123],[-71.41088,41.83107],[-71.41072,41.83067],[-71.41048,41.83063],[-71.41047,41.83008],[-71.41058,41.82983],[-71.41035,41.82974],[-71.41025,41.82964],[-71.41021,41.82952],[-71.41023,41.82931],[-71.41011,41.82907],[-71.41014,41.82896],[-71.41035,41.82879],[-71.41024,41.82875],[-71.41001,41.82876]],[[-71.41001,41.82876],[-71.40976,41.8287],[-71.40974,41.82847],[-71.4095,41.8279],[-71.40944,41.82786],[-71.40933,41.82789],[-71.40897,41.82746],[-71.4088,41.82688],[-71.40809,41.82633],[-71.40798,41.82629],[-71.40799,41.82617]],[[-71.40799,41.82617],[-71.40794,41.82599],[-71.40777,41.82586],[-71.40763,41.82562],[-71.40754,41.82558],[-71.4073,41.82558],[-71.4071,41.8253],[-71.40709,41.82524],[-71.40719,41.82517],[-71.40721,41.8251],[-71.407,41.82476],[-71.40689,41.82468],[-71.40669,41.82397],[-71.4067,41.82384],[-71.40631,41.82347]],[[-71.40631,41.82347],[-71.40627,41.82342],[-71.4063,41.82318],[-71.40606,41.82311],[-71.4058,41.82296],[-71.40566,41.82267],[-71.40507,41.82214],[-71.40441,41.82136],[-71.40425,41.82124],[-71.40415,41.82102],[-71.40398,41.82089]],[[-71.40398,41.82089],[-71.40358,41.82058],[-71.40348,41.82045],[-71.40349,41.82035],[-71.40342,41.82023],[-71.40309,41.82005],[-71.40346,41.82013],[-71.40345,41.82005],[-71.40327,41.81987],[-71.40329,41.81983],[-71.40343,41.81986],[-71.40342,41.81979],[-71.40294,41.81948],[-71.40282,41.81947],[-71.40246,41.81921],[-71.40243,41.81928],[-71.40257,41.8195]],[[-71.40257,41.8195],[-71.40253,41.81958],[-71.40264,41.81975],[-71.40275,41.81975],[-71.4029,41.81954],[-71.40307,41.81974],[-71.40282,41.81989],[-71.40258,41.81983],[-71.40255,41.81991],[-71.40207,41.81975],[-71.40152,41.81937],[-71.40151,41.81934],[-71.40161,41.81929],[-71.40157,41.81923],[-71.40143,41.81911],[-71.4012,41.81906],[-71.40098,41.81888],[-71.40094,41.81876]],[[-71.40094,41.81876],[-71.40107,41.81849],[-71.40092,41.81815],[-71.40076,41.81796],[-71.4005,41.81787],[-71.40038,41.81769],[-71.40037,41.81744],[-71.40003,41.81708],[-71.39991,41.81702],[-71.39994,41.81686],[-71.39987,41.81668],[-71.39965,41.81659],[-71.39938,41.81658],[-71.39889,41.81678]],[[-71.39889,41.81678],[-71.39879,41.81687],[-71.39881,41.81722],[-71.39837,41.81707],[-71.39742,41.81751],[-71.39716,41.81752],[-71.39621,41.81792],[-71.39546,41.81809]],[[-71.39546,41.81809],[-71.39424,41.81831],[-71.39418,41.81828],[-71.39422,41.81823],[-71.39476,41.81812],[-71.39493,41.81802],[-71.39477,41.81798],[-71.39393,41.81806],[-71.39336,41.81806],[-71.39296,41.81803],[-71.39287,41.81795]],[[-71.39287,41.81795],[-71.39281,41.8179],[-71.39276,41.81791],[-71.39265,41.81806],[-71.39264,41.81813],[-71.39302,41.81825],[-71.39346,41.81831],[-71.39351,41.81842],[-71.393,41.81859],[-71.39258,41.8186],[-71.39222,41.81848],[-71.39273,41.81852],[-71.39298,41.81849],[-71.39231,41.81828]],[[-71.39231,41.81828],[-71.39214,41.81805],[-71.39179,41.81797],[-71.39172,41.81818],[-71.39196,41.81854],[-71.39178,41.81852],[-71.39162,41.81842],[-71.39124,41.81837],[-71.39093,41.81836],[-71.3908,41.81843],[-71.39051,41.81847],[-71.39023,41.81845],[-71.39006,41.81852],[-71.39003,41.8186],[-71.39011,41.8187],[-71.38986,41.81884],[-71.38982,41.81891]],[[-71.38982,41.81891],[-71.38981,41.81948],[-71.38975,41.81963],[-71.38983,41.81986],[-71.38983,41.82003],[-71.38991,41.82015],[-71.38989,41.82031],[-71.39002,41.82043],[-71.3899,41.82062],[-71.38999,41.82075],[-71.38997,41.82087],[-71.3899,41.82096],[-71.38991,41.82129],[-71.38998,41.82143],[-71.39006,41.8215],[-71.39002,41.82156],[-71.39005,41.82165],[-71.38996,41.82203]],[[-71.38996,41.82203],[-71.39004,41.8225],[-71.38993,41.82272],[-71.38975,41.82267],[-71.38975,41.82258],[-71.38955,41.82259],[-71.38948,41.82261],[-71.38945,41.82269],[-71.38932,41.82263],[-71.38897,41.82268],[-71.38847,41.82286],[-71.38845,41.82271],[-71.38837,41.82268],[-71.38819,41.82285],[-71.38791,41.82326],[-71.38789,41.82336],[-71.38805,41.82336],[-71.38805,41.8234]],[[-71.38805,41.8234],[-71.38804,41.82353],[-71.38781,41.82347],[-71.38738,41.82388],[-71.38683,41.82408],[-71.38678,41.82426],[-71.38686,41.82435],[-71.38651,41.82425],[-71.38633,41.82435],[-71.38638,41.82441],[-71.38762,41.82488],[-71.38749,41.82486]],[[-71.38749,41.82486],[-71.38726,41.82479],[-71.38688,41.82478],[-71.38755,41.82494],[-71.38762,41.82501],[-71.38734,41.82497],[-71.38623,41.82494],[-71.3863,41.82483],[-71.38655,41.82472],[-71.38683,41.82475],[-71.38667,41.82463],[-71.38649,41.82465],[-71.3862,41.82478]],[[-71.3862,41.82478],[-71.386,41.82485],[-71.38563,41.8251],[-71.38515,41.82532],[-71.38494,41.82533],[-71.38504,41.82517],[-71.38491,41.82511],[-71.38438,41.82537],[-71.38429,41.82545],[-71.38429,41.82559],[-71.38409,41.82559],[-71.38387,41.82586],[-71.38386,41.82591],[-71.3839,41.82592],[-71.38419,41.82586],[-71.38416,41.82607],[-71.38407,41.82613]],[[-71.38407,41.82613],[-71.38378,41.82623],[-71.38382,41.82628],[-71.38378,41.82638],[-71.38379,41.82667],[-71.38405,41.82681],[-71.38399,41.82691],[-71.38398,41.82707],[-71.38393,41.82717],[-71.38362,41.82733],[-71.38333,41.82746],[-71.38293,41.82746],[-71.38256,41.8274],[-71.38242,41.8272],[-71.38228,41.82711],[-71.38205,41.82709],[-71.38174,41.82721]],[[-71.38174,41.82721],[-71.38168,41.82723],[-71.38169,41.82728],[-71.3821,41.82745],[-71.38153,41.82743],[-71.38152,41.8273],[-71.38138,41.82723],[-71.38139,41.82708],[-71.38124,41.82696],[-71.38116,41.827],[-71.38113,41.82712],[-71.38075,41.82743],[-71.38055,41.82773],[-71.38043,41.828],[-71.38042,41.82853]],[[-71.38042,41.82853],[-71.38046,41.82863],[-71.38,41.82878],[-71.37986,41.8289],[-71.3798,41.82906],[-71.37981,41.8291],[-71.37988,41.82909],[-71.37987,41.82938],[-71.38006,41.82972],[-71.38005,41.82995],[-71.38013,41.83014],[-71.38037,41.83032],[-71.38076,41.83043],[-71.38092,41.83061],[-71.38077,41.83078],[-71.3804,41.8309]],[[-71.3804,41.8309],[-71.37934,41.83143],[-71.37918,41.83163],[-71.37902,41.83174],[-71.37894,41.83191],[-71.37858,41.83221],[-71.37841,41.83255],[-71.37845,41.83271],[-71.37864,41.83296],[-71.37817,41.83337]],[[-71.37817,41.83337],[-71.37807,41.8335],[-71.37806,41.83358],[-71.37819,41.83404],[-71.37834,41.83433],[-71.37853,41.83456],[-71.37911,41.83502],[-71.37924,41.83503],[-71.37939,41.83493],[-71.37989,41.8348],[-71.38037,41.83474],[-71.38077,41.8346]],[[-71.38077,41.8346],[-71.38097,41.83448],[-71.38123,41.83444],[-71.38178,41.83419],[-71.38197,41.83428],[-71.38222,41.83424],[-71.3821,41.83437],[-71.38214,41.83444],[-71.38208,41.83451],[-71.38139,41.83464],[-71.38091,41.83506],[-71.38043,41.83514],[-71.38036,41.83544]],[[-71.38036,41.83544],[-71.38022,41.83557],[-71.38021,41.83568],[-71.38015,41.83575],[-71.37958,41.83599],[-71.38002,41.83693],[-71.37999,41.83752],[-71.37984,41.83799],[-71.37991,41.83819],[-71.38003,41.83828]],[[-71.38003,41.83828],[-71.38051,41.83832],[-71.38059,41.83837],[-71.38065,41.83847],[-71.38089,41.83856],[-71.38141,41.83854],[-71.382,41.83888],[-71.38218,41.83916],[-71.38212,41.83943],[-71.38217,41.83966],[-71.38246,41.83977],[-71.38247,41.8403]],[[-71.38247,41.8403],[-71.38244,41.84059],[-71.38265,41.84091],[-71.38264,41.84142],[-71.38282,41.84159],[-71.38286,41.84179],[-71.383,41.842]],[[-71.3828,41.842],[-71.38237,41.84181],[-71.3823,41.84156],[-71.38239,41.84142]],[[-71.38239,41.84142],[-71.38244,41.841],[-71.3824,41.8409],[-71.38182,41.84089],[-71.38161,41.84065],[-71.38158,41.84046],[-71.38169,41.8403],[-71.3817,41.8402],[-71.38159,41.83992],[-71.38139,41.83969],[-71.38137,41.83938],[-71.38106,41.83908],[-71.38075,41.83903]],[[-71.38075,41.83903],[-71.38062,41.83905],[-71.38042,41.83921],[-71.38031,41.83943],[-71.37974,41.8395],[-71.37968,41.83958],[-71.37955,41.83954],[-71.37941,41.83965],[-71.37935,41.83981],[-71.37937,41.84003],[-71.37957,41.84031],[-71.37959,41.8405],[-71.37937,41.84084],[-71.379,41.84116],[-71.37898,41.84123],[-71.37907,41.84131],[-71.37897,41.84142]],[[-71.37897,41.84142],[-71.37864,41.84182],[-71.37836,41.8419],[-71.3782,41.842]],[[-71.375,41.82845],[-71.37525,41.82835]],[[-71.37525,41.82835],[-71.37556,41.82821],[-71.37566,41.82821],[-71.37548,41.82849],[-71.37516,41.8288],[-71.37513,41.82887],[-71.37519,41.82891],[-71.37529,41.82888],[-71.37629,41.82802],[-71.3767,41.82746],[-71.37689,41.82729]],[[-71.37689,41.82729],[-71.37709,41.82709],[-71.37729,41.82704],[-71.37738,41.82688],[-71.37759,41.82682],[-71.378,41.82683],[-71.37835,41.82658],[-71.37856,41.82652],[-71.37891,41.82613],[-71.379,41.82577],[-71.37963,41.82504]],[[-71.37963,41.82504],[-71.38063,41.82426],[-71.38125,41.8239],[-71.38138,41.82389],[-71.38142,41.8238],[-71.38168,41.82366],[-71.38195,41.82356],[-71.38254,41.82345],[-71.38328,41.82342]],[[-71.38328,41.82342],[-71.3836,41.82342],[-71.3837,41.82315],[-71.38321,41.82272],[-71.3829,41.82229],[-71.38271,41.82166],[-71.38268,41.82132],[-71.38273,41.82104],[-71.38263,41.82104],[-71.38255,41.82114],[-71.38254,41.82143]],[[-71.38254,41.82143],[-71.38253,41.82177],[-71.38259,41.82206],[-71.38271,41.82234],[-71.38304,41.8228],[-71.38349,41.82324],[-71.3824,41.82328],[-71.38183,41.82339]],[[-71.38183,41.82339],[-71.3812,41.82361],[-71.38063,41.82395],[-71.38108,41.82329],[-71.38117,41.82312],[-71.3812,41.82287],[-71.38129,41.82281],[-71.38116,41.82273],[-71.38118,41.82244],[-71.38165,41.82201]],[[-71.38165,41.82201],[-71.38194,41.82168],[-71.38265,41.82067],[-71.38296,41.82009],[-71.38372,41.81915]],[[-71.38372,41.81915],[-71.384,41.81852],[-71.38426,41.81825],[-71.38432,41.81802],[-71.3843,41.81793],[-71.38439,41.81781],[-71.38439,41.81773],[-71.38459,41.81765],[-71.38505,41.81724],[-71.38496,41.8169],[-71.38536,41.8169],[-71.38548,41.81682],[-71.38556,41.81663]],[[-71.38556,41.81663],[-71.38562,41.81651],[-71.38602,41.81634],[-71.38623,41.81619],[-71.38635,41.81591],[-71.38661,41.81584],[-71.38665,41.81586],[-71.38664,41.81594],[-71.38674,41.81596],[-71.3868,41.8159],[-71.38679,41.81582],[-71.38695,41.81576],[-71.38703,41.81567],[-71.38735,41.81549],[-71.38771,41.81538],[-71.38786,41.81537],[-71.38796,41.81542],[-71.38817,41.81539],[-71.38831,41.81532],[-71.38859,41.81505]],[[-71.38859,41.81505],[-71.38873,41.815],[-71.38869,41.81513],[-71.38917,41.81472],[-71.38937,41.81434],[-71.3893,41.81429],[-71.3892,41.81432],[-71.38914,41.8142],[-71.38903,41.81416],[-71.38907,41.81402],[-71.38895,41.81373],[-71.38905,41.81325],[-71.38901,41.81312],[-71.38846,41.81267]],[[-71.38846,41.81267],[-71.38835,41.81243],[-71.38819,41.81235],[-71.38803,41.81209],[-71.38796,41.81186],[-71.38793,41.81144],[-71.38798,41.81105],[-71.38801,41.81097],[-71.3881,41.81093],[-71.38806,41.81082],[-71.38824,41.81044],[-71.38864,41.81022],[-71.38828,41.81033],[-71.38812,41.8103]],[[-71.38812,41.8103],[-71.38795,41.81011],[-71.38765,41.80904],[-71.3875,41.80887],[-71.38748,41.80873],[-71.38771,41.80857],[-71.3878,41.80857],[-71.38831,41.80932],[-71.38808,41.80891]],[[-71.38808,41.80891],[-71.38695,41.80741],[-71.38666,41.80684],[-71.38607,41.80605]],[[-71.38607,41.80605],[-71.38546,41.80523],[-71.385,41.80474],[-71.38494,41.80469],[-71.38479,41.80469],[-71.38481,41.80461],[-71.3846,41.80437],[-71.38446,41.80412],[-71.38394,41.80363],[-71.38375,41.80335]],[[-71.38375,41.80335],[-71.3833,41.80277],[-71.38294,41.80271],[-71.38288,41.80261],[-71.38236,41.80286],[-71.38218,41.80288],[-71.38197,41.80281],[-71.38171,41.80281],[-71.38134,41.80268],[-71.38087,41.80261],[-71.3804,41.80261],[-71.38026,41.80274],[-71.38026,41.80279]],[[-71.38026,41.80279],[-71.38042,41.80303],[-71.38027,41.80358],[-71.38034,41.80364],[-71.38063,41.80371],[-71.38061,41.80391],[-71.38045,41.80409],[-71.37987,41.80412],[-71.37961,41.80422],[-71.37936,41.80439],[-71.37893,41.80484],[-71.37892,41.80494],[-71.37899,41.80503],[-71.37898,41.80511]],[[-71.37898,41.80511],[-71.37916,41.80528],[-71.37895,41.80528],[-71.37864,41.80541],[-71.37853,41.80541],[-71.37829,41.80558],[-71.3783,41.80565],[-71.37849,41.80574],[-71.37848,41.80581],[-71.37821,41.80592],[-71.37804,41.80605],[-71.37757,41.80617],[-71.37747,41.80627],[-71.37693,41.80618],[-71.37689,41.80607],[-71.37693,41.80589],[-71.37688,41.80585],[-71.37668,41.80591],[-71.37655,41.80605]],[[-71.37655,41.80605],[-71.37635,41.80624],[-71.37574,41.80648],[-71.375,41.80648]],[[-71.375,41.80187],[-71.37511,41.80161],[-71.37522,41.80082],[-71.37518,41.80064],[-71.375,41.80054]],[[-71.375,41.79886],[-71.37513,41.79879],[-71.37523,41.79861],[-71.37524,41.79831],[-71.37535,41.79805],[-71.37536,41.79747],[-71.3755,41.79722],[-71.37565,41.7972]],[[-71.37565,41.7972],[-71.37592,41.79733],[-71.37597,41.79757],[-71.37619,41.79766],[-71.37637,41.79756],[-71.37641,41.79733],[-71.37662,41.79715],[-71.37677,41.79711],[-71.37712,41.79712],[-71.37752,41.79696],[-71.37744,41.79682],[-71.37746,41.7967],[-71.37772,41.7965],[-71.37774,41.79637],[-71.37793,41.79616],[-71.37775,41.79587]],[[-71.37775,41.79587],[-71.37745,41.7956],[-71.37732,41.79555],[-71.37722,41.79538],[-71.37706,41.79529],[-71.37694,41.79533],[-71.37661,41.79527],[-71.37639,41.79528],[-71.37641,41.79496],[-71.37657,41.79456],[-71.37624,41.79418],[-71.3761,41.79415],[-71.37568,41.79433],[-71.37535,41.79429]],[[-71.37535,41.79429],[-71.375,41.79424]]]}}]}