{"type":"FeatureCollection","features":[{"type":"Feature","properties":{"ring":"inside","addr":"17 South Main","cls":"State","assessed":552600,"billed":0,"accounts":1,"owner":"State of Rhode Island"},"geometry":{"type":"Polygon","coordinates":[[[-71.407565,41.825154,0.0],[-71.407619,41.825226,0.0],[-71.407991,41.825073,0.0],[-71.407942,41.824999,0.0],[-71.407565,41.825154,0.0]]]}},{"type":"Feature","properties":{"ring":"inside","addr":"13 South Main","cls":"Municipal","assessed":548800,"billed":0,"accounts":1,"owner":"Providence Public Bldg Authority"},"geometry":{"type":"Polygon","coordinates":[[[-71.407619,41.825226,0.0],[-71.407673,41.8253,0.0],[-71.408041,41.825149,0.0],[-71.407991,41.825073,0.0],[-71.407619,41.825226,0.0]]]}},{"type":"Feature","properties":{"ring":"riverine","addr":"305 Charles St","cls":"Amtrak NRR","assessed":322100,"billed":0,"accounts":1,"owner":"Penn Central Transportation Co"},"geometry":{"type":"Polygon","coordinates":[[[-71.415823,41.843186,0.0],[-71.415867,41.843201,0.0],[-71.416322,41.84243,0.0],[-71.416505,41.841994,0.0],[-71.416647,41.841526,0.0],[-71.416709,41.841234,0.0],[-71.416754,41.840941,0.0],[-71.416779,41.840646,0.0],[-71.416786,41.840366,0.0],[-71.416776,41.840001,0.0],[-71.41664,41.839891,0.0],[-71.416685,41.840445,0.0],[-71.416683,41.840753,0.0],[-71.416641,41.841181,0.0],[-71.416555,41.841612,0.0],[-71.416465,41.841926,0.0],[-71.416351,41.842237,0.0],[-71.416174,41.842593,0.0],[-71.415823,41.843186,0.0]]]}},{"type":"Feature","properties":{"ring":"inside","addr":"39 Wade St","cls":"Residential Condo","assessed":1437000,"billed":16526,"accounts":2,"owner":"2 accounts"},"geometry":{"type":"Polygon","coordinates":[[[-71.389775,41.81976,0.0],[-71.389805,41.819964,0.0],[-71.390012,41.819946,0.0],[-71.389992,41.81981,0.0],[-71.389854,41.819821,0.0],[-71.389842,41.819739,0.0],[-71.389775,41.81976,0.0]]]}},{"type":"Feature","properties":{"ring":"inside","addr":"54 Gano St","cls":"Residential Vacant Land","assessed":317300,"billed":4633,"accounts":1,"owner":"private owner"},"geometry":{"type":"Polygon","coordinates":[[[-71.389593,41.819818,0.0],[-71.389616,41.81998,0.0],[-71.389805,41.819964,0.0],[-71.389775,41.81976,0.0],[-71.389593,41.819818,0.0]]]}},{"type":"Feature","properties":{"ring":"inside","addr":"43 Wade St","cls":"Single Family","assessed":494400,"billed":4153,"accounts":1,"owner":"private owner"},"geometry":{"type":"Polygon","coordinates":[[[-71.389833,41.819961,0.0],[-71.389853,41.820098,0.0],[-71.390032,41.820083,0.0],[-71.390012,41.819946,0.0],[-71.389833,41.819961,0.0]]]}},{"type":"Feature","properties":{"ring":"inside","addr":"60 Gano St","cls":"Commercial II","assessed":344900,"billed":10071,"accounts":1,"owner":"Gano Cafe LLC"},"geometry":{"type":"Polygon","coordinates":[[[-71.389616,41.81998,0.0],[-71.389635,41.820116,0.0],[-71.389853,41.820098,0.0],[-71.389833,41.819961,0.0],[-71.389616,41.81998,0.0]]]}},{"type":"Feature","properties":{"ring":"inside","addr":"250 South Water","cls":"Commercial II","assessed":6113300,"billed":178508,"accounts":1,"owner":"RISD Holdings INC"},"geometry":{"type":"Polygon","coordinates":[[[-71.404724,41.821856,0.0],[-71.405444,41.822637,0.0],[-71.40589,41.822409,0.0],[-71.405131,41.821644,0.0],[-71.404724,41.821856,0.0]]]}},{"type":"Feature","properties":{"ring":"inside","addr":"","cls":"Municipal","assessed":916100,"billed":0,"accounts":1,"owner":"City Of Providence"},"geometry":{"type":"Polygon","coordinates":[[[-71.388687,41.821337,0.0],[-71.388563,41.822008,0.0],[-71.388441,41.822666,0.0],[-71.388836,41.822452,0.0],[-71.388803,41.821329,0.0],[-71.388687,41.821337,0.0]]]}},{"type":"Feature","properties":{"ring":"coastal","addr":"4 Richmond Sq","cls":"Commercial II","assessed":3553800,"billed":103771,"accounts":1,"owner":"RS Acquisitions LLC"},"geometry":{"type":"Polygon","coordinates":[[[-71.380716,41.827191,0.0],[-71.381016,41.827323,0.0],[-71.381067,41.827271,0.0],[-71.381058,41.827269,0.0],[-71.38116,41.827017,0.0],[-71.380871,41.826965,0.0],[-71.38077,41.827074,0.0],[-71.380716,41.827191,0.0]]]}},{"type":"Feature","properties":{"ring":"coastal","addr":"392 Waterman St","cls":"Commercial II","assessed":862300,"billed":25179,"accounts":1,"owner":"RS Acquisitions LLC"},"geometry":{"type":"Polygon","coordinates":[[[-71.380618,41.827313,0.0],[-71.380907,41.827432,0.0],[-71.381016,41.827323,0.0],[-71.380716,41.827191,0.0],[-71.380618,41.827313,0.0]]]}},{"type":"Feature","properties":{"ring":"riverine","addr":"37 Longfellow Tr","cls":"2 -5 Family","assessed":605700,"billed":8480,"accounts":1,"owner":"private owner"},"geometry":{"type":"Polygon","coordinates":[[[-71.419725,41.790025,0.0],[-71.419795,41.790152,0.0],[-71.420205,41.790024,0.0],[-71.420136,41.789897,0.0],[-71.419725,41.790025,0.0]]]}},{"type":"Feature","properties":{"ring":"coastal","addr":"PR 056-0001-0000"},"geometry":{"type":"Polygon","coordinates":[[[-71.389969,41.791486,0.0],[-71.390131,41.79154,0.0],[-71.390207,41.791414,0.0],[-71.390044,41.791361,0.0],[-71.389969,41.791486,0.0]]]}},{"type":"Feature","properties":{"ring":"riverine","addr":"820 Elmwood Ave","cls":"Commercial II","assessed":1854400,"billed":54148,"accounts":1,"owner":"Rhode Island JLS Equities LLC"},"geometry":{"type":"Polygon","coordinates":[[[-71.420413,41.790405,0.0],[-71.420691,41.790916,0.0],[-71.421269,41.790735,0.0],[-71.421196,41.790605,0.0],[-71.421842,41.790406,0.0],[-71.421633,41.790029,0.0],[-71.420413,41.790405,0.0]]]}},{"type":"Feature","properties":{"ring":"inside","addr":"76 Gano St","cls":"2 -5 Family","assessed":795200,"billed":11133,"accounts":1,"owner":"WIRSA LLC"},"geometry":{"type":"Polygon","coordinates":[[[-71.389713,41.820663,0.0],[-71.389733,41.820803,0.0],[-71.3901,41.820772,0.0],[-71.390079,41.820633,0.0],[-71.389713,41.820663,0.0]]]}},{"type":"Feature","properties":{"ring":"coastal","addr":"17 Richmond Sq","cls":"CI Vacant Land","assessed":1945800,"billed":56817,"accounts":1,"owner":"RS Acquisitions LLC"},"geometry":{"type":"Polygon","coordinates":[[[-71.381144,41.826733,0.0],[-71.381241,41.826864,0.0],[-71.381544,41.826907,0.0],[-71.381672,41.826746,0.0],[-71.381876,41.826746,0.0],[-71.382775,41.826335,0.0],[-71.382883,41.826199,0.0],[-71.38281,41.826117,0.0],[-71.382793,41.826115,0.0],[-71.382778,41.826081,0.0],[-71.382543,41.826159,0.0],[-71.382172,41.826161,0.0],[-71.381881,41.826216,0.0],[-71.381739,41.826269,0.0],[-71.38161,41.826338,0.0],[-71.381547,41.826391,0.0],[-71.381458,41.826496,0.0],[-71.381269,41.826621,0.0],[-71.381144,41.826733,0.0]]]}},{"type":"Feature","properties":{"ring":"riverine","addr":"218 West River","cls":"Amtrak NRR","assessed":206400,"billed":0,"accounts":1,"owner":"Penn Central Transportation Co"},"geometry":{"type":"Polygon","coordinates":[[[-71.413999,41.845195,0.0],[-71.414389,41.845291,0.0],[-71.414409,41.845277,0.0],[-71.414565,41.845012,0.0],[-71.414489,41.844999,0.0],[-71.414392,41.845058,0.0],[-71.413999,41.845195,0.0]]]}},{"type":"Feature","properties":{"ring":"riverine","addr":"43 Cadillac Dr","cls":"CI Vacant Land","assessed":600300,"billed":17529,"accounts":1,"owner":"Good Fortune Realty of RI LLC"},"geometry":{"type":"Polygon","coordinates":[[[-71.4155,41.792686,0.0],[-71.415641,41.79294,0.0],[-71.417278,41.792432,0.0],[-71.417137,41.792178,0.0],[-71.4155,41.792686,0.0]]]}},{"type":"Feature","properties":{"ring":"inside","addr":"73 Fremont St","cls":"Residential Condo","assessed":1079100,"billed":13442,"accounts":3,"owner":"3 accounts"},"geometry":{"type":"Polygon","coordinates":[[[-71.389983,41.822441,0.0],[-71.390347,41.82241,0.0],[-71.390326,41.822273,0.0],[-71.389963,41.822304,0.0],[-71.389983,41.822441,0.0]]]}},{"type":"Feature","properties":{"ring":"inside","addr":"113 Gano St","cls":"Commercial II","assessed":663800,"billed":19383,"accounts":1,"owner":"United Packing Inc"},"geometry":{"type":"Polygon","coordinates":[[[-71.389396,41.822217,0.0],[-71.389436,41.822488,0.0],[-71.389801,41.822456,0.0],[-71.389761,41.822185,0.0],[-71.389396,41.822217,0.0]]]}},{"type":"Feature","properties":{"ring":"riverine","addr":"391 Charles St","cls":"Commercial II","assessed":1486700,"billed":43412,"accounts":1,"owner":"Wensil Realty LLC"},"geometry":{"type":"Polygon","coordinates":[[[-71.418079,41.844399,0.0],[-71.418087,41.84495,0.0],[-71.418271,41.845079,0.0],[-71.418603,41.844831,0.0],[-71.418437,41.844312,0.0],[-71.418079,41.844399,0.0]]]}},{"type":"Feature","properties":{"ring":"riverine","addr":"7 Cadillac Dr","cls":"Municipal","assessed":473400,"billed":0,"accounts":1,"owner":"Providence Public Bldg Authority"},"geometry":{"type":"Polygon","coordinates":[[[-71.415765,41.793177,0.0],[-71.416008,41.793679,0.0],[-71.417681,41.793159,0.0],[-71.417408,41.792668,0.0],[-71.415765,41.793177,0.0]]]}},{"type":"Feature","properties":{"ring":"riverine","addr":"371 Charles St","cls":"CI Vacant Land","assessed":56300,"billed":1644,"accounts":1,"owner":"Rvs Associates"},"geometry":{"type":"Polygon","coordinates":[[[-71.417384,41.841952,0.0],[-71.417419,41.842057,0.0],[-71.417703,41.842005,0.0],[-71.417669,41.8419,0.0],[-71.417384,41.841952,0.0]]]}},{"type":"Feature","properties":{"ring":"inside","addr":"203 South Main","cls":"Commercial II","assessed":1072500,"billed":31317,"accounts":1,"owner":"Corliss Properties LLC"},"geometry":{"type":"Polygon","coordinates":[[[-71.405769,41.822977,0.0],[-71.405858,41.823069,0.0],[-71.406155,41.822906,0.0],[-71.40607,41.822819,0.0],[-71.405769,41.822977,0.0]]]}},{"type":"Feature","properties":{"ring":"inside","addr":"133 Gano St","cls":"Commercial II","assessed":2155500,"billed":62941,"accounts":1,"owner":"ADJ DONUTS INC"},"geometry":{"type":"Polygon","coordinates":[[[-71.389455,41.822622,0.0],[-71.389547,41.823225,0.0],[-71.389913,41.823205,0.0],[-71.389821,41.822591,0.0],[-71.389455,41.822622,0.0]]]}},{"type":"Feature","properties":{"ring":"x500","addr":"305 Shipyard St","cls":"School","assessed":42974800,"billed":0,"accounts":1,"owner":"JOHNSON & WALES"},"geometry":{"type":"Polygon","coordinates":[[[-71.389625,41.788169,0.0],[-71.390933,41.790257,0.0],[-71.392099,41.790037,0.0],[-71.391685,41.788838,0.0],[-71.391501,41.78887,0.0],[-71.391234,41.788121,0.0],[-71.390611,41.788339,0.0],[-71.390342,41.787906,0.0],[-71.389625,41.788169,0.0]]]}},{"type":"Feature","properties":{"ring":"riverine","addr":"41 Longfellow Tr","cls":"2 -5 Family","assessed":594900,"billed":4492,"accounts":1,"owner":"private owner"},"geometry":{"type":"Polygon","coordinates":[[[-71.419654,41.789898,0.0],[-71.419725,41.790025,0.0],[-71.420136,41.789897,0.0],[-71.420066,41.78977,0.0],[-71.419654,41.789898,0.0]]]}},{"type":"Feature","properties":{"ring":"coastal","addr":"195 Terminal Rd","cls":"Utility","assessed":7345500,"billed":214489,"accounts":1,"owner":"Narragansett Electric Co"},"geometry":{"type":"Polygon","coordinates":[[[-71.392555,41.800492,0.0],[-71.392786,41.800683,0.0],[-71.395533,41.798805,0.0],[-71.396143,41.796115,0.0],[-71.394502,41.796421,0.0],[-71.394723,41.797105,0.0],[-71.39384,41.797709,0.0],[-71.393995,41.797846,0.0],[-71.393909,41.797908,0.0],[-71.394078,41.798047,0.0],[-71.394167,41.797988,0.0],[-71.395228,41.798844,0.0],[-71.392803,41.800503,0.0],[-71.392745,41.800526,0.0],[-71.39268,41.800533,0.0],[-71.392609,41.800521,0.0],[-71.392555,41.800492,0.0]]]}},{"type":"Feature","properties":{"ring":"riverine","addr":"291 Melrose St","cls":"State","assessed":584900,"billed":0,"accounts":1,"owner":"RI Public Transit Authority"},"geometry":{"type":"Polygon","coordinates":[[[-71.419234,41.791657,0.0],[-71.420258,41.791342,0.0],[-71.419417,41.789828,0.0],[-71.419169,41.789905,0.0],[-71.419766,41.790974,0.0],[-71.418989,41.791217,0.0],[-71.419234,41.791657,0.0]]]}},{"type":"Feature","properties":{"ring":"riverine","addr":"33 Longfellow Tr","cls":"2 -5 Family","assessed":584500,"billed":4413,"accounts":1,"owner":"private owner"},"geometry":{"type":"Polygon","coordinates":[[[-71.419795,41.790152,0.0],[-71.419866,41.790278,0.0],[-71.420273,41.79015,0.0],[-71.420205,41.790024,0.0],[-71.419795,41.790152,0.0]]]}},{"type":"Feature","properties":{"ring":"riverine","addr":"45 Roger Williams Ave","cls":"CI Vacant Land","assessed":810200,"billed":23658,"accounts":1,"owner":"Cadillac Drive Inc"},"geometry":{"type":"Polygon","coordinates":[[[-71.419999,41.789647,0.0],[-71.420413,41.790405,0.0],[-71.421105,41.790192,0.0],[-71.42094,41.789897,0.0],[-71.420708,41.789972,0.0],[-71.42045,41.789507,0.0],[-71.419999,41.789647,0.0]]]}},{"type":"Feature","properties":{"ring":"riverine","addr":"333 Melrose St","cls":"State","assessed":1406300,"billed":0,"accounts":1,"owner":"RHODE ISLAND PUBLIC TRANSIT AUTHORITY"},"geometry":{"type":"Polygon","coordinates":[[[-71.418989,41.791217,0.0],[-71.419766,41.790974,0.0],[-71.419169,41.789905,0.0],[-71.419074,41.789935,0.0],[-71.418529,41.790388,0.0],[-71.418989,41.791217,0.0]]]}},{"type":"Feature","properties":{"ring":"riverine","addr":"101 Cadillac Dr","cls":"Commercial II","assessed":5048100,"billed":147405,"accounts":1,"owner":"Good Fortune Realty of RI LLC"},"geometry":{"type":"Polygon","coordinates":[[[-71.415141,41.792023,0.0],[-71.4155,41.792686,0.0],[-71.417137,41.792178,0.0],[-71.417093,41.792099,0.0],[-71.416924,41.792152,0.0],[-71.41653,41.791442,0.0],[-71.415678,41.791829,0.0],[-71.41519,41.791955,0.0],[-71.415153,41.791986,0.0],[-71.415141,41.792023,0.0]]]}},{"type":"Feature","properties":{"ring":"riverine","addr":"1 Cadillac Dr","cls":"Miscellaneous","assessed":8575600,"billed":188143,"accounts":1,"owner":"Standard Colony 2.0 Venture LP"},"geometry":{"type":"Polygon","coordinates":[[[-71.416048,41.793752,0.0],[-71.41627,41.794163,0.0],[-71.417949,41.793642,0.0],[-71.417722,41.793233,0.0],[-71.416048,41.793752,0.0]]]}},{"type":"Feature","properties":{"ring":"riverine","addr":"5 Cadillac Dr","cls":"Municipal","assessed":147900,"billed":0,"accounts":1,"owner":"City of Providence"},"geometry":{"type":"Polygon","coordinates":[[[-71.416008,41.793679,0.0],[-71.416048,41.793752,0.0],[-71.417722,41.793233,0.0],[-71.417681,41.793159,0.0],[-71.416008,41.793679,0.0]]]}},{"type":"Feature","properties":{"ring":"coastal","addr":"3 India St","cls":"Industrial","assessed":3250700,"billed":94920,"accounts":1,"owner":"One India Street LLC"},"geometry":{"type":"Polygon","coordinates":[[[-71.398398,41.815795,0.0],[-71.398857,41.816307,0.0],[-71.400038,41.815703,0.0],[-71.399877,41.815559,0.0],[-71.400092,41.815363,0.0],[-71.400019,41.815275,0.0],[-71.400137,41.815207,0.0],[-71.399607,41.814591,0.0],[-71.398398,41.815795,0.0]]]}},{"type":"Feature","properties":{"ring":"coastal","addr":"89 India St","cls":"CI Vacant Land","assessed":93000,"billed":2716,"accounts":1,"owner":"One India Street LLC"},"geometry":{"type":"Polygon","coordinates":[[[-71.398398,41.815795,0.0],[-71.398336,41.815845,0.0],[-71.398779,41.816347,0.0],[-71.398857,41.816307,0.0],[-71.398398,41.815795,0.0]]]}},{"type":"Feature","properties":{"ring":"inside","addr":"0 India St","cls":"State","assessed":1980700,"billed":0,"accounts":1,"owner":"private owner"},"geometry":{"type":"Polygon","coordinates":[[[-71.397914,41.816164,0.0],[-71.398332,41.816574,0.0],[-71.398779,41.816347,0.0],[-71.398336,41.815845,0.0],[-71.397914,41.816164,0.0]]]}},{"type":"Feature","properties":{"ring":"inside","addr":"32 India St","cls":"State","assessed":503500,"billed":0,"accounts":1,"owner":"private owner"},"geometry":{"type":"Polygon","coordinates":[[[-71.398503,41.816653,0.0],[-71.398592,41.816758,0.0],[-71.399199,41.81645,0.0],[-71.399106,41.816347,0.0],[-71.398503,41.816653,0.0]]]}},{"type":"Feature","properties":{"ring":"coastal","addr":"99 India St","cls":"State","assessed":1608500,"billed":0,"accounts":1,"owner":"private owner"},"geometry":{"type":"Polygon","coordinates":[[[-71.3972,41.816654,0.0],[-71.397605,41.816965,0.0],[-71.398332,41.816574,0.0],[-71.397914,41.816164,0.0],[-71.3972,41.816654,0.0]]]}},{"type":"Feature","properties":{"ring":"inside","addr":"45 Bridge St","cls":"Municipal","assessed":1269300,"billed":0,"accounts":1,"owner":"Providence Public Bldg Authority"},"geometry":{"type":"Polygon","coordinates":[[[-71.400873,41.816441,0.0],[-71.40139,41.817017,0.0],[-71.401596,41.816914,0.0],[-71.401092,41.816344,0.0],[-71.400968,41.816184,0.0],[-71.400877,41.816217,0.0],[-71.400991,41.816383,0.0],[-71.400873,41.816441,0.0]]]}},{"type":"Feature","properties":{"ring":"inside","addr":"36 India St","cls":"State","assessed":434100,"billed":0,"accounts":1,"owner":"private owner"},"geometry":{"type":"Polygon","coordinates":[[[-71.397828,41.817012,0.0],[-71.397894,41.817093,0.0],[-71.398428,41.81682,0.0],[-71.398352,41.816731,0.0],[-71.397828,41.817012,0.0]]]}},{"type":"Feature","properties":{"ring":"inside","addr":"587 South Water St","cls":"CI Vacant Land","assessed":868800,"billed":25369,"accounts":1,"owner":"SCR Singh, LLC"},"geometry":{"type":"Polygon","coordinates":[[[-71.400232,41.816942,0.0],[-71.400431,41.817165,0.0],[-71.401048,41.816858,0.0],[-71.400848,41.816635,0.0],[-71.400232,41.816942,0.0]]]}},{"type":"Feature","properties":{"ring":"inside","addr":"25 Bridge St","cls":"Commercial II","assessed":725300,"billed":21179,"accounts":1,"owner":"Eat Or Out Inc D/B/A Hot Club"},"geometry":{"type":"Polygon","coordinates":[[[-71.401539,41.817182,0.0],[-71.401709,41.817373,0.0],[-71.401893,41.817277,0.0],[-71.401736,41.817092,0.0],[-71.401539,41.817182,0.0]]]}},{"type":"Feature","properties":{"ring":"inside","addr":"577 South Water St","cls":"Commercial II","assessed":1748600,"billed":51059,"accounts":1,"owner":"Providence River Trading Assoc"},"geometry":{"type":"Polygon","coordinates":[[[-71.400431,41.817165,0.0],[-71.400646,41.817407,0.0],[-71.401264,41.817098,0.0],[-71.401048,41.816858,0.0],[-71.400431,41.817165,0.0]]]}},{"type":"Feature","properties":{"ring":"inside","addr":"21 Bridge St","cls":"Utility","assessed":178000,"billed":5198,"accounts":1,"owner":"Narragansett Electric Company"},"geometry":{"type":"Polygon","coordinates":[[[-71.401709,41.817373,0.0],[-71.401747,41.817414,0.0],[-71.401935,41.817327,0.0],[-71.401893,41.817277,0.0],[-71.401709,41.817373,0.0]]]}},{"type":"Feature","properties":{"ring":"inside","addr":"566 South Water St","cls":"Commercial II","assessed":2244900,"billed":65551,"accounts":1,"owner":"39 Pike Street Associates LLC"},"geometry":{"type":"Polygon","coordinates":[[[-71.400287,41.817825,0.0],[-71.400388,41.817848,0.0],[-71.400686,41.8177,0.0],[-71.400516,41.817509,0.0],[-71.400169,41.817692,0.0],[-71.400287,41.817825,0.0]]]}},{"type":"Feature","properties":{"ring":"coastal","addr":"270 India St","cls":"Municipal","assessed":389000,"billed":0,"accounts":1,"owner":"City of Providence"},"geometry":{"type":"Polygon","coordinates":[[[-71.388064,41.817937,0.0],[-71.388229,41.817961,0.0],[-71.388302,41.817613,0.0],[-71.388139,41.81759,0.0],[-71.388064,41.817937,0.0]]]}},{"type":"Feature","properties":{"ring":"inside","addr":"201 India St","cls":"State","assessed":436100,"billed":0,"accounts":1,"owner":"private owner"},"geometry":{"type":"Polygon","coordinates":[[[-71.394747,41.817735,0.0],[-71.394704,41.818136,0.0],[-71.394885,41.818121,0.0],[-71.394928,41.817686,0.0],[-71.394747,41.817735,0.0]]]}},{"type":"Feature","properties":{"ring":"inside","addr":"15 Bridge St","cls":"Commercial II","assessed":3122200,"billed":91168,"accounts":1,"owner":"private owner"},"geometry":{"type":"Polygon","coordinates":[[[-71.401747,41.817414,0.0],[-71.402185,41.817902,0.0],[-71.402315,41.818201,0.0],[-71.402498,41.818006,0.0],[-71.401935,41.817327,0.0],[-71.401747,41.817414,0.0]]]}},{"type":"Feature","properties":{"ring":"inside","addr":"3 Bridge St","cls":"Utility","assessed":183600,"billed":5361,"accounts":1,"owner":"Narragansett Electric Company"},"geometry":{"type":"Polygon","coordinates":[[[-71.402315,41.818201,0.0],[-71.402338,41.818251,0.0],[-71.40253,41.818045,0.0],[-71.402498,41.818006,0.0],[-71.402315,41.818201,0.0]]]}},{"type":"Feature","properties":{"ring":"inside","addr":"225 India St","cls":"State","assessed":1503300,"billed":0,"accounts":1,"owner":"private owner"},"geometry":{"type":"Polygon","coordinates":[[[-71.392618,41.817673,0.0],[-71.392628,41.818144,0.0],[-71.392993,41.818219,0.0],[-71.393361,41.818261,0.0],[-71.393348,41.817671,0.0],[-71.392618,41.817673,0.0]]]}},{"type":"Feature","properties":{"ring":"coastal","addr":"203 India St","cls":"Municipal","assessed":1959600,"billed":0,"accounts":1,"owner":"Providence Public Bldg Authority"},"geometry":{"type":"Polygon","coordinates":[[[-71.393361,41.818261,0.0],[-71.393616,41.818247,0.0],[-71.393854,41.818203,0.0],[-71.394704,41.818136,0.0],[-71.394747,41.817735,0.0],[-71.393348,41.817671,0.0],[-71.393361,41.818261,0.0]]]}},{"type":"Feature","properties":{"ring":"inside","addr":"1 Bridge St","cls":"Municipal","assessed":344800,"billed":0,"accounts":1,"owner":"City of Providence"},"geometry":{"type":"Polygon","coordinates":[[[-71.402337,41.818251,0.0],[-71.402391,41.818311,0.0],[-71.402732,41.818286,0.0],[-71.40253,41.818045,0.0],[-71.402337,41.818251,0.0]]]}},{"type":"Feature","properties":{"ring":"inside","addr":"211 India St","cls":"Municipal","assessed":246200,"billed":0,"accounts":1,"owner":"City of Providence"},"geometry":{"type":"Polygon","coordinates":[[[-71.393361,41.818261,0.0],[-71.393405,41.818431,0.0],[-71.39351,41.818406,0.0],[-71.393475,41.818259,0.0],[-71.393361,41.818261,0.0]]]}},{"type":"Feature","properties":{"ring":"coastal","addr":"250 India St","cls":"School","assessed":3800500,"billed":0,"accounts":1,"owner":"BROWN UNIVERSITY"},"geometry":{"type":"Polygon","coordinates":[[[-71.388452,41.818553,0.0],[-71.388867,41.818614,0.0],[-71.388962,41.818282,0.0],[-71.389194,41.818098,0.0],[-71.388326,41.817975,0.0],[-71.388452,41.818553,0.0]]]}},{"type":"Feature","properties":{"ring":"inside","addr":"271 Tockwotten St","cls":"44-3-9 Stb","assessed":3640000,"billed":101932,"accounts":1,"owner":"private owner"},"geometry":{"type":"Polygon","coordinates":[[[-71.389826,41.818622,0.0],[-71.390692,41.818749,0.0],[-71.390804,41.818316,0.0],[-71.389937,41.818188,0.0],[-71.389826,41.818622,0.0]]]}},{"type":"Feature","properties":{"ring":"inside","addr":"47 Wade St","cls":"2 -5 Family","assessed":747700,"billed":10468,"accounts":1,"owner":"private owner"},"geometry":{"type":"Polygon","coordinates":[[[-71.389635,41.820116,0.0],[-71.389654,41.820252,0.0],[-71.390051,41.820219,0.0],[-71.390032,41.820083,0.0],[-71.389635,41.820116,0.0]]]}},{"type":"Feature","properties":{"ring":"inside","addr":"55 Wade St","cls":"2 -5 Family","assessed":619900,"billed":4680,"accounts":1,"owner":"private owner"},"geometry":{"type":"Polygon","coordinates":[[[-71.389939,41.820229,0.0],[-71.389959,41.820364,0.0],[-71.390071,41.820354,0.0],[-71.390051,41.820219,0.0],[-71.389939,41.820229,0.0]]]}},{"type":"Feature","properties":{"ring":"inside","addr":"667 Wickenden St","cls":"Commercial II","assessed":311100,"billed":9084,"accounts":1,"owner":"Comforts Holdings LLC"},"geometry":{"type":"Polygon","coordinates":[[[-71.389782,41.820242,0.0],[-71.389802,41.820377,0.0],[-71.389959,41.820364,0.0],[-71.389939,41.820229,0.0],[-71.389782,41.820242,0.0]]]}},{"type":"Feature","properties":{"ring":"coastal","addr":"673 Wickenden St","cls":"combo 5U","assessed":587600,"billed":10727,"accounts":1,"owner":"private owner"},"geometry":{"type":"Polygon","coordinates":[[[-71.389654,41.820252,0.0],[-71.389674,41.820388,0.0],[-71.389802,41.820377,0.0],[-71.389782,41.820242,0.0],[-71.389654,41.820252,0.0]]]}},{"type":"Feature","properties":{"ring":"inside","addr":"658 Wickenden St","cls":"Single Family","assessed":421200,"billed":3538,"accounts":1,"owner":"private owner"},"geometry":{"type":"Polygon","coordinates":[[[-71.389929,41.820504,0.0],[-71.389949,41.820644,0.0],[-71.390071,41.820633,0.0],[-71.39005,41.820494,0.0],[-71.389929,41.820504,0.0]]]}},{"type":"Feature","properties":{"ring":"inside","addr":"670 Wickenden St","cls":"2 -5 Family","assessed":660900,"billed":9253,"accounts":1,"owner":"private owner"},"geometry":{"type":"Polygon","coordinates":[[[-71.389693,41.820524,0.0],[-71.389713,41.820663,0.0],[-71.389949,41.820644,0.0],[-71.389929,41.820504,0.0],[-71.389693,41.820524,0.0]]]}},{"type":"Feature","properties":{"ring":"inside","addr":"403 South Main","cls":"Commercial II","assessed":928600,"billed":27115,"accounts":1,"owner":"Dolphin House Ltd"},"geometry":{"type":"Polygon","coordinates":[[[-71.403548,41.820373,0.0],[-71.403461,41.82042,0.0],[-71.403749,41.820732,0.0],[-71.403927,41.820642,0.0],[-71.403679,41.82039,0.0],[-71.403548,41.820373,0.0]]]}},{"type":"Feature","properties":{"ring":"inside","addr":"650 Wickenden St","cls":"2 -5 Family","assessed":911300,"billed":6130,"accounts":1,"owner":"private owner"},"geometry":{"type":"Polygon","coordinates":[[[-71.39005,41.820494,0.0],[-71.3901,41.820772,0.0],[-71.390286,41.820756,0.0],[-71.390243,41.820478,0.0],[-71.39005,41.820494,0.0]]]}},{"type":"Feature","properties":{"ring":"inside","addr":"73 Trenton St","cls":"2 -5 Family","assessed":641000,"billed":4090,"accounts":1,"owner":"private owner"},"geometry":{"type":"Polygon","coordinates":[[[-71.389934,41.820927,0.0],[-71.389955,41.821063,0.0],[-71.390141,41.821047,0.0],[-71.390121,41.820911,0.0],[-71.389934,41.820927,0.0]]]}},{"type":"Feature","properties":{"ring":"inside","addr":"79 Trenton St","cls":"2 -5 Family","assessed":567400,"billed":7944,"accounts":1,"owner":"private owner"},"geometry":{"type":"Polygon","coordinates":[[[-71.389753,41.820942,0.0],[-71.389772,41.821078,0.0],[-71.389955,41.821063,0.0],[-71.389934,41.820927,0.0],[-71.389753,41.820942,0.0]]]}},{"type":"Feature","properties":{"ring":"inside","addr":"326 South Water","cls":"CI Vacant Land","assessed":1155100,"billed":33729,"accounts":1,"owner":"Sock Block LLC"},"geometry":{"type":"Polygon","coordinates":[[[-71.404745,41.821343,0.0],[-71.404817,41.821307,0.0],[-71.404354,41.820809,0.0],[-71.403997,41.821003,0.0],[-71.404057,41.821069,0.0],[-71.404199,41.820992,0.0],[-71.404291,41.821092,0.0],[-71.404318,41.821077,0.0],[-71.404455,41.821224,0.0],[-71.404528,41.82118,0.0],[-71.404543,41.821197,0.0],[-71.404592,41.821169,0.0],[-71.404745,41.821343,0.0]]]}},{"type":"Feature","properties":{"ring":"inside","addr":"96 Gano St","cls":"Residential Condo","assessed":864800,"billed":12626,"accounts":8,"owner":"Khan Capital LLC"},"geometry":{"type":"Polygon","coordinates":[[[-71.389821,41.821348,0.0],[-71.389841,41.821487,0.0],[-71.390203,41.821456,0.0],[-71.390182,41.821317,0.0],[-71.389821,41.821348,0.0]]]}},{"type":"Feature","properties":{"ring":"inside","addr":"98 Gano St","cls":"2 -5 Family","assessed":603800,"billed":3809,"accounts":1,"owner":"private owner"},"geometry":{"type":"Polygon","coordinates":[[[-71.389861,41.821621,0.0],[-71.390223,41.82159,0.0],[-71.390203,41.821456,0.0],[-71.389841,41.821487,0.0],[-71.389861,41.821621,0.0]]]}},{"type":"Feature","properties":{"ring":"inside","addr":"73 East Transit","cls":"CI Vacant Land","assessed":389000,"billed":11359,"accounts":1,"owner":"private owner"},"geometry":{"type":"Polygon","coordinates":[[[-71.389882,41.821758,0.0],[-71.390244,41.821727,0.0],[-71.390223,41.82159,0.0],[-71.389861,41.821621,0.0],[-71.389882,41.821758,0.0]]]}},{"type":"Feature","properties":{"ring":"coastal","addr":"101 Gano St","cls":"Commercial II","assessed":1556100,"billed":45438,"accounts":1,"owner":"private owner"},"geometry":{"type":"Polygon","coordinates":[[[-71.389023,41.821315,0.0],[-71.389038,41.821829,0.0],[-71.389699,41.821773,0.0],[-71.389625,41.821276,0.0],[-71.389023,41.821315,0.0]]]}},{"type":"Feature","properties":{"ring":"inside","addr":"321 South Main","cls":"Commercial II","assessed":6348600,"billed":185379,"accounts":1,"owner":"private owner"},"geometry":{"type":"Polygon","coordinates":[[[-71.404482,41.821541,0.0],[-71.404624,41.821747,0.0],[-71.404724,41.821856,0.0],[-71.405131,41.821644,0.0],[-71.404859,41.821352,0.0],[-71.404482,41.821541,0.0]]]}},{"type":"Feature","properties":{"ring":"inside","addr":"102 Gano","cls":"2 -5 Family","assessed":777800,"billed":10889,"accounts":1,"owner":"private owner"},"geometry":{"type":"Polygon","coordinates":[[[-71.389902,41.821894,0.0],[-71.389922,41.822031,0.0],[-71.390285,41.822,0.0],[-71.390264,41.821864,0.0],[-71.389902,41.821894,0.0]]]}},{"type":"Feature","properties":{"ring":"inside","addr":"103 Gano St","cls":"Commercial II","assessed":506200,"billed":14781,"accounts":1,"owner":"private owner"},"geometry":{"type":"Polygon","coordinates":[[[-71.389354,41.821941,0.0],[-71.389375,41.822077,0.0],[-71.38974,41.822046,0.0],[-71.38972,41.82191,0.0],[-71.389354,41.821941,0.0]]]}},{"type":"Feature","properties":{"ring":"inside","addr":"105 Gano St","cls":"Commercial II","assessed":583200,"billed":17029,"accounts":1,"owner":"private owner"},"geometry":{"type":"Polygon","coordinates":[[[-71.389375,41.822077,0.0],[-71.389396,41.822217,0.0],[-71.389761,41.822185,0.0],[-71.38974,41.822046,0.0],[-71.389375,41.822077,0.0]]]}},{"type":"Feature","properties":{"ring":"inside","addr":"10 Beach","cls":"Municipal","assessed":1856800,"billed":0,"accounts":1,"owner":"City of Providence"},"geometry":{"type":"Polygon","coordinates":[[[-71.388044,41.823049,0.0],[-71.388082,41.823309,0.0],[-71.389547,41.823225,0.0],[-71.389455,41.822622,0.0],[-71.388716,41.822686,0.0],[-71.388044,41.823049,0.0]]]}},{"type":"Feature","properties":{"ring":"inside","addr":"135 Gano St","cls":"Commercial II","assessed":603500,"billed":17622,"accounts":1,"owner":"LEP Centech LLC"},"geometry":{"type":"Polygon","coordinates":[[[-71.389617,41.823329,0.0],[-71.389943,41.823409,0.0],[-71.389913,41.823205,0.0],[-71.389601,41.823222,0.0],[-71.389617,41.823329,0.0]]]}},{"type":"Feature","properties":{"ring":"coastal","addr":"84 Wayland Ave","cls":"Municipal","assessed":42300,"billed":0,"accounts":1,"owner":"City of Providence"},"geometry":{"type":"Polygon","coordinates":[[[-71.387393,41.823725,0.0],[-71.387453,41.823731,0.0],[-71.387444,41.823681,0.0],[-71.387418,41.823703,0.0],[-71.387393,41.823725,0.0]]]}},{"type":"Feature","properties":{"ring":"inside","addr":"155 South Main","cls":"School","assessed":11366100,"billed":0,"accounts":1,"owner":"BROWN UNIVERSITY"},"geometry":{"type":"Polygon","coordinates":[[[-71.406294,41.823501,0.0],[-71.406605,41.823815,0.0],[-71.40698,41.823611,0.0],[-71.406736,41.823264,0.0],[-71.406294,41.823501,0.0]]]}},{"type":"Feature","properties":{"ring":"inside","addr":"293 Power St","cls":"Municipal","assessed":2024300,"billed":0,"accounts":1,"owner":"City of Providence"},"geometry":{"type":"Polygon","coordinates":[[[-71.388082,41.823309,0.0],[-71.388181,41.823973,0.0],[-71.389643,41.823847,0.0],[-71.389547,41.823225,0.0],[-71.388082,41.823309,0.0]]]}},{"type":"Feature","properties":{"ring":"inside","addr":"86 Wayland Ave","cls":"Municipal","assessed":799400,"billed":0,"accounts":1,"owner":"City of Providence"},"geometry":{"type":"Polygon","coordinates":[[[-71.387453,41.823731,0.0],[-71.387591,41.823747,0.0],[-71.387633,41.82402,0.0],[-71.387999,41.823988,0.0],[-71.387869,41.823118,0.0],[-71.387579,41.823562,0.0],[-71.387444,41.823681,0.0],[-71.387453,41.823731,0.0]]]}},{"type":"Feature","properties":{"ring":"x500","addr":"15 Richmond Sq (rear)","cls":"Utility","assessed":635600,"billed":18560,"accounts":1,"owner":"Narragansett Electric Co"},"geometry":{"type":"Polygon","coordinates":[[[-71.380871,41.826965,0.0],[-71.381419,41.827064,0.0],[-71.381544,41.826907,0.0],[-71.381241,41.826864,0.0],[-71.381144,41.826733,0.0],[-71.380871,41.826965,0.0]]]}},{"type":"Feature","properties":{"ring":"x500","addr":"210 Pitman St","cls":"Charitable","assessed":363000,"billed":0,"accounts":1,"owner":"Salvation Army Of RI"},"geometry":{"type":"Polygon","coordinates":[[[-71.384434,41.827113,0.0],[-71.38461,41.827144,0.0],[-71.384699,41.826883,0.0],[-71.384514,41.826883,0.0],[-71.384434,41.827113,0.0]]]}},{"type":"Feature","properties":{"ring":"x500","addr":"206 Pitman St","cls":"Charitable","assessed":384900,"billed":0,"accounts":1,"owner":"Salvation Army Of RI"},"geometry":{"type":"Polygon","coordinates":[[[-71.38461,41.827144,0.0],[-71.384785,41.827174,0.0],[-71.384883,41.826883,0.0],[-71.384699,41.826883,0.0],[-71.38461,41.827144,0.0]]]}},{"type":"Feature","properties":{"ring":"riverine","addr":"367 Charles St","cls":"CI Vacant Land","assessed":56300,"billed":1644,"accounts":1,"owner":"Rvs Associates"},"geometry":{"type":"Polygon","coordinates":[[[-71.417313,41.841742,0.0],[-71.417348,41.841847,0.0],[-71.417635,41.841795,0.0],[-71.417601,41.841689,0.0],[-71.417313,41.841742,0.0]]]}},{"type":"Feature","properties":{"ring":"riverine","addr":"369 Charles St","cls":"CI Vacant Land","assessed":57500,"billed":1679,"accounts":1,"owner":"Rvs Associates"},"geometry":{"type":"Polygon","coordinates":[[[-71.417348,41.841847,0.0],[-71.417384,41.841952,0.0],[-71.417669,41.8419,0.0],[-71.417635,41.841795,0.0],[-71.417348,41.841847,0.0]]]}},{"type":"Feature","properties":{"ring":"inside","addr":"334 South Water","cls":"Commercial II","assessed":1755500,"billed":51261,"accounts":1,"owner":"Mitrelis Family Limited Partnership"},"geometry":{"type":"Polygon","coordinates":[[[-71.403972,41.820785,0.0],[-71.404114,41.82094,0.0],[-71.404354,41.820809,0.0],[-71.404217,41.820661,0.0],[-71.403972,41.820785,0.0]]]}},{"type":"Feature","properties":{"ring":"inside","addr":"82 Gano St","cls":"Single Family","assessed":525800,"billed":4417,"accounts":1,"owner":"private owner"},"geometry":{"type":"Polygon","coordinates":[[[-71.389733,41.820803,0.0],[-71.389753,41.820942,0.0],[-71.390121,41.820911,0.0],[-71.3901,41.820772,0.0],[-71.389733,41.820803,0.0]]]}},{"type":"Feature","properties":{"ring":"inside","addr":"104 South Water","cls":"School","assessed":24635100,"billed":72647,"accounts":2,"owner":"BROWN UNIVERSITY"},"geometry":{"type":"Polygon","coordinates":[[[-71.406605,41.823815,0.0],[-71.406754,41.823964,0.0],[-71.406988,41.824311,0.0],[-71.407376,41.824176,0.0],[-71.40698,41.823611,0.0],[-71.406605,41.823815,0.0]]]}},{"type":"Feature","properties":{"ring":"inside","addr":"82 Fremont St","cls":"combo 5U","assessed":713100,"billed":13018,"accounts":1,"owner":"private owner"},"geometry":{"type":"Polygon","coordinates":[[[-71.390004,41.822577,0.0],[-71.390044,41.822846,0.0],[-71.390226,41.822831,0.0],[-71.390184,41.822562,0.0],[-71.390004,41.822577,0.0]]]}},{"type":"Feature","properties":{"ring":"inside","addr":"231 South Main","cls":"School","assessed":12115300,"billed":0,"accounts":1,"owner":"private owner"},"geometry":{"type":"Polygon","coordinates":[[[-71.405945,41.822464,0.0],[-71.405497,41.822693,0.0],[-71.405769,41.822977,0.0],[-71.40607,41.822819,0.0],[-71.406155,41.822906,0.0],[-71.406302,41.822825,0.0],[-71.405945,41.822464,0.0]]]}},{"type":"Feature","properties":{"ring":"inside","addr":"1 South Main","cls":"Municipal","assessed":1055600,"billed":0,"accounts":1,"owner":"Providence Public Bldg Authority"},"geometry":{"type":"Polygon","coordinates":[[[-71.407673,41.8253,0.0],[-71.407859,41.825552,0.0],[-71.408211,41.825409,0.0],[-71.408041,41.825149,0.0],[-71.407673,41.8253,0.0]]]}},{"type":"Feature","properties":{"ring":"inside","addr":"17 Canal Walk","cls":"School","assessed":13134800,"billed":0,"accounts":1,"owner":"private owner"},"geometry":{"type":"Polygon","coordinates":[[[-71.408329,41.826105,0.0],[-71.408401,41.826192,0.0],[-71.408463,41.826297,0.0],[-71.408963,41.826112,0.0],[-71.408809,41.825916,0.0],[-71.408329,41.826105,0.0]]]}},{"type":"Feature","properties":{"ring":"inside","addr":"22 North Main","cls":"School","assessed":5786100,"billed":0,"accounts":1,"owner":"private owner"},"geometry":{"type":"Polygon","coordinates":[[[-71.408463,41.826297,0.0],[-71.408541,41.826428,0.0],[-71.409062,41.826239,0.0],[-71.408963,41.826112,0.0],[-71.408463,41.826297,0.0]]]}},{"type":"Feature","properties":{"ring":"inside","addr":"30 North Main","cls":"School","assessed":12363000,"billed":0,"accounts":1,"owner":"private owner"},"geometry":{"type":"Polygon","coordinates":[[[-71.408541,41.826428,0.0],[-71.408616,41.826555,0.0],[-71.409168,41.826374,0.0],[-71.409062,41.826239,0.0],[-71.408541,41.826428,0.0]]]}},{"type":"Feature","properties":{"ring":"x500","addr":"201 Pitman St","cls":"Charitable","assessed":8748400,"billed":0,"accounts":1,"owner":"Salvation Army Of RI"},"geometry":{"type":"Polygon","coordinates":[[[-71.383368,41.82617,0.0],[-71.383367,41.826746,0.0],[-71.385861,41.826746,0.0],[-71.385862,41.82617,0.0],[-71.383368,41.82617,0.0]]]}},{"type":"Feature","properties":{"ring":"x500","addr":"PR 015-0321-0000"},"geometry":{"type":"Polygon","coordinates":[[[-71.383189,41.826194,0.0],[-71.382694,41.826437,0.0],[-71.383019,41.826746,0.0],[-71.383367,41.826746,0.0],[-71.383368,41.82613,0.0],[-71.38319,41.826126,0.0],[-71.383189,41.826194,0.0]]]}},{"type":"Feature","properties":{"ring":"x500","addr":"281 Pitman St","cls":"CI Vacant Land","assessed":1200500,"billed":35055,"accounts":1,"owner":"RS Acquisitions LLC"},"geometry":{"type":"Polygon","coordinates":[[[-71.382775,41.826335,0.0],[-71.381876,41.826746,0.0],[-71.383019,41.826746,0.0],[-71.382694,41.826437,0.0],[-71.382775,41.826335,0.0]]]}},{"type":"Feature","properties":{"ring":"riverine","addr":"375 Charles St","cls":"Commercial II","assessed":406400,"billed":11867,"accounts":1,"owner":"Rvs Associates"},"geometry":{"type":"Polygon","coordinates":[[[-71.417439,41.842165,0.0],[-71.417482,41.842291,0.0],[-71.417777,41.842238,0.0],[-71.417703,41.842005,0.0],[-71.417419,41.842057,0.0],[-71.417455,41.842162,0.0],[-71.417439,41.842165,0.0]]]}},{"type":"Feature","properties":{"ring":"x500","addr":"331 Waterman St","cls":"Commercial II","assessed":7806500,"billed":227950,"accounts":1,"owner":"RS Acquisitions LLC"},"geometry":{"type":"Polygon","coordinates":[[[-71.38165,41.827293,0.0],[-71.383044,41.827554,0.0],[-71.383158,41.827222,0.0],[-71.383097,41.827214,0.0],[-71.383094,41.826884,0.0],[-71.381809,41.826884,0.0],[-71.38165,41.827293,0.0]]]}},{"type":"Feature","properties":{"ring":"x500","addr":"321 Waterman St","cls":"Municipal","assessed":611700,"billed":0,"accounts":1,"owner":"Providence Public Bldg Authority"},"geometry":{"type":"Polygon","coordinates":[[[-71.3833,41.827603,0.0],[-71.383412,41.827624,0.0],[-71.383529,41.827249,0.0],[-71.383513,41.827045,0.0],[-71.3833,41.827603,0.0]]]}},{"type":"Feature","properties":{"ring":"x500","addr":"299 Waterman St","cls":"Municipal","assessed":3234300,"billed":0,"accounts":1,"owner":"Providence Public Bldg Authority"},"geometry":{"type":"Polygon","coordinates":[[[-71.383412,41.827624,0.0],[-71.384203,41.827774,0.0],[-71.384514,41.826883,0.0],[-71.383705,41.826883,0.0],[-71.383513,41.827045,0.0],[-71.383529,41.827249,0.0],[-71.383412,41.827624,0.0]]]}},{"type":"Feature","properties":{"ring":"riverine","addr":"365 Charles St","cls":"Commercial II","assessed":1040100,"billed":30371,"accounts":1,"owner":"Rvs Associates"},"geometry":{"type":"Polygon","coordinates":[[[-71.416684,41.842244,0.0],[-71.4166,41.842451,0.0],[-71.417482,41.842291,0.0],[-71.417439,41.842165,0.0],[-71.417455,41.842162,0.0],[-71.417313,41.841742,0.0],[-71.417601,41.841689,0.0],[-71.417571,41.841594,0.0],[-71.417239,41.841654,0.0],[-71.41724,41.841677,0.0],[-71.416881,41.841741,0.0],[-71.416844,41.841733,0.0],[-71.416684,41.842244,0.0]]]}},{"type":"Feature","properties":{"ring":"riverine","addr":"379 Charles St","cls":"Industrial","assessed":692500,"billed":20221,"accounts":1,"owner":"BWHQ LLC"},"geometry":{"type":"Polygon","coordinates":[[[-71.416671,41.842439,0.0],[-71.416734,41.842631,0.0],[-71.417838,41.84243,0.0],[-71.417777,41.842238,0.0],[-71.416671,41.842439,0.0]]]}},{"type":"Feature","properties":{"ring":"inside","addr":"100 North Main St","cls":"44-3-9 Stb","assessed":9409200,"billed":161617,"accounts":1,"owner":"100 N Main Owner LLC"},"geometry":{"type":"Polygon","coordinates":[[[-71.409532,41.828098,0.0],[-71.40988,41.828022,0.0],[-71.40978,41.827797,0.0],[-71.409415,41.8279,0.0],[-71.409532,41.828098,0.0]]]}},{"type":"Feature","properties":{"ring":"riverine","addr":"388 Charles St","cls":"CI Vacant Land","assessed":983100,"billed":28707,"accounts":1,"owner":"HOME DEPOT USA INC"},"geometry":{"type":"Polygon","coordinates":[[[-71.418847,41.843705,0.0],[-71.418962,41.844031,0.0],[-71.41928,41.84397,0.0],[-71.419088,41.843405,0.0],[-71.418887,41.843122,0.0],[-71.418284,41.843239,0.0],[-71.418456,41.843779,0.0],[-71.418847,41.843705,0.0]]]}},{"type":"Feature","properties":{"ring":"riverine","addr":"400 Charles St","cls":"Industrial","assessed":672200,"billed":19628,"accounts":1,"owner":"Lahinch Realty Inc"},"geometry":{"type":"Polygon","coordinates":[[[-71.418456,41.843779,0.0],[-71.41856,41.844106,0.0],[-71.418962,41.844031,0.0],[-71.418847,41.843705,0.0],[-71.418456,41.843779,0.0]]]}},{"type":"Feature","properties":{"ring":"riverine","addr":"381 Charles St","cls":"Commercial II","assessed":11795900,"billed":344440,"accounts":1,"owner":"Home Depot USA Inc."},"geometry":{"type":"Polygon","coordinates":[[[-71.415447,41.84439,0.0],[-71.415795,41.844492,0.0],[-71.417818,41.844463,0.0],[-71.418437,41.844312,0.0],[-71.417838,41.84243,0.0],[-71.416734,41.842631,0.0],[-71.416671,41.842439,0.0],[-71.4166,41.842451,0.0],[-71.4164,41.842839,0.0],[-71.415447,41.84439,0.0]]]}},{"type":"Feature","properties":{"ring":"riverine","addr":"212 West River","cls":"Amtrak NRR","assessed":146600,"billed":0,"accounts":1,"owner":"National Railroad Passenger Corp Amtrak"},"geometry":{"type":"Polygon","coordinates":[[[-71.41454,41.844935,0.0],[-71.414604,41.844948,0.0],[-71.41475,41.8447,0.0],[-71.414685,41.844715,0.0],[-71.414637,41.844749,0.0],[-71.41454,41.844935,0.0]]]}},{"type":"Feature","properties":{"ring":"riverine","addr":"9 Silver Spring St","cls":"Commercial II","assessed":15546000,"billed":453943,"accounts":1,"owner":"Wal Mart Real Estate Business Trust"},"geometry":{"type":"Polygon","coordinates":[[[-71.414695,41.845584,0.0],[-71.416502,41.846409,0.0],[-71.418271,41.845079,0.0],[-71.418087,41.84495,0.0],[-71.418079,41.844399,0.0],[-71.417818,41.844463,0.0],[-71.415795,41.844492,0.0],[-71.415447,41.84439,0.0],[-71.414695,41.845584,0.0]]]}},{"type":"Feature","properties":{"ring":"inside","addr":"169 Canal St","cls":"44-3-9 Stb","assessed":33730200,"billed":360886,"accounts":1,"owner":"100 N Main Owner LLC"},"geometry":{"type":"Polygon","coordinates":[[[-71.40978,41.827797,0.0],[-71.40988,41.828022,0.0],[-71.410287,41.827933,0.0],[-71.410133,41.827698,0.0],[-71.40978,41.827797,0.0]]]}},{"type":"Feature","properties":{"ring":"x500","addr":"356 Waterman St","cls":"Commercial II","assessed":2610400,"billed":76224,"accounts":1,"owner":"RS Acquisitions LLC"},"geometry":{"type":"Polygon","coordinates":[[[-71.381395,41.827946,0.0],[-71.381771,41.82802,0.0],[-71.381899,41.827878,0.0],[-71.382362,41.827626,0.0],[-71.382384,41.827572,0.0],[-71.381598,41.827425,0.0],[-71.381395,41.827946,0.0]]]}},{"type":"Feature","properties":{"ring":"riverine","addr":"329 Charles St","cls":"Amtrak NRR","assessed":77800,"billed":0,"accounts":1,"owner":"Penn Central Transportation Co"},"geometry":{"type":"Polygon","coordinates":[[[-71.416868,41.841622,0.0],[-71.416688,41.842166,0.0],[-71.41653,41.842501,0.0],[-71.416274,41.842961,0.0],[-71.416329,41.842954,0.0],[-71.41648,41.842698,0.0],[-71.416598,41.842456,0.0],[-71.416684,41.842244,0.0],[-71.416879,41.841624,0.0],[-71.416868,41.841622,0.0]]]}},{"type":"Feature","properties":{"ring":"riverine","addr":"58 Printery St","cls":"CI Vacant Land","assessed":62500,"billed":1825,"accounts":1,"owner":"Pettis Properties LLC"},"geometry":{"type":"Polygon","coordinates":[[[-71.410113,41.839874,0.0],[-71.410568,41.83988,0.0],[-71.410624,41.839557,0.0],[-71.410289,41.839521,0.0],[-71.410279,41.839558,0.0],[-71.41018,41.839718,0.0],[-71.410113,41.839874,0.0]]]}},{"type":"Feature","properties":{"ring":"inside","addr":"369 South Main","cls":"combo 5U","assessed":1185700,"billed":27774,"accounts":1,"owner":"LDRE Properties Providence LLC"},"geometry":{"type":"Polygon","coordinates":[[[-71.404057,41.821069,0.0],[-71.40415,41.82117,0.0],[-71.404291,41.821092,0.0],[-71.404199,41.820992,0.0],[-71.404057,41.821069,0.0]]]}},{"type":"Feature","properties":{"ring":"inside","addr":"112 Gano St","cls":"2 -5 Family","assessed":867000,"billed":12138,"accounts":1,"owner":"Shiv Gano LLC"},"geometry":{"type":"Polygon","coordinates":[[[-71.389963,41.822304,0.0],[-71.390326,41.822273,0.0],[-71.390285,41.822,0.0],[-71.389922,41.822031,0.0],[-71.389963,41.822304,0.0]]]}},{"type":"Feature","properties":{"ring":"riverine","addr":"19 Livingston","cls":"Commercial II","assessed":1408100,"billed":41117,"accounts":1,"owner":"SABAR REALTY, INC"},"geometry":{"type":"Polygon","coordinates":[[[-71.409008,41.841904,0.0],[-71.409508,41.841947,0.0],[-71.409903,41.841897,0.0],[-71.409866,41.841697,0.0],[-71.408971,41.841616,0.0],[-71.408934,41.841633,0.0],[-71.408924,41.841662,0.0],[-71.409008,41.841904,0.0]]]}},{"type":"Feature","properties":{"ring":"riverine","addr":"206 West River","cls":"CI Vacant Land","assessed":57400,"billed":1676,"accounts":1,"owner":"EGMP 146-148 West River LLC"},"geometry":{"type":"Polygon","coordinates":[[[-71.414552,41.84457,0.0],[-71.414869,41.844626,0.0],[-71.414911,41.844561,0.0],[-71.414573,41.844502,0.0],[-71.414552,41.84457,0.0]]]}},{"type":"Feature","properties":{"ring":"riverine","addr":"60 Crescent St","cls":"Single Family","assessed":372000,"billed":3125,"accounts":1,"owner":"private owner"},"geometry":{"type":"Polygon","coordinates":[[[-71.430313,41.792373,0.0],[-71.430368,41.792475,0.0],[-71.430677,41.792386,0.0],[-71.430615,41.792287,0.0],[-71.430313,41.792373,0.0]]]}},{"type":"Feature","properties":{"ring":"riverine","addr":"40R Lakeview Dr","cls":"Residential Vacant Land","assessed":63300,"billed":924,"accounts":1,"owner":"private owner"},"geometry":{"type":"Polygon","coordinates":[[[-71.435336,41.792408,0.0],[-71.435423,41.792502,0.0],[-71.435627,41.792407,0.0],[-71.435535,41.792312,0.0],[-71.435336,41.792408,0.0]]]}},{"type":"Feature","properties":{"ring":"riverine","addr":"38 Lakeview Dr","cls":"Residential Vacant Land","assessed":63400,"billed":926,"accounts":1,"owner":"private owner"},"geometry":{"type":"Polygon","coordinates":[[[-71.435423,41.792502,0.0],[-71.435484,41.792523,0.0],[-71.435561,41.792606,0.0],[-71.435734,41.792517,0.0],[-71.435627,41.792407,0.0],[-71.435423,41.792502,0.0]]]}},{"type":"Feature","properties":{"ring":"inside","addr":"1 Park Row St","cls":"Commercial Condo","assessed":4153200,"billed":121273,"accounts":5,"owner":"5 accounts"},"geometry":{"type":"Polygon","coordinates":[[[-71.409614,41.828315,0.0],[-71.409708,41.828568,0.0],[-71.410101,41.828498,0.0],[-71.410024,41.828242,0.0],[-71.409614,41.828315,0.0]]]}},{"type":"Feature","properties":{"ring":"riverine","addr":"44R Lakeview Dr","cls":"Residential Vacant Land","assessed":88200,"billed":1288,"accounts":1,"owner":"private owner"},"geometry":{"type":"Polygon","coordinates":[[[-71.435261,41.792395,0.0],[-71.435336,41.792408,0.0],[-71.435535,41.792312,0.0],[-71.435435,41.792209,0.0],[-71.435287,41.792279,0.0],[-71.435308,41.792367,0.0],[-71.435261,41.792395,0.0]]]}},{"type":"Feature","properties":{"ring":"x500","addr":"50 Ashburton St Bldg 18","cls":"Residential Condo","assessed":7100600,"billed":78767,"accounts":23,"owner":"23 accounts"},"geometry":{"type":"Polygon","coordinates":[[[-71.414946,41.837173,0.0],[-71.414855,41.837234,0.0],[-71.415918,41.838095,0.0],[-71.41532,41.837152,0.0],[-71.414946,41.837173,0.0]]]}},{"type":"Feature","properties":{"ring":"x500","addr":"67 Ashburton St","cls":"CI Vacant Land","assessed":162300,"billed":4739,"accounts":1,"owner":"Miguel Roca Management Co LLC"},"geometry":{"type":"Polygon","coordinates":[[[-71.41508,41.838016,0.0],[-71.415206,41.838115,0.0],[-71.415471,41.837936,0.0],[-71.415347,41.837835,0.0],[-71.41508,41.838016,0.0]]]}},{"type":"Feature","properties":{"ring":"x500","addr":"303 Allens Ave","cls":"Industrial","assessed":1803600,"billed":52665,"accounts":1,"owner":"Walco Electric Company"},"geometry":{"type":"Polygon","coordinates":[[[-71.402012,41.804062,0.0],[-71.402224,41.804542,0.0],[-71.403298,41.804331,0.0],[-71.403126,41.80384,0.0],[-71.402012,41.804062,0.0]]]}},{"type":"Feature","properties":{"ring":"riverine","addr":"108 Ashburton St","cls":"Amtrak NRR","assessed":74300,"billed":0,"accounts":1,"owner":"Penn Central Transportation Co"},"geometry":{"type":"Polygon","coordinates":[[[-71.416152,41.838579,0.0],[-71.416146,41.838765,0.0],[-71.416282,41.83867,0.0],[-71.416204,41.838548,0.0],[-71.416152,41.838579,0.0]]]}},{"type":"Feature","properties":{"ring":"coastal","addr":"0 Blackstone Blvd","cls":"Hospital","assessed":2034000,"billed":0,"accounts":1,"owner":"Butler Hospital"},"geometry":{"type":"Polygon","coordinates":[[[-71.37973,41.838934,0.0],[-71.3796,41.839039,0.0],[-71.379479,41.839168,0.0],[-71.379392,41.839293,0.0],[-71.379316,41.839447,0.0],[-71.379262,41.839599,0.0],[-71.37923,41.839755,0.0],[-71.379222,41.839913,0.0],[-71.379235,41.840053,0.0],[-71.379437,41.839948,0.0],[-71.379671,41.839855,0.0],[-71.37992,41.839788,0.0],[-71.380179,41.839745,0.0],[-71.380369,41.83965,0.0],[-71.380528,41.839544,0.0],[-71.380372,41.838624,0.0],[-71.38013,41.838659,0.0],[-71.380056,41.838693,0.0],[-71.380027,41.838727,0.0],[-71.380015,41.838766,0.0],[-71.380044,41.838876,0.0],[-71.380028,41.838907,0.0],[-71.379996,41.83893,0.0],[-71.379944,41.838942,0.0],[-71.379827,41.838923,0.0],[-71.37973,41.838934,0.0]]]}},{"type":"Feature","properties":{"ring":"x500","addr":"265 Allens Ave","cls":"Industrial","assessed":2250700,"billed":65720,"accounts":1,"owner":"Northland Environmental Inc"},"geometry":{"type":"Polygon","coordinates":[[[-71.402701,41.805621,0.0],[-71.403103,41.806531,0.0],[-71.404005,41.806349,0.0],[-71.403684,41.805433,0.0],[-71.402701,41.805621,0.0]]]}},{"type":"Feature","properties":{"ring":"riverine","addr":"345 Charles St","cls":"Commercial II","assessed":1542400,"billed":45038,"accounts":1,"owner":"R V S Associates Inc"},"geometry":{"type":"Polygon","coordinates":[[[-71.416844,41.841733,0.0],[-71.416881,41.841741,0.0],[-71.41724,41.841677,0.0],[-71.417239,41.841654,0.0],[-71.417571,41.841594,0.0],[-71.417208,41.840466,0.0],[-71.417041,41.84049,0.0],[-71.417042,41.84115,0.0],[-71.416844,41.841733,0.0]]]}},{"type":"Feature","properties":{"ring":"riverine","addr":"150 Park Ln","cls":"Industrial","assessed":1269600,"billed":37072,"accounts":1,"owner":"Park Lane Realty LLC"},"geometry":{"type":"Polygon","coordinates":[[[-71.435024,41.794754,0.0],[-71.436217,41.794821,0.0],[-71.436046,41.794171,0.0],[-71.435108,41.794122,0.0],[-71.435209,41.7945,0.0],[-71.435024,41.794754,0.0]]]}},{"type":"Feature","properties":{"ring":"riverine","addr":"60 Lakeview Dr","cls":"Single Family","assessed":421400,"billed":6152,"accounts":1,"owner":"private owner"},"geometry":{"type":"Polygon","coordinates":[[[-71.435168,41.791961,0.0],[-71.435242,41.79215,0.0],[-71.435686,41.791943,0.0],[-71.435548,41.791784,0.0],[-71.435168,41.791961,0.0]]]}},{"type":"Feature","properties":{"ring":"inside","addr":"15 Marengo St","cls":"Hospital","assessed":1237300,"billed":0,"accounts":1,"owner":"RI HOSPITAL"},"geometry":{"type":"Polygon","coordinates":[[[-71.407066,41.815535,0.0],[-71.407187,41.815705,0.0],[-71.407502,41.815579,0.0],[-71.40738,41.815409,0.0],[-71.407066,41.815535,0.0]]]}},{"type":"Feature","properties":{"ring":"coastal","addr":"242 Allens Ave","cls":"CI Vacant Land","assessed":1129300,"billed":32976,"accounts":1,"owner":"SMM New England Corporatiion"},"geometry":{"type":"Polygon","coordinates":[[[-71.402344,41.807275,0.0],[-71.402671,41.808013,0.0],[-71.40336,41.80784,0.0],[-71.40299,41.806975,0.0],[-71.40196,41.807224,0.0],[-71.402344,41.807275,0.0]]]}},{"type":"Feature","properties":{"ring":"coastal","addr":"252 Allens Ave","cls":"Industrial","assessed":4052100,"billed":118321,"accounts":1,"owner":"Northland Environmental Inc"},"geometry":{"type":"Polygon","coordinates":[[[-71.398215,41.807013,0.0],[-71.398473,41.807447,0.0],[-71.402827,41.806606,0.0],[-71.402399,41.805638,0.0],[-71.398215,41.807013,0.0]]]}},{"type":"Feature","properties":{"ring":"coastal","addr":"80 Public St","cls":"Commercial II","assessed":788500,"billed":23024,"accounts":1,"owner":"Petes Tire Barn of  RI LLC"},"geometry":{"type":"Polygon","coordinates":[[[-71.402474,41.80845,0.0],[-71.402778,41.808374,0.0],[-71.402689,41.808163,0.0],[-71.402661,41.80817,0.0],[-71.402596,41.808032,0.0],[-71.402318,41.808102,0.0],[-71.402474,41.80845,0.0]]]}},{"type":"Feature","properties":{"ring":"coastal","addr":"278 Allens Ave","cls":"Industrial","assessed":1773600,"billed":51789,"accounts":1,"owner":"Anm Realty Llc"},"geometry":{"type":"Polygon","coordinates":[[[-71.397781,41.806281,0.0],[-71.398215,41.807013,0.0],[-71.402399,41.805638,0.0],[-71.402211,41.805212,0.0],[-71.4012,41.80555,0.0],[-71.401061,41.805224,0.0],[-71.397781,41.806281,0.0]]]}},{"type":"Feature","properties":{"ring":"riverine","addr":"440 Adelaide Ave","cls":"State","assessed":384900,"billed":0,"accounts":1,"owner":"State of Rhode Island"},"geometry":{"type":"Polygon","coordinates":[[[-71.431706,41.793604,0.0],[-71.431773,41.793717,0.0],[-71.432007,41.793645,0.0],[-71.431727,41.793134,0.0],[-71.430864,41.792658,0.0],[-71.430232,41.791466,0.0],[-71.429427,41.791034,0.0],[-71.42937,41.790979,0.0],[-71.429266,41.791151,0.0],[-71.429905,41.791426,0.0],[-71.430019,41.791504,0.0],[-71.430292,41.791787,0.0],[-71.430777,41.792546,0.0],[-71.430703,41.792567,0.0],[-71.430767,41.792722,0.0],[-71.430841,41.792788,0.0],[-71.430912,41.792896,0.0],[-71.431096,41.793081,0.0],[-71.431488,41.793344,0.0],[-71.431581,41.793485,0.0],[-71.431706,41.793604,0.0]]]}},{"type":"Feature","properties":{"ring":"x500","addr":"235 Allens Ave","cls":"Commercial II","assessed":793800,"billed":23179,"accounts":1,"owner":"NARRAGANSETT IMPROVEMENT CO"},"geometry":{"type":"Polygon","coordinates":[[[-71.403535,41.807529,0.0],[-71.403644,41.807784,0.0],[-71.404546,41.807557,0.0],[-71.404447,41.807302,0.0],[-71.403535,41.807529,0.0]]]}},{"type":"Feature","properties":{"ring":"riverine","addr":"24R Lakeview Dr","cls":"Residential Vacant Land","assessed":88100,"billed":1286,"accounts":1,"owner":"private owner"},"geometry":{"type":"Polygon","coordinates":[[[-71.435849,41.792907,0.0],[-71.435933,41.793014,0.0],[-71.436117,41.792919,0.0],[-71.436038,41.79281,0.0],[-71.435849,41.792907,0.0]]]}},{"type":"Feature","properties":{"ring":"riverine","addr":"130R Lakeview Dr","cls":"Municipal","assessed":12500,"billed":0,"accounts":1,"owner":"City of Providence"},"geometry":{"type":"Polygon","coordinates":[[[-71.435652,41.792711,0.0],[-71.435919,41.79302,0.0],[-71.435933,41.793014,0.0],[-71.435757,41.792804,0.0],[-71.435484,41.792523,0.0],[-71.435423,41.792502,0.0],[-71.435336,41.792408,0.0],[-71.435261,41.792395,0.0],[-71.435308,41.792367,0.0],[-71.435287,41.792279,0.0],[-71.435242,41.79215,0.0],[-71.435133,41.79187,0.0],[-71.434913,41.791612,0.0],[-71.434804,41.791519,0.0],[-71.434687,41.79147,0.0],[-71.43412,41.791058,0.0],[-71.434092,41.790958,0.0],[-71.434191,41.790746,0.0],[-71.434216,41.790641,0.0],[-71.434206,41.790478,0.0],[-71.434246,41.790322,0.0],[-71.434294,41.790281,0.0],[-71.434587,41.790245,0.0],[-71.434741,41.790147,0.0],[-71.434762,41.790064,0.0],[-71.434723,41.789923,0.0],[-71.434716,41.789845,0.0],[-71.434596,41.789661,0.0],[-71.434467,41.789303,0.0],[-71.434373,41.789201,0.0],[-71.433898,41.788911,0.0],[-71.433884,41.78891,0.0],[-71.434122,41.78905,0.0],[-71.43435,41.789206,0.0],[-71.434426,41.789272,0.0],[-71.434543,41.789587,0.0],[-71.434604,41.789705,0.0],[-71.434704,41.789845,0.0],[-71.434707,41.789939,0.0],[-71.434751,41.790063,0.0],[-71.434736,41.790134,0.0],[-71.43461,41.790226,0.0],[-71.434312,41.790268,0.0],[-71.434255,41.79029,0.0],[-71.434228,41.790317,0.0],[-71.4342,41.790375,0.0],[-71.434188,41.790695,0.0],[-71.43407,41.790911,0.0],[-71.434073,41.790967,0.0],[-71.434102,41.791062,0.0],[-71.434239,41.791173,0.0],[-71.434197,41.791189,0.0],[-71.434206,41.791209,0.0],[-71.434256,41.791198,0.0],[-71.434278,41.791231,0.0],[-71.434536,41.791426,0.0],[-71.434747,41.79155,0.0],[-71.43488,41.791611,0.0],[-71.434906,41.791647,0.0],[-71.434968,41.791677,0.0],[-71.435127,41.791886,0.0],[-71.435225,41.792151,0.0],[-71.435272,41.792239,0.0],[-71.435296,41.79236,0.0],[-71.435247,41.792396,0.0],[-71.435365,41.792491,0.0],[-71.435464,41.792526,0.0],[-71.435608,41.792681,0.0],[-71.435652,41.792711,0.0]]]}},{"type":"Feature","properties":{"ring":"riverine","addr":"36 Crescent St","cls":"Single Family","assessed":416100,"billed":5769,"accounts":1,"owner":"private owner"},"geometry":{"type":"Polygon","coordinates":[[[-71.429815,41.791845,0.0],[-71.43009,41.791937,0.0],[-71.43022,41.79171,0.0],[-71.430019,41.791504,0.0],[-71.429815,41.791845,0.0]]]}},{"type":"Feature","properties":{"ring":"coastal","addr":"70 Public St","cls":"CI Vacant Land","assessed":531000,"billed":15505,"accounts":1,"owner":"SMM New England Corporatiion"},"geometry":{"type":"Polygon","coordinates":[[[-71.401598,41.808283,0.0],[-71.401779,41.808688,0.0],[-71.402503,41.808515,0.0],[-71.402318,41.808102,0.0],[-71.401598,41.808283,0.0]]]}},{"type":"Feature","properties":{"ring":"riverine","addr":"361R Reservoir Ave","cls":"Municipal","assessed":252100,"billed":0,"accounts":1,"owner":"City Of Providence"},"geometry":{"type":"Polygon","coordinates":[[[-71.432522,41.789704,0.0],[-71.432896,41.79007,0.0],[-71.43301,41.790122,0.0],[-71.433018,41.790149,0.0],[-71.433005,41.79017,0.0],[-71.433025,41.790196,0.0],[-71.433011,41.790258,0.0],[-71.433028,41.790342,0.0],[-71.433069,41.790358,0.0],[-71.433109,41.790348,0.0],[-71.433165,41.790364,0.0],[-71.433221,41.790359,0.0],[-71.433278,41.790379,0.0],[-71.433604,41.789247,0.0],[-71.432873,41.789198,0.0],[-71.432621,41.789396,0.0],[-71.432522,41.789704,0.0]]]}},{"type":"Feature","properties":{"ring":"riverine","addr":"60R Lakeview Dr","cls":"Municipal","assessed":12400,"billed":0,"accounts":1,"owner":"private owner"},"geometry":{"type":"Polygon","coordinates":[[[-71.434741,41.790147,0.0],[-71.43477,41.790157,0.0],[-71.434817,41.789903,0.0],[-71.434723,41.789923,0.0],[-71.434762,41.790064,0.0],[-71.434741,41.790147,0.0]]]}},{"type":"Feature","properties":{"ring":"riverine","addr":"164 Lakeview Dr","cls":"Municipal","assessed":134600,"billed":0,"accounts":1,"owner":"private owner"},"geometry":{"type":"Polygon","coordinates":[[[-71.43477,41.790157,0.0],[-71.43492,41.790208,0.0],[-71.435128,41.789836,0.0],[-71.434817,41.789903,0.0],[-71.43477,41.790157,0.0]]]}},{"type":"Feature","properties":{"ring":"riverine","addr":"66 Lakeview Dr REAR","cls":"Municipal","assessed":12400,"billed":0,"accounts":1,"owner":"private owner"},"geometry":{"type":"Polygon","coordinates":[[[-71.434587,41.790245,0.0],[-71.434648,41.790266,0.0],[-71.43477,41.790157,0.0],[-71.434741,41.790147,0.0],[-71.434587,41.790245,0.0]]]}},{"type":"Feature","properties":{"ring":"riverine","addr":"0 Lakeview Dr","cls":"Municipal","assessed":12500,"billed":0,"accounts":1,"owner":"private owner"},"geometry":{"type":"Polygon","coordinates":[[[-71.434294,41.790281,0.0],[-71.434418,41.790324,0.0],[-71.434648,41.790266,0.0],[-71.434587,41.790245,0.0],[-71.434294,41.790281,0.0]]]}},{"type":"Feature","properties":{"ring":"riverine","addr":"160 Lakeview Dr","cls":"Municipal","assessed":44300,"billed":0,"accounts":1,"owner":"private owner"},"geometry":{"type":"Polygon","coordinates":[[[-71.434648,41.790266,0.0],[-71.434849,41.790334,0.0],[-71.43492,41.790208,0.0],[-71.43477,41.790157,0.0],[-71.434648,41.790266,0.0]]]}},{"type":"Feature","properties":{"ring":"riverine","addr":"156 Lakeview Dr","cls":"Municipal","assessed":44900,"billed":0,"accounts":1,"owner":"private owner"},"geometry":{"type":"Polygon","coordinates":[[[-71.434418,41.790324,0.0],[-71.434786,41.790448,0.0],[-71.434849,41.790334,0.0],[-71.434648,41.790266,0.0],[-71.434418,41.790324,0.0]]]}},{"type":"Feature","properties":{"ring":"riverine","addr":"82R Lakeview Dr","cls":"Residential Vacant Land","assessed":30800,"billed":450,"accounts":1,"owner":"private owner"},"geometry":{"type":"Polygon","coordinates":[[[-71.434913,41.791612,0.0],[-71.435007,41.791721,0.0],[-71.4351,41.791671,0.0],[-71.434983,41.791567,0.0],[-71.434913,41.791612,0.0]]]}},{"type":"Feature","properties":{"ring":"riverine","addr":"80R Lakeview Dr","cls":"Residential Vacant Land","assessed":6200,"billed":91,"accounts":1,"owner":"private owner"},"geometry":{"type":"Polygon","coordinates":[[[-71.435007,41.791721,0.0],[-71.435084,41.791812,0.0],[-71.435173,41.791762,0.0],[-71.4351,41.791671,0.0],[-71.435007,41.791721,0.0]]]}},{"type":"Feature","properties":{"ring":"riverine","addr":"46 Crescent St","cls":"Single Family","assessed":369400,"billed":3103,"accounts":1,"owner":"private owner"},"geometry":{"type":"Polygon","coordinates":[[[-71.430121,41.791994,0.0],[-71.430209,41.792168,0.0],[-71.430486,41.792088,0.0],[-71.430325,41.791839,0.0],[-71.430121,41.791994,0.0]]]}},{"type":"Feature","properties":{"ring":"riverine","addr":"50R Lakeview Dr","cls":"Residential Vacant Land","assessed":62300,"billed":910,"accounts":1,"owner":"The Hartford Group"},"geometry":{"type":"Polygon","coordinates":[[[-71.435242,41.79215,0.0],[-71.435287,41.792279,0.0],[-71.435435,41.792209,0.0],[-71.435366,41.792092,0.0],[-71.435242,41.79215,0.0]]]}},{"type":"Feature","properties":{"ring":"riverine","addr":"64 Crescent St","cls":"Single Family","assessed":374000,"billed":5460,"accounts":1,"owner":"private owner"},"geometry":{"type":"Polygon","coordinates":[[[-71.430368,41.792475,0.0],[-71.430456,41.792638,0.0],[-71.430777,41.792546,0.0],[-71.430677,41.792386,0.0],[-71.430368,41.792475,0.0]]]}},{"type":"Feature","properties":{"ring":"riverine","addr":"40R Sibley St","cls":"Residential Vacant Land","assessed":94900,"billed":1386,"accounts":1,"owner":"private owner"},"geometry":{"type":"Polygon","coordinates":[[[-71.429534,41.791509,0.0],[-71.429668,41.791554,0.0],[-71.429778,41.791372,0.0],[-71.42965,41.791317,0.0],[-71.429534,41.791509,0.0]]]}},{"type":"Feature","properties":{"ring":"riverine","addr":"40 Sibley St","cls":"Residential Vacant Land","assessed":115800,"billed":1691,"accounts":1,"owner":"private owner"},"geometry":{"type":"Polygon","coordinates":[[[-71.429668,41.791554,0.0],[-71.429801,41.791599,0.0],[-71.429905,41.791426,0.0],[-71.429778,41.791372,0.0],[-71.429668,41.791554,0.0]]]}},{"type":"Feature","properties":{"ring":"x500","addr":"329 Allens Ave","cls":"CI Vacant Land","assessed":773300,"billed":22580,"accounts":1,"owner":"Walco Electric Company"},"geometry":{"type":"Polygon","coordinates":[[[-71.401744,41.803457,0.0],[-71.401966,41.803958,0.0],[-71.403106,41.803731,0.0],[-71.403,41.803404,0.0],[-71.402995,41.803326,0.0],[-71.401959,41.803401,0.0],[-71.401744,41.803457,0.0]]]}},{"type":"Feature","properties":{"ring":"x500","addr":"299 Allens Ave","cls":"Industrial","assessed":1163100,"billed":33963,"accounts":1,"owner":"Ray Travelers LLC"},"geometry":{"type":"Polygon","coordinates":[[[-71.402342,41.80481,0.0],[-71.402441,41.805032,0.0],[-71.40347,41.804823,0.0],[-71.403335,41.804438,0.0],[-71.402624,41.804577,0.0],[-71.402677,41.804751,0.0],[-71.402342,41.80481,0.0]]]}},{"type":"Feature","properties":{"ring":"x500","addr":"307 Allens Ave","cls":"Commercial II","assessed":326300,"billed":9528,"accounts":1,"owner":"Madp Realty LLC"},"geometry":{"type":"Polygon","coordinates":[[[-71.40227,41.804647,0.0],[-71.402342,41.80481,0.0],[-71.402645,41.804757,0.0],[-71.402588,41.804584,0.0],[-71.40227,41.804647,0.0]]]}},{"type":"Feature","properties":{"ring":"x500","addr":"120 Poe St","cls":"Commercial II","assessed":951300,"billed":27778,"accounts":1,"owner":"Dads Realty LLC"},"geometry":{"type":"Polygon","coordinates":[[[-71.402762,41.805081,0.0],[-71.402894,41.805471,0.0],[-71.403646,41.805327,0.0],[-71.403508,41.80493,0.0],[-71.402762,41.805081,0.0]]]}},{"type":"Feature","properties":{"ring":"x500","addr":"287 Allens Ave","cls":"CI Vacant Land","assessed":240200,"billed":7014,"accounts":1,"owner":"Dads Realty LLC"},"geometry":{"type":"Polygon","coordinates":[[[-71.402487,41.805136,0.0],[-71.402655,41.805516,0.0],[-71.402894,41.805471,0.0],[-71.402762,41.805081,0.0],[-71.402487,41.805136,0.0]]]}},{"type":"Feature","properties":{"ring":"coastal","addr":"284 Allens Ave","cls":"Commercial II","assessed":941500,"billed":27492,"accounts":1,"owner":"private owner"},"geometry":{"type":"Polygon","coordinates":[[[-71.401061,41.805224,0.0],[-71.4012,41.80555,0.0],[-71.402211,41.805212,0.0],[-71.402072,41.804898,0.0],[-71.401061,41.805224,0.0]]]}},{"type":"Feature","properties":{"ring":"coastal","addr":"242 Allens Ave REAR","cls":"State","assessed":684400,"billed":0,"accounts":1,"owner":"State of Rhode Island"},"geometry":{"type":"Polygon","coordinates":[[[-71.398473,41.807447,0.0],[-71.398614,41.807686,0.0],[-71.400674,41.807179,0.0],[-71.400592,41.807038,0.0],[-71.398473,41.807447,0.0]]]}},{"type":"Feature","properties":{"ring":"inside","addr":"83 Point St","cls":"Commercial II","assessed":1925800,"billed":56233,"accounts":1,"owner":"private owner"},"geometry":{"type":"Polygon","coordinates":[[[-71.40662,41.816916,0.0],[-71.406788,41.817151,0.0],[-71.407096,41.817028,0.0],[-71.407106,41.817042,0.0],[-71.407424,41.816915,0.0],[-71.407247,41.816665,0.0],[-71.40662,41.816916,0.0]]]}},{"type":"Feature","properties":{"ring":"coastal","addr":"43 Allens Ave","cls":"Municipal","assessed":62200,"billed":0,"accounts":1,"owner":"City of Providence"},"geometry":{"type":"Polygon","coordinates":[[[-71.405773,41.812647,0.0],[-71.405799,41.812742,0.0],[-71.405828,41.812734,0.0],[-71.405816,41.812646,0.0],[-71.405773,41.812647,0.0]]]}},{"type":"Feature","properties":{"ring":"inside","addr":"32 Page St","cls":"School","assessed":34888100,"billed":0,"accounts":1,"owner":"JOHNSON & WALES"},"geometry":{"type":"Polygon","coordinates":[[[-71.411703,41.821719,0.0],[-71.412015,41.821845,0.0],[-71.412221,41.821613,0.0],[-71.411318,41.821242,0.0],[-71.411035,41.821538,0.0],[-71.411615,41.821814,0.0],[-71.411703,41.821719,0.0]]]}},{"type":"Feature","properties":{"ring":"inside","addr":"334 Westminster St","cls":"Miscellaneous","assessed":7693200,"billed":83413,"accounts":1,"owner":"Downcity Revitilization Fund I LLC"},"geometry":{"type":"Polygon","coordinates":[[[-71.413728,41.821655,0.0],[-71.413982,41.821851,0.0],[-71.414262,41.821649,0.0],[-71.414023,41.821445,0.0],[-71.413728,41.821655,0.0]]]}},{"type":"Feature","properties":{"ring":"x500","addr":"249 Allens Ave","cls":"Commercial II","assessed":471200,"billed":13759,"accounts":1,"owner":"Pink Building Inc"},"geometry":{"type":"Polygon","coordinates":[[[-71.403391,41.807193,0.0],[-71.403438,41.807303,0.0],[-71.403714,41.807236,0.0],[-71.403667,41.807125,0.0],[-71.403391,41.807193,0.0]]]}},{"type":"Feature","properties":{"ring":"coastal","addr":"232 Allens Ave","cls":"CI Vacant Land","assessed":440000,"billed":12848,"accounts":1,"owner":"SMM New England Corporatiion"},"geometry":{"type":"Polygon","coordinates":[[[-71.40127,41.807189,0.0],[-71.400856,41.807491,0.0],[-71.40299,41.806975,0.0],[-71.402906,41.806784,0.0],[-71.40127,41.807189,0.0]]]}},{"type":"Feature","properties":{"ring":"coastal","addr":"242 Allens Ave","cls":"Industrial","assessed":4294300,"billed":125394,"accounts":1,"owner":"SMM New England Corporatiion"},"geometry":{"type":"Polygon","coordinates":[[[-71.398614,41.807686,0.0],[-71.398794,41.807988,0.0],[-71.400856,41.807491,0.0],[-71.40127,41.807189,0.0],[-71.402906,41.806784,0.0],[-71.402827,41.806606,0.0],[-71.400592,41.807038,0.0],[-71.400674,41.807179,0.0],[-71.398614,41.807686,0.0]]]}},{"type":"Feature","properties":{"ring":"x500","addr":"223 Allens Ave","cls":"Commercial II","assessed":753300,"billed":21996,"accounts":1,"owner":"NARRAGANSETT IMPROVEMENT CO"},"geometry":{"type":"Polygon","coordinates":[[[-71.403644,41.807784,0.0],[-71.403789,41.808122,0.0],[-71.404678,41.8079,0.0],[-71.404546,41.807557,0.0],[-71.403644,41.807784,0.0]]]}},{"type":"Feature","properties":{"ring":"inside","addr":"132 Pine St","cls":"CI Vacant Land","assessed":2103000,"billed":61408,"accounts":1,"owner":"Pine Theater Parking Inc"},"geometry":{"type":"Polygon","coordinates":[[[-71.410275,41.821246,0.0],[-71.410949,41.82144,0.0],[-71.411188,41.821188,0.0],[-71.410704,41.82099,0.0],[-71.410544,41.821158,0.0],[-71.410402,41.821113,0.0],[-71.410275,41.821246,0.0]]]}},{"type":"Feature","properties":{"ring":"inside","addr":"220 Weybosset St","cls":"Vote of City","assessed":12995500,"billed":0,"accounts":1,"owner":"Providence Performing Arts Center K/n/a"},"geometry":{"type":"Polygon","coordinates":[[[-71.411791,41.820698,0.0],[-71.411371,41.821138,0.0],[-71.412113,41.821443,0.0],[-71.412171,41.821359,0.0],[-71.412358,41.821435,0.0],[-71.412558,41.821228,0.0],[-71.412304,41.821091,0.0],[-71.412376,41.821017,0.0],[-71.411791,41.820698,0.0]]]}},{"type":"Feature","properties":{"ring":"inside","addr":"511 Eddy St","cls":"State","assessed":414300,"billed":0,"accounts":1,"owner":"State Of Rhode Island & Prov Plantations"},"geometry":{"type":"Polygon","coordinates":[[[-71.406893,41.8143,0.0],[-71.40688,41.814413,0.0],[-71.407183,41.814404,0.0],[-71.407189,41.814291,0.0],[-71.406893,41.8143,0.0]]]}},{"type":"Feature","properties":{"ring":"inside","addr":"153 Orange St","cls":"CI Vacant Land","assessed":546900,"billed":15969,"accounts":1,"owner":"10 Weybosset Street LLC"},"geometry":{"type":"Polygon","coordinates":[[[-71.408479,41.82204,0.0],[-71.408696,41.822168,0.0],[-71.408845,41.822012,0.0],[-71.408629,41.821883,0.0],[-71.408479,41.82204,0.0]]]}},{"type":"Feature","properties":{"ring":"inside","addr":"335 Westminster St","cls":"School","assessed":1485400,"billed":0,"accounts":1,"owner":"Paolino Properties LP"},"geometry":{"type":"Polygon","coordinates":[[[-71.41439,41.822113,0.0],[-71.414483,41.822183,0.0],[-71.414722,41.822008,0.0],[-71.414383,41.821753,0.0],[-71.414249,41.821849,0.0],[-71.414496,41.822035,0.0],[-71.41439,41.822113,0.0]]]}},{"type":"Feature","properties":{"ring":"inside","addr":"85 Clemence St","cls":"CI Vacant Land","assessed":401200,"billed":11715,"accounts":1,"owner":"85 Clemence Partners LLC"},"geometry":{"type":"Polygon","coordinates":[[[-71.41273,41.82209,0.0],[-71.412893,41.822195,0.0],[-71.413,41.822106,0.0],[-71.412852,41.821994,0.0],[-71.41273,41.82209,0.0]]]}},{"type":"Feature","properties":{"ring":"coastal","addr":"60 Public St","cls":"CI Vacant Land","assessed":2279100,"billed":66550,"accounts":1,"owner":"SMM New England Corporatiion"},"geometry":{"type":"Polygon","coordinates":[[[-71.399828,41.808287,0.0],[-71.399834,41.808302,0.0],[-71.399089,41.808485,0.0],[-71.399528,41.809226,0.0],[-71.401779,41.808688,0.0],[-71.401598,41.808283,0.0],[-71.402671,41.808013,0.0],[-71.402344,41.807275,0.0],[-71.40196,41.807224,0.0],[-71.400856,41.807491,0.0],[-71.401149,41.807991,0.0],[-71.400295,41.808198,0.0],[-71.400286,41.808177,0.0],[-71.399828,41.808287,0.0]]]}},{"type":"Feature","properties":{"ring":"inside","addr":"346 Westminster St","cls":"CI Vacant Land","assessed":1055200,"billed":30812,"accounts":1,"owner":"346 Westminster Street LLC"},"geometry":{"type":"Polygon","coordinates":[[[-71.41391,41.821224,0.0],[-71.414342,41.821592,0.0],[-71.414601,41.821405,0.0],[-71.414154,41.821046,0.0],[-71.41391,41.821224,0.0]]]}},{"type":"Feature","properties":{"ring":"inside","addr":"191 Weybosset St","cls":"CI Vacant Land","assessed":628200,"billed":18343,"accounts":1,"owner":"City Lofts LLC"},"geometry":{"type":"Polygon","coordinates":[[[-71.41226,41.822024,0.0],[-71.412585,41.822221,0.0],[-71.412685,41.822134,0.0],[-71.412368,41.821931,0.0],[-71.41226,41.822024,0.0]]]}},{"type":"Feature","properties":{"ring":"inside","addr":"158 Dorrance St","cls":"CI Vacant Land","assessed":564400,"billed":16480,"accounts":1,"owner":"10 Weybosset Street LLC"},"geometry":{"type":"Polygon","coordinates":[[[-71.408696,41.822168,0.0],[-71.408811,41.822236,0.0],[-71.4091,41.821934,0.0],[-71.408984,41.82186,0.0],[-71.408696,41.822168,0.0]]]}},{"type":"Feature","properties":{"ring":"inside","addr":"40 Snow St","cls":"CI Vacant Land","assessed":1392100,"billed":40649,"accounts":1,"owner":"40 Snow Street LLC"},"geometry":{"type":"Polygon","coordinates":[[[-71.414483,41.822183,0.0],[-71.414811,41.82243,0.0],[-71.41505,41.822255,0.0],[-71.414722,41.822008,0.0],[-71.414483,41.822183,0.0]]]}},{"type":"Feature","properties":{"ring":"inside","addr":"4 Allens Ave","cls":"Municipal","assessed":143900,"billed":0,"accounts":1,"owner":"City of Providence"},"geometry":{"type":"Polygon","coordinates":[[[-71.406333,41.814713,0.0],[-71.406368,41.81476,0.0],[-71.406438,41.814736,0.0],[-71.406391,41.814652,0.0],[-71.406329,41.814654,0.0],[-71.406333,41.814713,0.0]]]}},{"type":"Feature","properties":{"ring":"inside","addr":"102 Westminster St","cls":"CI Vacant Land","assessed":520900,"billed":15210,"accounts":1,"owner":"110 Westminster Partners LLC"},"geometry":{"type":"Polygon","coordinates":[[[-71.410206,41.824224,0.0],[-71.410449,41.82441,0.0],[-71.41055,41.824336,0.0],[-71.410308,41.824146,0.0],[-71.410293,41.824156,0.0],[-71.410183,41.824085,0.0],[-71.410144,41.824125,0.0],[-71.410206,41.824224,0.0]]]}},{"type":"Feature","properties":{"ring":"inside","addr":"27 Weybosset St","cls":"CI Vacant Land","assessed":532700,"billed":15555,"accounts":1,"owner":"110 Westminster Partners LLC"},"geometry":{"type":"Polygon","coordinates":[[[-71.409808,41.824414,0.0],[-71.410097,41.824417,0.0],[-71.410121,41.824253,0.0],[-71.409999,41.824263,0.0],[-71.409803,41.824255,0.0],[-71.409808,41.824414,0.0]]]}},{"type":"Feature","properties":{"ring":"inside","addr":"32 Fountain St","cls":"CI Vacant Land","assessed":462100,"billed":13493,"accounts":1,"owner":"One Eddy JV Owner LLC"},"geometry":{"type":"Polygon","coordinates":[[[-71.41448,41.824212,0.0],[-71.414758,41.824429,0.0],[-71.41485,41.824347,0.0],[-71.414584,41.824138,0.0],[-71.41448,41.824212,0.0]]]}},{"type":"Feature","properties":{"ring":"inside","addr":"27 Eddy St","cls":"Commercial II","assessed":12975100,"billed":378873,"accounts":2,"owner":"Orchard Garage LLC"},"geometry":{"type":"Polygon","coordinates":[[[-71.413554,41.824054,0.0],[-71.414053,41.824442,0.0],[-71.414533,41.824098,0.0],[-71.414034,41.823706,0.0],[-71.413554,41.824054,0.0]]]}},{"type":"Feature","properties":{"ring":"inside","addr":"350 Kinsley Ave","cls":"Industrial","assessed":3148600,"billed":91939,"accounts":1,"owner":"private owner"},"geometry":{"type":"Polygon","coordinates":[[[-71.4283,41.827594,0.0],[-71.428616,41.828364,0.0],[-71.429141,41.828257,0.0],[-71.430649,41.828037,0.0],[-71.430731,41.827878,0.0],[-71.430785,41.827723,0.0],[-71.430816,41.827564,0.0],[-71.430827,41.827364,0.0],[-71.430455,41.8265,0.0],[-71.430196,41.826561,0.0],[-71.43021,41.826595,0.0],[-71.430133,41.826612,0.0],[-71.430255,41.826871,0.0],[-71.430122,41.827169,0.0],[-71.429511,41.827311,0.0],[-71.429527,41.827351,0.0],[-71.42933,41.827395,0.0],[-71.4293,41.82733,0.0],[-71.4283,41.827594,0.0]]]}},{"type":"Feature","properties":{"ring":"inside","addr":"212 Weybosset St","cls":"Commercial II","assessed":694900,"billed":20291,"accounts":1,"owner":"Andolfo Appraisal Associates Inc"},"geometry":{"type":"Polygon","coordinates":[[[-71.412113,41.821443,0.0],[-71.412293,41.821517,0.0],[-71.412358,41.821435,0.0],[-71.412171,41.821359,0.0],[-71.412113,41.821443,0.0]]]}},{"type":"Feature","properties":{"ring":"inside","addr":"128 Globe St","cls":"State","assessed":648000,"billed":0,"accounts":1,"owner":"State of Rhode Island"},"geometry":{"type":"Polygon","coordinates":[[[-71.407625,41.814277,0.0],[-71.407626,41.814503,0.0],[-71.408007,41.81449,0.0],[-71.407984,41.814266,0.0],[-71.407625,41.814277,0.0]]]}},{"type":"Feature","properties":{"ring":"inside","addr":"126 Globe St","cls":"State","assessed":568500,"billed":0,"accounts":1,"owner":"State of Rhode Island"},"geometry":{"type":"Polygon","coordinates":[[[-71.407625,41.814277,0.0],[-71.407337,41.814286,0.0],[-71.407324,41.814512,0.0],[-71.407626,41.814503,0.0],[-71.407625,41.814277,0.0]]]}},{"type":"Feature","properties":{"ring":"inside","addr":"116 Globe St","cls":"State","assessed":413300,"billed":0,"accounts":1,"owner":"private owner"},"geometry":{"type":"Polygon","coordinates":[[[-71.407189,41.814291,0.0],[-71.407176,41.814517,0.0],[-71.407324,41.814512,0.0],[-71.407337,41.814286,0.0],[-71.407189,41.814291,0.0]]]}},{"type":"Feature","properties":{"ring":"inside","addr":"499 Eddy St","cls":"State","assessed":419600,"billed":0,"accounts":1,"owner":"State of Rhode Island"},"geometry":{"type":"Polygon","coordinates":[[[-71.40688,41.814413,0.0],[-71.406867,41.814527,0.0],[-71.407176,41.814517,0.0],[-71.407183,41.814404,0.0],[-71.40688,41.814413,0.0]]]}},{"type":"Feature","properties":{"ring":"inside","addr":"145 Globe St","cls":"Hospital","assessed":12791800,"billed":0,"accounts":1,"owner":"RI HOSPITAL"},"geometry":{"type":"Polygon","coordinates":[[[-71.407441,41.81526,0.0],[-71.407702,41.815627,0.0],[-71.408255,41.815406,0.0],[-71.408227,41.815367,0.0],[-71.409022,41.815118,0.0],[-71.408791,41.814794,0.0],[-71.408412,41.814806,0.0],[-71.408397,41.814588,0.0],[-71.406855,41.814637,0.0],[-71.406752,41.815537,0.0],[-71.407441,41.81526,0.0]]]}},{"type":"Feature","properties":{"ring":"inside","addr":"350 Eddy St","cls":"44-3-9 Stb","assessed":119026500,"billed":434064,"accounts":2,"owner":"2 accounts"},"geometry":{"type":"Polygon","coordinates":[[[-71.405535,41.818828,0.0],[-71.405554,41.818858,0.0],[-71.405573,41.81885,0.0],[-71.405554,41.81882,0.0],[-71.405621,41.818792,0.0],[-71.405601,41.818764,0.0],[-71.407224,41.818116,0.0],[-71.406981,41.817774,0.0],[-71.405244,41.818467,0.0],[-71.405375,41.818654,0.0],[-71.405325,41.818661,0.0],[-71.405341,41.818683,0.0],[-71.405351,41.818679,0.0],[-71.405452,41.818823,0.0],[-71.405442,41.818828,0.0],[-71.405456,41.818848,0.0],[-71.405473,41.818853,0.0],[-71.405535,41.818828,0.0]]]}},{"type":"Feature","properties":{"ring":"inside","addr":"355 Eddy St","cls":"School","assessed":364100,"billed":0,"accounts":1,"owner":"BROWN UNIVERSITY"},"geometry":{"type":"Polygon","coordinates":[[[-71.407611,41.818311,0.0],[-71.407658,41.818376,0.0],[-71.40783,41.818307,0.0],[-71.407762,41.818212,0.0],[-71.407625,41.818266,0.0],[-71.407611,41.818311,0.0]]]}},{"type":"Feature","properties":{"ring":"inside","addr":"225 Weybosset St","cls":"44-3-9 Stb","assessed":7467800,"billed":96998,"accounts":17,"owner":"17 accounts"},"geometry":{"type":"Polygon","coordinates":[[[-71.412827,41.821502,0.0],[-71.413093,41.821704,0.0],[-71.413294,41.821557,0.0],[-71.412873,41.82142,0.0],[-71.412827,41.821502,0.0]]]}},{"type":"Feature","properties":{"ring":"inside","addr":"100 Sabin St","cls":"44-3-9 Stb","assessed":19639400,"billed":454754,"accounts":1,"owner":"100 Sabin Hotel LLC"},"geometry":{"type":"Polygon","coordinates":[[[-71.41589,41.823679,0.0],[-71.416257,41.82391,0.0],[-71.416655,41.823553,0.0],[-71.416232,41.823293,0.0],[-71.41589,41.823679,0.0]]]}},{"type":"Feature","properties":{"ring":"inside","addr":"501 Valley St","cls":"CI Vacant Land","assessed":600700,"billed":17540,"accounts":1,"owner":"Foundry Alco Members LLC"},"geometry":{"type":"MultiPolygon","coordinates":[[[[-71.43147,41.829089,0.0],[-71.431556,41.829325,0.0],[-71.431961,41.829545,0.0],[-71.432435,41.829242,0.0],[-71.432391,41.829207,0.0],[-71.432388,41.828916,0.0],[-71.43238,41.828913,0.0],[-71.43147,41.829089,0.0]]],[[[-71.432427,41.829196,0.0],[-71.432466,41.829227,0.0],[-71.432484,41.829215,0.0],[-71.432426,41.829052,0.0],[-71.432427,41.829196,0.0]]]]}},{"type":"Feature","properties":{"ring":"inside","addr":"270 Westminster St","cls":"Miscellaneous","assessed":4059300,"billed":50676,"accounts":1,"owner":"RWB Associates LLC"},"geometry":{"type":"Polygon","coordinates":[[[-71.412765,41.822468,0.0],[-71.412943,41.822595,0.0],[-71.413159,41.822438,0.0],[-71.412947,41.822302,0.0],[-71.412765,41.822468,0.0]]]}},{"type":"Feature","properties":{"ring":"inside","addr":"391 Eddy St","cls":"Commercial II","assessed":601800,"billed":17573,"accounts":1,"owner":"Brown University"},"geometry":{"type":"Polygon","coordinates":[[[-71.406886,41.81729,0.0],[-71.406948,41.817377,0.0],[-71.407257,41.817254,0.0],[-71.407195,41.817167,0.0],[-71.406886,41.81729,0.0]]]}},{"type":"Feature","properties":{"ring":"inside","addr":"25 Kennedy Plz","cls":"Federal","assessed":18019300,"billed":0,"accounts":1,"owner":"United States of America"},"geometry":{"type":"Polygon","coordinates":[[[-71.409802,41.826048,0.0],[-71.41014,41.826289,0.0],[-71.410947,41.825712,0.0],[-71.410608,41.82547,0.0],[-71.409802,41.826048,0.0]]]}},{"type":"Feature","properties":{"ring":"coastal","addr":"120 Allens Ave","cls":"Commercial II","assessed":7693300,"billed":224644,"accounts":1,"owner":"SPRAGUE C H & SON COMPANY"},"geometry":{"type":"Polygon","coordinates":[[[-71.402286,41.812086,0.0],[-71.405208,41.812003,0.0],[-71.404037,41.809466,0.0],[-71.40039,41.81068,0.0],[-71.40115,41.811962,0.0],[-71.402566,41.811509,0.0],[-71.402286,41.812086,0.0]]]}},{"type":"Feature","properties":{"ring":"inside","addr":"19 Aborn St","cls":"CI Vacant Land","assessed":650200,"billed":18986,"accounts":1,"owner":"Joseph R Paolino Management Corp"},"geometry":{"type":"Polygon","coordinates":[[[-71.41493,41.821823,0.0],[-71.415121,41.82197,0.0],[-71.415319,41.821828,0.0],[-71.415127,41.821681,0.0],[-71.41493,41.821823,0.0]]]}},{"type":"Feature","properties":{"ring":"inside","addr":"203 Weybosset St","cls":"44-3-9 Stb","assessed":2412400,"billed":63215,"accounts":1,"owner":"Sampalis Realty LLC"},"geometry":{"type":"Polygon","coordinates":[[[-71.412422,41.821893,0.0],[-71.412579,41.821994,0.0],[-71.412737,41.821849,0.0],[-71.412578,41.82175,0.0],[-71.412422,41.821893,0.0]]]}},{"type":"Feature","properties":{"ring":"inside","addr":"349 Eddy St","cls":"Commercial II","assessed":694200,"billed":20271,"accounts":1,"owner":"BROWN UNIVERSITY"},"geometry":{"type":"Polygon","coordinates":[[[-71.407658,41.818376,0.0],[-71.407762,41.818523,0.0],[-71.408071,41.818401,0.0],[-71.407966,41.818253,0.0],[-71.407658,41.818376,0.0]]]}},{"type":"Feature","properties":{"ring":"inside","addr":"295 Promenade St","cls":"Commercial II","assessed":1153000,"billed":33668,"accounts":1,"owner":"Foundry Lot Five Associates LLC"},"geometry":{"type":"Polygon","coordinates":[[[-71.42136,41.829799,0.0],[-71.421757,41.829907,0.0],[-71.422508,41.829345,0.0],[-71.422547,41.829176,0.0],[-71.422153,41.829107,0.0],[-71.422012,41.829392,0.0],[-71.421603,41.829278,0.0],[-71.4214,41.829685,0.0],[-71.421418,41.82969,0.0],[-71.42136,41.829799,0.0]]]}},{"type":"Feature","properties":{"ring":"inside","addr":"1 Eddy St","cls":"CI Vacant Land","assessed":853200,"billed":24913,"accounts":1,"owner":"One Eddy JV Owner LLC"},"geometry":{"type":"Polygon","coordinates":[[[-71.414103,41.824482,0.0],[-71.41442,41.824728,0.0],[-71.414654,41.824521,0.0],[-71.414364,41.824295,0.0],[-71.414103,41.824482,0.0]]]}},{"type":"Feature","properties":{"ring":"inside","addr":"76 Westminster St","cls":"Commercial II","assessed":11295300,"billed":329823,"accounts":1,"owner":"76 Westminster Street LLC"},"geometry":{"type":"Polygon","coordinates":[[[-71.409853,41.82473,0.0],[-71.409924,41.824752,0.0],[-71.410006,41.824732,0.0],[-71.410317,41.824506,0.0],[-71.410114,41.824348,0.0],[-71.410097,41.824417,0.0],[-71.409808,41.824414,0.0],[-71.409814,41.824671,0.0],[-71.409853,41.82473,0.0]]]}},{"type":"Feature","properties":{"ring":"inside","addr":"1 Kennedy Plz","cls":"Municipal","assessed":2013700,"billed":0,"accounts":1,"owner":"City Of Providence"},"geometry":{"type":"Polygon","coordinates":[[[-71.412363,41.824581,0.0],[-71.412105,41.824396,0.0],[-71.411793,41.82462,0.0],[-71.41178,41.824744,0.0],[-71.411852,41.824802,0.0],[-71.412055,41.824804,0.0],[-71.412363,41.824581,0.0]]]}},{"type":"Feature","properties":{"ring":"inside","addr":"55 Kennedy Plz","cls":"44-3-9 Stb","assessed":13505900,"billed":498910,"accounts":1,"owner":"High Rock Westminster Street"},"geometry":{"type":"Polygon","coordinates":[[[-71.410679,41.824434,0.0],[-71.411186,41.824827,0.0],[-71.411613,41.824521,0.0],[-71.411105,41.824125,0.0],[-71.410679,41.824434,0.0]]]}},{"type":"Feature","properties":{"ring":"inside","addr":"75 Fountain St","cls":"44-3-9 Stb","assessed":14808400,"billed":420348,"accounts":1,"owner":"Fountainview Owner LLC"},"geometry":{"type":"Polygon","coordinates":[[[-71.415905,41.823779,0.0],[-71.415853,41.823798,0.0],[-71.41477,41.824758,0.0],[-71.414754,41.82479,0.0],[-71.414766,41.824823,0.0],[-71.414824,41.824848,0.0],[-71.415179,41.824842,0.0],[-71.415231,41.824828,0.0],[-71.416171,41.823985,0.0],[-71.41618,41.823952,0.0],[-71.41616,41.823921,0.0],[-71.415953,41.82379,0.0],[-71.415905,41.823779,0.0]]]}},{"type":"Feature","properties":{"ring":"inside","addr":"33 Helme St","cls":"CI Vacant Land","assessed":112000,"billed":3270,"accounts":1,"owner":"166 Valley Street LLC"},"geometry":{"type":"Polygon","coordinates":[[[-71.43885,41.82158,0.0],[-71.439062,41.82164,0.0],[-71.439241,41.821234,0.0],[-71.439107,41.821187,0.0],[-71.43885,41.82158,0.0]]]}},{"type":"Feature","properties":{"ring":"inside","addr":"30 Allens Ave","cls":"Utility","assessed":553687,"billed":16168,"accounts":1,"owner":"Dominion Energy Manchester Street Inc"},"geometry":{"type":"Polygon","coordinates":[[[-71.405672,41.813494,0.0],[-71.405542,41.813851,0.0],[-71.40602,41.813838,0.0],[-71.405887,41.813534,0.0],[-71.405672,41.813494,0.0]]]}},{"type":"Feature","properties":{"ring":"inside","addr":"24 Allens Ave","cls":"Commercial II","assessed":619700,"billed":18095,"accounts":1,"owner":"NCWPCS Tower Newco LLC"},"geometry":{"type":"Polygon","coordinates":[[[-71.405828,41.813843,0.0],[-71.40584,41.814012,0.0],[-71.406094,41.814005,0.0],[-71.40602,41.813838,0.0],[-71.405828,41.813843,0.0]]]}},{"type":"Feature","properties":{"ring":"inside","addr":"4 Crary St","cls":"Utility","assessed":1100200,"billed":32126,"accounts":1,"owner":"Algonquin Gas Transmission LLC"},"geometry":{"type":"Polygon","coordinates":[[[-71.405542,41.813851,0.0],[-71.405479,41.814022,0.0],[-71.405804,41.814013,0.0],[-71.405792,41.813844,0.0],[-71.405542,41.813851,0.0]]]}},{"type":"Feature","properties":{"ring":"inside","addr":"521 Eddy St","cls":"State","assessed":593000,"billed":0,"accounts":1,"owner":"private owner"},"geometry":{"type":"Polygon","coordinates":[[[-71.406924,41.814025,0.0],[-71.406905,41.814189,0.0],[-71.40733,41.81419,0.0],[-71.407317,41.814015,0.0],[-71.406924,41.814025,0.0]]]}},{"type":"Feature","properties":{"ring":"inside","addr":"515 Eddy St","cls":"State","assessed":465800,"billed":0,"accounts":1,"owner":"private owner"},"geometry":{"type":"Polygon","coordinates":[[[-71.406905,41.814189,0.0],[-71.406893,41.8143,0.0],[-71.407337,41.814286,0.0],[-71.40733,41.81419,0.0],[-71.406905,41.814189,0.0]]]}},{"type":"Feature","properties":{"ring":"inside","addr":"50 Kennedy Plz","cls":"Commercial II","assessed":45861200,"billed":1339147,"accounts":1,"owner":"100 Westminster Partners LLC"},"geometry":{"type":"Polygon","coordinates":[[[-71.410149,41.82482,0.0],[-71.410651,41.825211,0.0],[-71.411186,41.824827,0.0],[-71.410679,41.824434,0.0],[-71.410149,41.82482,0.0]]]}},{"type":"Feature","properties":{"ring":"inside","addr":"20 Westminster St","cls":"Commercial II","assessed":1372100,"billed":40065,"accounts":1,"owner":"TWA LLC"},"geometry":{"type":"Polygon","coordinates":[[[-71.4092,41.825093,0.0],[-71.409201,41.825216,0.0],[-71.409358,41.825217,0.0],[-71.409479,41.825093,0.0],[-71.4092,41.825093,0.0]]]}},{"type":"Feature","properties":{"ring":"inside","addr":"40 Westminster St","cls":"Commercial II","assessed":33129600,"billed":967384,"accounts":1,"owner":"Textron Realty Corporation"},"geometry":{"type":"Polygon","coordinates":[[[-71.409016,41.825216,0.0],[-71.409201,41.825216,0.0],[-71.4092,41.825093,0.0],[-71.409479,41.825093,0.0],[-71.409615,41.824952,0.0],[-71.409608,41.824766,0.0],[-71.40874,41.824695,0.0],[-71.409016,41.825216,0.0]]]}},{"type":"Feature","properties":{"ring":"inside","addr":"176 Mathewson St","cls":"CI Vacant Land","assessed":438800,"billed":12813,"accounts":1,"owner":"85 Clemence Partners LLC"},"geometry":{"type":"Polygon","coordinates":[[[-71.412852,41.821994,0.0],[-71.412959,41.822075,0.0],[-71.41317,41.821919,0.0],[-71.413056,41.821832,0.0],[-71.412852,41.821994,0.0]]]}},{"type":"Feature","properties":{"ring":"inside","addr":"47 Snow St","cls":"CI Vacant Land","assessed":508800,"billed":14857,"accounts":1,"owner":"Joseph R Paolino Management Corp"},"geometry":{"type":"Polygon","coordinates":[[[-71.414778,41.821933,0.0],[-71.414971,41.822079,0.0],[-71.415121,41.82197,0.0],[-71.41493,41.821823,0.0],[-71.414778,41.821933,0.0]]]}},{"type":"Feature","properties":{"ring":"inside","addr":"96 Pine St","cls":"CI Vacant Land","assessed":1733700,"billed":50624,"accounts":1,"owner":"96-108 Pine St LLC"},"geometry":{"type":"Polygon","coordinates":[[[-71.409944,41.821592,0.0],[-71.410274,41.822048,0.0],[-71.410338,41.822081,0.0],[-71.410839,41.821555,0.0],[-71.410164,41.821361,0.0],[-71.409944,41.821592,0.0]]]}},{"type":"Feature","properties":{"ring":"inside","addr":"333 Westminster St","cls":"Commercial Condo","assessed":1631800,"billed":47649,"accounts":6,"owner":"333-3 Westminster LLC"},"geometry":{"type":"Polygon","coordinates":[[[-71.414142,41.821926,0.0],[-71.41439,41.822113,0.0],[-71.414496,41.822035,0.0],[-71.414249,41.821849,0.0],[-71.414142,41.821926,0.0]]]}},{"type":"Feature","properties":{"ring":"inside","addr":"11 Dorrance St","cls":"44-3-9 Stb","assessed":28061100,"billed":124506,"accounts":1,"owner":"private owner"},"geometry":{"type":"Polygon","coordinates":[[[-71.412938,41.824462,0.0],[-71.41373,41.824611,0.0],[-71.413906,41.824487,0.0],[-71.413423,41.824111,0.0],[-71.412938,41.824462,0.0]]]}},{"type":"Feature","properties":{"ring":"inside","addr":"365 Eddy St","cls":"Commercial Condo","assessed":1743800,"billed":50919,"accounts":6,"owner":"6 accounts"},"geometry":{"type":"Polygon","coordinates":[[[-71.407175,41.817696,0.0],[-71.407418,41.818039,0.0],[-71.40772,41.817919,0.0],[-71.407488,41.817571,0.0],[-71.407175,41.817696,0.0]]]}},{"type":"Feature","properties":{"ring":"inside","addr":"137 Friendship St","cls":"CI Vacant Land","assessed":436900,"billed":12757,"accounts":1,"owner":"Friendship Partners LLC"},"geometry":{"type":"Polygon","coordinates":[[[-71.411561,41.8199,0.0],[-71.411803,41.820027,0.0],[-71.411901,41.819922,0.0],[-71.411656,41.819801,0.0],[-71.411561,41.8199,0.0]]]}},{"type":"Feature","properties":{"ring":"inside","addr":"101 Pine St","cls":"School","assessed":31098200,"billed":0,"accounts":1,"owner":"JOHNSON & WALES"},"geometry":{"type":"Polygon","coordinates":[[[-71.410798,41.822329,0.0],[-71.410857,41.82236,0.0],[-71.411419,41.821721,0.0],[-71.411035,41.821538,0.0],[-71.410428,41.822175,0.0],[-71.410763,41.822357,0.0],[-71.410798,41.822329,0.0]]]}},{"type":"Feature","properties":{"ring":"inside","addr":"148 Dorrance St","cls":"CI Vacant Land","assessed":527800,"billed":15412,"accounts":1,"owner":"10 Weybosset Street LLC"},"geometry":{"type":"Polygon","coordinates":[[[-71.408927,41.822305,0.0],[-71.409028,41.822364,0.0],[-71.409311,41.822067,0.0],[-71.409213,41.822005,0.0],[-71.408927,41.822305,0.0]]]}},{"type":"Feature","properties":{"ring":"inside","addr":"179 Weybosset St","cls":"CI Vacant Land","assessed":1054900,"billed":30803,"accounts":1,"owner":"City Lofts LLC"},"geometry":{"type":"Polygon","coordinates":[[[-71.412068,41.82219,0.0],[-71.412392,41.822389,0.0],[-71.412577,41.822216,0.0],[-71.41226,41.822024,0.0],[-71.412068,41.82219,0.0]]]}},{"type":"Feature","properties":{"ring":"inside","addr":"490 Valley St","cls":"Federal","assessed":1000600,"billed":0,"accounts":1,"owner":"U.S. Department of Veterans Affairs"},"geometry":{"type":"Polygon","coordinates":[[[-71.431931,41.830178,0.0],[-71.432167,41.830398,0.0],[-71.433666,41.829498,0.0],[-71.433327,41.829116,0.0],[-71.431869,41.829943,0.0],[-71.432033,41.830126,0.0],[-71.431931,41.830178,0.0]]]}},{"type":"Feature","properties":{"ring":"inside","addr":"397 Eddy St","cls":"Commercial II","assessed":525700,"billed":15350,"accounts":1,"owner":"Brown University"},"geometry":{"type":"Polygon","coordinates":[[[-71.406788,41.817151,0.0],[-71.406886,41.81729,0.0],[-71.407195,41.817167,0.0],[-71.407096,41.817028,0.0],[-71.406788,41.817151,0.0]]]}},{"type":"Feature","properties":{"ring":"inside","addr":"356 Richmond St","cls":"CI Vacant Land","assessed":251900,"billed":7355,"accounts":1,"owner":"private owner"},"geometry":{"type":"Polygon","coordinates":[[[-71.407385,41.817169,0.0],[-71.407475,41.817292,0.0],[-71.407644,41.817225,0.0],[-71.407556,41.8171,0.0],[-71.407385,41.817169,0.0]]]}},{"type":"Feature","properties":{"ring":"inside","addr":"121 Washington St","cls":"Miscellaneous","assessed":3768900,"billed":32472,"accounts":2,"owner":"121 Washington Street Limited"},"geometry":{"type":"Polygon","coordinates":[[[-71.414906,41.823078,0.0],[-71.415211,41.82331,0.0],[-71.415318,41.823232,0.0],[-71.415011,41.823003,0.0],[-71.414906,41.823078,0.0]]]}},{"type":"Feature","properties":{"ring":"inside","addr":"122 Fountain St","cls":"44-3-9 Stb","assessed":3908900,"billed":9601,"accounts":1,"owner":"122 Fountain Street, LLC"},"geometry":{"type":"Polygon","coordinates":[[[-71.415575,41.823102,0.0],[-71.415891,41.823343,0.0],[-71.416003,41.823217,0.0],[-71.415719,41.822997,0.0],[-71.415575,41.823102,0.0]]]}},{"type":"Feature","properties":{"ring":"inside","addr":"36 Pine St","cls":"Commercial II","assessed":4036500,"billed":117866,"accounts":1,"owner":"Freeway Parking LLC"},"geometry":{"type":"Polygon","coordinates":[[[-71.408525,41.823029,0.0],[-71.409128,41.82335,0.0],[-71.409358,41.823109,0.0],[-71.40879,41.822802,0.0],[-71.408693,41.822904,0.0],[-71.408525,41.823029,0.0]]]}},{"type":"Feature","properties":{"ring":"inside","addr":"11 Peck St","cls":"Commercial II","assessed":651600,"billed":19027,"accounts":1,"owner":"private owner"},"geometry":{"type":"Polygon","coordinates":[[[-71.409857,41.823281,0.0],[-71.409992,41.823358,0.0],[-71.410084,41.823271,0.0],[-71.409948,41.82319,0.0],[-71.409857,41.823281,0.0]]]}},{"type":"Feature","properties":{"ring":"inside","addr":"1 Financial Plaza","cls":"Commercial II","assessed":40256600,"billed":1175493,"accounts":1,"owner":"Providence Financial Plaza LLC"},"geometry":{"type":"Polygon","coordinates":[[[-71.409607,41.825214,0.0],[-71.410106,41.825602,0.0],[-71.410423,41.825374,0.0],[-71.409923,41.824984,0.0],[-71.409607,41.825214,0.0]]]}},{"type":"Feature","properties":{"ring":"inside","addr":"337 Eddy St","cls":"School","assessed":711300,"billed":0,"accounts":1,"owner":"BROWN UNIVERSITY"},"geometry":{"type":"Polygon","coordinates":[[[-71.407762,41.818523,0.0],[-71.407832,41.818622,0.0],[-71.408142,41.818501,0.0],[-71.408071,41.818401,0.0],[-71.407762,41.818523,0.0]]]}},{"type":"Feature","properties":{"ring":"inside","addr":"71-85 Richmond St","cls":"44-3-9 Stb","assessed":1567200,"billed":41500,"accounts":1,"owner":"Seventy One Richmond LLC"},"geometry":{"type":"Polygon","coordinates":[[[-71.411246,41.820231,0.0],[-71.411531,41.820387,0.0],[-71.411688,41.820219,0.0],[-71.411406,41.820064,0.0],[-71.411246,41.820231,0.0]]]}},{"type":"Feature","properties":{"ring":"inside","addr":"127 Friendship St","cls":"Commercial II","assessed":1509000,"billed":44063,"accounts":1,"owner":"Friendship Partners LLC"},"geometry":{"type":"Polygon","coordinates":[[[-71.411656,41.820253,0.0],[-71.411945,41.820407,0.0],[-71.41206,41.820286,0.0],[-71.411777,41.820131,0.0],[-71.411787,41.820121,0.0],[-71.411496,41.819968,0.0],[-71.411406,41.820064,0.0],[-71.411688,41.820219,0.0],[-71.411656,41.820253,0.0]]]}},{"type":"Feature","properties":{"ring":"inside","addr":"388 Valley St","cls":"CI Vacant Land","assessed":43900,"billed":1282,"accounts":1,"owner":"Ardente Realty Co Inc"},"geometry":{"type":"Polygon","coordinates":[[[-71.436688,41.827396,0.0],[-71.43689,41.827659,0.0],[-71.437049,41.827596,0.0],[-71.436843,41.827328,0.0],[-71.436688,41.827396,0.0]]]}},{"type":"Feature","properties":{"ring":"inside","addr":"136 Dorrance St","cls":"CI Vacant Land","assessed":548000,"billed":16002,"accounts":1,"owner":"Fruitpie LLC"},"geometry":{"type":"Polygon","coordinates":[[[-71.409229,41.822483,0.0],[-71.409345,41.822552,0.0],[-71.409619,41.822263,0.0],[-71.409509,41.822193,0.0],[-71.409229,41.822483,0.0]]]}},{"type":"Feature","properties":{"ring":"inside","addr":"133 Mathewson St","cls":"Commercial II","assessed":1024300,"billed":29910,"accounts":1,"owner":"Mathewson LLC"},"geometry":{"type":"Polygon","coordinates":[[[-71.414121,41.822483,0.0],[-71.414216,41.822555,0.0],[-71.414437,41.822393,0.0],[-71.414342,41.822321,0.0],[-71.414121,41.822483,0.0]]]}},{"type":"Feature","properties":{"ring":"inside","addr":"177 Union St","cls":"CI Vacant Land","assessed":1284900,"billed":37519,"accounts":1,"owner":"City Lofts LLC"},"geometry":{"type":"Polygon","coordinates":[[[-71.412392,41.822389,0.0],[-71.41267,41.82256,0.0],[-71.41278,41.822479,0.0],[-71.412765,41.822468,0.0],[-71.412947,41.822302,0.0],[-71.412685,41.822134,0.0],[-71.412585,41.822221,0.0],[-71.412577,41.822216,0.0],[-71.412392,41.822389,0.0]]]}},{"type":"Feature","properties":{"ring":"inside","addr":"25 Moulton St","cls":"CI Vacant Land","assessed":594400,"billed":17356,"accounts":1,"owner":"private owner"},"geometry":{"type":"Polygon","coordinates":[[[-71.414428,41.822477,0.0],[-71.414616,41.822619,0.0],[-71.414776,41.822501,0.0],[-71.414588,41.82236,0.0],[-71.414428,41.822477,0.0]]]}},{"type":"Feature","properties":{"ring":"inside","addr":"200 Weybosset St","cls":"School","assessed":2340800,"billed":0,"accounts":1,"owner":"JOHNSON & WALES"},"geometry":{"type":"Polygon","coordinates":[[[-71.410857,41.82236,0.0],[-71.411332,41.822616,0.0],[-71.412015,41.821845,0.0],[-71.411703,41.821719,0.0],[-71.411615,41.821814,0.0],[-71.411419,41.821721,0.0],[-71.410857,41.82236,0.0]]]}},{"type":"Feature","properties":{"ring":"inside","addr":"198 Union St","cls":"Combo 11+","assessed":2614000,"billed":75103,"accounts":1,"owner":"Technology & Design Buildings LLC"},"geometry":{"type":"Polygon","coordinates":[[[-71.412133,41.822517,0.0],[-71.412297,41.822618,0.0],[-71.412416,41.822511,0.0],[-71.412252,41.82241,0.0],[-71.412133,41.822517,0.0]]]}},{"type":"Feature","properties":{"ring":"inside","addr":"59 Peck St","cls":"CI Vacant Land","assessed":989100,"billed":28882,"accounts":1,"owner":"10 Weybosset Street LLC"},"geometry":{"type":"Polygon","coordinates":[[[-71.408328,41.822375,0.0],[-71.408776,41.822628,0.0],[-71.408942,41.822454,0.0],[-71.408394,41.822129,0.0],[-71.408313,41.822214,0.0],[-71.408328,41.822375,0.0]]]}},{"type":"Feature","properties":{"ring":"inside","addr":"79 Mathewson St","cls":"CI Vacant Land","assessed":684200,"billed":19979,"accounts":1,"owner":"Cosmopolitan Homeowners Assoc Inc"},"geometry":{"type":"Polygon","coordinates":[[[-71.415249,41.823339,0.0],[-71.415373,41.823433,0.0],[-71.415688,41.823204,0.0],[-71.415564,41.82311,0.0],[-71.415249,41.823339,0.0]]]}},{"type":"Feature","properties":{"ring":"inside","addr":"59 Westminster St","cls":"44-3-9 Stb","assessed":5830000,"billed":142668,"accounts":1,"owner":"private owner"},"geometry":{"type":"Polygon","coordinates":[[[-71.410028,41.824908,0.0],[-71.410529,41.825298,0.0],[-71.410651,41.825211,0.0],[-71.410149,41.82482,0.0],[-71.410028,41.824908,0.0]]]}},{"type":"Feature","properties":{"ring":"inside","addr":"30 Exchange Ter","cls":"Commercial II","assessed":3280900,"billed":95802,"accounts":1,"owner":"GP Chamber Realty LLC"},"geometry":{"type":"Polygon","coordinates":[[[-71.414262,41.825317,0.0],[-71.414402,41.825548,0.0],[-71.414888,41.82538,0.0],[-71.414755,41.825161,0.0],[-71.414262,41.825317,0.0]]]}},{"type":"Feature","properties":{"ring":"inside","addr":"384 Valley St","cls":"CI Vacant Land","assessed":165200,"billed":4824,"accounts":1,"owner":"Brady Sullivan Butcher Block Mill LLC"},"geometry":{"type":"Polygon","coordinates":[[[-71.436843,41.827328,0.0],[-71.437049,41.827596,0.0],[-71.437229,41.827525,0.0],[-71.437014,41.827253,0.0],[-71.436843,41.827328,0.0]]]}},{"type":"Feature","properties":{"ring":"inside","addr":"37 Acorn St","cls":"Industrial","assessed":2960800,"billed":86455,"accounts":1,"owner":"Acorn Realty Inc"},"geometry":{"type":"Polygon","coordinates":[[[-71.428122,41.827163,0.0],[-71.4283,41.827594,0.0],[-71.4293,41.82733,0.0],[-71.42933,41.827395,0.0],[-71.429527,41.827351,0.0],[-71.429511,41.827311,0.0],[-71.430122,41.827169,0.0],[-71.430255,41.826871,0.0],[-71.430133,41.826612,0.0],[-71.43021,41.826595,0.0],[-71.430196,41.826561,0.0],[-71.429492,41.826726,0.0],[-71.429541,41.826834,0.0],[-71.428122,41.827163,0.0]]]}},{"type":"Feature","properties":{"ring":"inside","addr":"7 Marengo St","cls":"Hospital","assessed":609800,"billed":0,"accounts":1,"owner":"RI HOSPITAL"},"geometry":{"type":"Polygon","coordinates":[[[-71.406858,41.815619,0.0],[-71.406979,41.815789,0.0],[-71.407187,41.815705,0.0],[-71.407066,41.815535,0.0],[-71.406858,41.815619,0.0]]]}},{"type":"Feature","properties":{"ring":"inside","addr":"425 Richmond St","cls":"Hospital","assessed":3683900,"billed":0,"accounts":1,"owner":"RI HOSPITAL"},"geometry":{"type":"Polygon","coordinates":[[[-71.407109,41.816237,0.0],[-71.407258,41.816177,0.0],[-71.407281,41.816148,0.0],[-71.407377,41.816111,0.0],[-71.407388,41.816125,0.0],[-71.408461,41.815696,0.0],[-71.408255,41.815406,0.0],[-71.407702,41.815627,0.0],[-71.40751,41.815357,0.0],[-71.40738,41.815409,0.0],[-71.407502,41.815579,0.0],[-71.406833,41.815848,0.0],[-71.407109,41.816237,0.0]]]}},{"type":"Feature","properties":{"ring":"inside","addr":"112 Point St","cls":"Industrial","assessed":1743800,"billed":50919,"accounts":1,"owner":"1145 Main Associates"},"geometry":{"type":"Polygon","coordinates":[[[-71.407281,41.816148,0.0],[-71.407258,41.816177,0.0],[-71.407422,41.816408,0.0],[-71.408009,41.816174,0.0],[-71.407844,41.815943,0.0],[-71.407388,41.816125,0.0],[-71.407377,41.816111,0.0],[-71.407281,41.816148,0.0]]]}},{"type":"Feature","properties":{"ring":"inside","addr":"104 Point St","cls":"Industrial","assessed":530400,"billed":15488,"accounts":1,"owner":"1145 Main Associates"},"geometry":{"type":"Polygon","coordinates":[[[-71.407273,41.816468,0.0],[-71.407422,41.816408,0.0],[-71.407258,41.816177,0.0],[-71.407109,41.816237,0.0],[-71.407273,41.816468,0.0]]]}},{"type":"Feature","properties":{"ring":"inside","addr":"1 Dorrance St","cls":"Commercial II","assessed":281400,"billed":8217,"accounts":1,"owner":"Avis Rent A Car Sys Inc"},"geometry":{"type":"Polygon","coordinates":[[[-71.414008,41.824566,0.0],[-71.413902,41.824641,0.0],[-71.414164,41.824687,0.0],[-71.414008,41.824566,0.0]]]}},{"type":"Feature","properties":{"ring":"inside","addr":"370 Richmond St","cls":"Commercial II","assessed":1187900,"billed":34687,"accounts":1,"owner":"private owner"},"geometry":{"type":"Polygon","coordinates":[[[-71.407106,41.817042,0.0],[-71.407238,41.817227,0.0],[-71.407556,41.8171,0.0],[-71.407424,41.816915,0.0],[-71.407106,41.817042,0.0]]]}},{"type":"Feature","properties":{"ring":"inside","addr":"48 South St","cls":"CI Vacant Land","assessed":474300,"billed":13850,"accounts":1,"owner":"Brown University"},"geometry":{"type":"Polygon","coordinates":[[[-71.407238,41.817227,0.0],[-71.407414,41.817476,0.0],[-71.407563,41.817417,0.0],[-71.407385,41.817169,0.0],[-71.407238,41.817227,0.0]]]}},{"type":"Feature","properties":{"ring":"inside","addr":"44 South St","cls":"CI Vacant Land","assessed":459900,"billed":13429,"accounts":1,"owner":"Brown University"},"geometry":{"type":"Polygon","coordinates":[[[-71.407109,41.817313,0.0],[-71.407268,41.817535,0.0],[-71.407414,41.817476,0.0],[-71.407257,41.817254,0.0],[-71.407109,41.817313,0.0]]]}},{"type":"Feature","properties":{"ring":"inside","addr":"460 Eddy St","cls":"Utility","assessed":7949000,"billed":232111,"accounts":1,"owner":"Narragansett Electric Company"},"geometry":{"type":"Polygon","coordinates":[[[-71.404455,41.817533,0.0],[-71.406235,41.816821,0.0],[-71.406311,41.816764,0.0],[-71.406331,41.816712,0.0],[-71.406545,41.81493,0.0],[-71.406438,41.814736,0.0],[-71.406294,41.815191,0.0],[-71.40544,41.815533,0.0],[-71.4054,41.815477,0.0],[-71.405264,41.815421,0.0],[-71.40499,41.815028,0.0],[-71.40477,41.815116,0.0],[-71.405094,41.815571,0.0],[-71.404949,41.81563,0.0],[-71.40524,41.816056,0.0],[-71.405,41.81616,0.0],[-71.405077,41.816268,0.0],[-71.405063,41.816274,0.0],[-71.405112,41.816343,0.0],[-71.40504,41.816463,0.0],[-71.404116,41.816826,0.0],[-71.404031,41.816818,0.0],[-71.404455,41.817533,0.0]]]}},{"type":"Feature","properties":{"ring":"inside","addr":"387 Eddy St","cls":"CI Vacant Land","assessed":469500,"billed":13709,"accounts":1,"owner":"Brown University"},"geometry":{"type":"Polygon","coordinates":[[[-71.406948,41.817377,0.0],[-71.407106,41.8176,0.0],[-71.407268,41.817535,0.0],[-71.407109,41.817313,0.0],[-71.406948,41.817377,0.0]]]}},{"type":"Feature","properties":{"ring":"inside","addr":"324 Richmond St","cls":"School","assessed":1179700,"billed":0,"accounts":1,"owner":"Brown University"},"geometry":{"type":"Polygon","coordinates":[[[-71.407488,41.817571,0.0],[-71.407574,41.817693,0.0],[-71.407887,41.817568,0.0],[-71.407801,41.817446,0.0],[-71.407488,41.817571,0.0]]]}},{"type":"Feature","properties":{"ring":"inside","addr":"43 Elm St","cls":"School","assessed":420100,"billed":0,"accounts":1,"owner":"BROWN UNIVERSITY"},"geometry":{"type":"Polygon","coordinates":[[[-71.407762,41.818212,0.0],[-71.40783,41.818307,0.0],[-71.407966,41.818253,0.0],[-71.407898,41.818158,0.0],[-71.407762,41.818212,0.0]]]}},{"type":"Feature","properties":{"ring":"inside","addr":"133 Friendship St","cls":"CI Vacant Land","assessed":395200,"billed":11540,"accounts":1,"owner":"Friendship Partners LLC"},"geometry":{"type":"Polygon","coordinates":[[[-71.411496,41.819968,0.0],[-71.41174,41.820096,0.0],[-71.411803,41.820027,0.0],[-71.411561,41.8199,0.0],[-71.411496,41.819968,0.0]]]}},{"type":"Feature","properties":{"ring":"inside","addr":"219 Richmond St","cls":"School","assessed":433500,"billed":0,"accounts":1,"owner":"Brown University"},"geometry":{"type":"Polygon","coordinates":[[[-71.409057,41.818982,0.0],[-71.40914,41.819099,0.0],[-71.409347,41.819063,0.0],[-71.409294,41.818885,0.0],[-71.409057,41.818982,0.0]]]}},{"type":"Feature","properties":{"ring":"inside","addr":"222 Richmond St","cls":"School","assessed":32839500,"billed":0,"accounts":1,"owner":"BROWN UNIVERSITY"},"geometry":{"type":"Polygon","coordinates":[[[-71.408627,41.819197,0.0],[-71.408992,41.819124,0.0],[-71.408217,41.818032,0.0],[-71.407898,41.818158,0.0],[-71.408142,41.818501,0.0],[-71.407832,41.818622,0.0],[-71.408221,41.81917,0.0],[-71.408532,41.819049,0.0],[-71.408627,41.819197,0.0]]]}},{"type":"Feature","properties":{"ring":"inside","addr":"26 Ship St","cls":"School","assessed":692300,"billed":0,"accounts":1,"owner":"Brown University"},"geometry":{"type":"Polygon","coordinates":[[[-71.408221,41.81917,0.0],[-71.408292,41.819269,0.0],[-71.408627,41.819198,0.0],[-71.408532,41.819049,0.0],[-71.408221,41.81917,0.0]]]}},{"type":"Feature","properties":{"ring":"inside","addr":"3 Ship St Unit 0302","cls":"Residential Condo","assessed":6082800,"billed":61507,"accounts":8,"owner":"8 accounts"},"geometry":{"type":"Polygon","coordinates":[[[-71.408724,41.819263,0.0],[-71.408775,41.819417,0.0],[-71.409129,41.819349,0.0],[-71.409211,41.819289,0.0],[-71.409045,41.8192,0.0],[-71.408724,41.819263,0.0]]]}},{"type":"Feature","properties":{"ring":"inside","addr":"1 Ship St","cls":"Commercial II","assessed":1625000,"billed":47450,"accounts":1,"owner":"Wexford One Ship LLC"},"geometry":{"type":"Polygon","coordinates":[[[-71.408685,41.819823,0.0],[-71.40903,41.819699,0.0],[-71.40891,41.819391,0.0],[-71.408775,41.819417,0.0],[-71.408724,41.819263,0.0],[-71.408343,41.819344,0.0],[-71.408685,41.819823,0.0]]]}},{"type":"Feature","properties":{"ring":"inside","addr":"160 Pine St","cls":"Commercial II","assessed":1837500,"billed":53655,"accounts":1,"owner":"P K Lamb Properties Inc"},"geometry":{"type":"Polygon","coordinates":[[[-71.411531,41.820387,0.0],[-71.411816,41.820542,0.0],[-71.411945,41.820407,0.0],[-71.411656,41.820253,0.0],[-71.411531,41.820387,0.0]]]}},{"type":"Feature","properties":{"ring":"inside","addr":"60 Clifford St","cls":"Commercial II","assessed":1175400,"billed":34322,"accounts":1,"owner":"Providence Innov  District Phase II Owner LLC"},"geometry":{"type":"Polygon","coordinates":[[[-71.409421,41.820865,0.0],[-71.40971,41.820563,0.0],[-71.409561,41.820481,0.0],[-71.409614,41.820426,0.0],[-71.409479,41.820354,0.0],[-71.409238,41.820602,0.0],[-71.409421,41.820865,0.0]]]}},{"type":"Feature","properties":{"ring":"inside","addr":"140 Pine St","cls":"Commercial II","assessed":9787600,"billed":285798,"accounts":1,"owner":"Provident Property LLC"},"geometry":{"type":"Polygon","coordinates":[[[-71.410657,41.820845,0.0],[-71.411274,41.821098,0.0],[-71.411702,41.820649,0.0],[-71.411137,41.820342,0.0],[-71.410657,41.820845,0.0]]]}},{"type":"Feature","properties":{"ring":"inside","addr":"91 Friendship St","cls":"School","assessed":1551800,"billed":0,"accounts":6,"owner":"JOHNSON & WALES"},"geometry":{"type":"Polygon","coordinates":[[[-71.410402,41.821113,0.0],[-71.410544,41.821158,0.0],[-71.410704,41.82099,0.0],[-71.410571,41.820935,0.0],[-71.410402,41.821113,0.0]]]}},{"type":"Feature","properties":{"ring":"inside","addr":"345 Westminster St","cls":"CI Vacant Land","assessed":1520800,"billed":44407,"accounts":1,"owner":"345 Westminster Street LLC"},"geometry":{"type":"Polygon","coordinates":[[[-71.414463,41.821695,0.0],[-71.414726,41.821894,0.0],[-71.415076,41.821642,0.0],[-71.414815,41.821441,0.0],[-71.414463,41.821695,0.0]]]}},{"type":"Feature","properties":{"ring":"inside","addr":"51 Snow St","cls":"CI Vacant Land","assessed":389400,"billed":11370,"accounts":1,"owner":"345 Westminster Street LLC"},"geometry":{"type":"Polygon","coordinates":[[[-71.414726,41.821894,0.0],[-71.414778,41.821933,0.0],[-71.415127,41.821681,0.0],[-71.415076,41.821642,0.0],[-71.414726,41.821894,0.0]]]}},{"type":"Feature","properties":{"ring":"inside","addr":"110 Union St","cls":"apt 11+","assessed":2895300,"billed":82516,"accounts":1,"owner":"Telephone Building LLC"},"geometry":{"type":"Polygon","coordinates":[[[-71.413335,41.823514,0.0],[-71.413547,41.82368,0.0],[-71.413781,41.823508,0.0],[-71.413574,41.823345,0.0],[-71.413335,41.823514,0.0]]]}},{"type":"Feature","properties":{"ring":"inside","addr":"1 Fulton St","cls":"Miscellaneous","assessed":5837300,"billed":71762,"accounts":1,"owner":"Smith/Keen LP"},"geometry":{"type":"Polygon","coordinates":[[[-71.412983,41.823611,0.0],[-71.413086,41.823691,0.0],[-71.413574,41.823345,0.0],[-71.413463,41.823258,0.0],[-71.412983,41.823611,0.0]]]}},{"type":"Feature","properties":{"ring":"inside","addr":"118 Mathewson St","cls":"CI Vacant Land","assessed":685900,"billed":20028,"accounts":1,"owner":"120 Mathewson Street LLC"},"geometry":{"type":"Polygon","coordinates":[[[-71.414047,41.823039,0.0],[-71.414178,41.82314,0.0],[-71.414482,41.822914,0.0],[-71.41435,41.822814,0.0],[-71.414047,41.823039,0.0]]]}},{"type":"Feature","properties":{"ring":"inside","addr":"450 Valley St","cls":"CI Vacant Land","assessed":29800,"billed":870,"accounts":1,"owner":"BBI REALTY INC."},"geometry":{"type":"Polygon","coordinates":[[[-71.434704,41.828683,0.0],[-71.434771,41.828775,0.0],[-71.435123,41.828618,0.0],[-71.435032,41.828496,0.0],[-71.434704,41.828683,0.0]]]}},{"type":"Feature","properties":{"ring":"inside","addr":"661 Atwells Ave Unit 2","cls":"Commercial Condo","assessed":868800,"billed":25369,"accounts":1,"owner":"New England Expedition-Providence Retail LLC"},"geometry":{"type":"Polygon","coordinates":[[[-71.438475,41.824935,0.0],[-71.438923,41.824959,0.0],[-71.438955,41.824639,0.0],[-71.438344,41.824612,0.0],[-71.438475,41.824935,0.0]]]}},{"type":"Feature","properties":{"ring":"inside","addr":"300 Westminster St","cls":"Church","assessed":8223200,"billed":0,"accounts":1,"owner":"Grace Church"},"geometry":{"type":"Polygon","coordinates":[[[-71.413831,41.821281,0.0],[-71.41317,41.821762,0.0],[-71.413626,41.822108,0.0],[-71.413982,41.821851,0.0],[-71.413728,41.821655,0.0],[-71.414023,41.821445,0.0],[-71.413831,41.821281,0.0]]]}},{"type":"Feature","properties":{"ring":"inside","addr":"162 Dorrance St","cls":"CI Vacant Land","assessed":544100,"billed":15888,"accounts":1,"owner":"10 Weybosset Street LLC"},"geometry":{"type":"Polygon","coordinates":[[[-71.408839,41.822008,0.0],[-71.408984,41.82186,0.0],[-71.408777,41.821728,0.0],[-71.408629,41.821883,0.0],[-71.408839,41.822008,0.0]]]}},{"type":"Feature","properties":{"ring":"inside","addr":"292 Westminster St","cls":"Commercial II","assessed":1319700,"billed":38535,"accounts":1,"owner":"private owner"},"geometry":{"type":"Polygon","coordinates":[[[-71.413168,41.822075,0.0],[-71.413411,41.822255,0.0],[-71.413514,41.82218,0.0],[-71.413274,41.821998,0.0],[-71.413168,41.822075,0.0]]]}},{"type":"Feature","properties":{"ring":"inside","addr":"305 Westminster St","cls":"Municipal","assessed":390300,"billed":0,"accounts":1,"owner":"Providence Public Bldg Authority"},"geometry":{"type":"Polygon","coordinates":[[[-71.413755,41.822206,0.0],[-71.413884,41.822304,0.0],[-71.414015,41.822209,0.0],[-71.413886,41.822111,0.0],[-71.413755,41.822206,0.0]]]}},{"type":"Feature","properties":{"ring":"inside","addr":"123 Dorrance St","cls":"Commercial Condo","assessed":4943900,"billed":144362,"accounts":20,"owner":"20 accounts"},"geometry":{"type":"Polygon","coordinates":[[[-71.409817,41.822137,0.0],[-71.410108,41.822322,0.0],[-71.410252,41.82217,0.0],[-71.410161,41.822124,0.0],[-71.410049,41.821968,0.0],[-71.409961,41.822003,0.0],[-71.409817,41.822137,0.0]]]}},{"type":"Feature","properties":{"ring":"inside","addr":"276-290 Westminster St","cls":"Miscellaneous","assessed":13206300,"billed":115767,"accounts":1,"owner":"Lapham 290 LLC"},"geometry":{"type":"Polygon","coordinates":[[[-71.412959,41.822075,0.0],[-71.413,41.822106,0.0],[-71.412893,41.822195,0.0],[-71.413193,41.822408,0.0],[-71.413411,41.822255,0.0],[-71.413168,41.822075,0.0],[-71.413274,41.821998,0.0],[-71.41317,41.821919,0.0],[-71.412959,41.822075,0.0]]]}},{"type":"Feature","properties":{"ring":"inside","addr":"87 Weybosset St","cls":"CI Vacant Land","assessed":760100,"billed":22195,"accounts":1,"owner":"87 Weybosset Street LLC"},"geometry":{"type":"Polygon","coordinates":[[[-71.410361,41.823614,0.0],[-71.410654,41.823829,0.0],[-71.410765,41.823748,0.0],[-71.410758,41.823743,0.0],[-71.410864,41.823666,0.0],[-71.410583,41.823453,0.0],[-71.410361,41.823614,0.0]]]}},{"type":"Feature","properties":{"ring":"inside","addr":"51 Union St Unit C003","cls":"Commercial Condo","assessed":844600,"billed":16030,"accounts":3,"owner":"Strand Realty II LLC"},"geometry":{"type":"Polygon","coordinates":[[[-71.414283,41.823782,0.0],[-71.414367,41.823848,0.0],[-71.414527,41.823733,0.0],[-71.414443,41.823668,0.0],[-71.414283,41.823782,0.0]]]}},{"type":"Feature","properties":{"ring":"inside","addr":"1 Harold St","cls":"Commercial II","assessed":264200,"billed":7715,"accounts":1,"owner":"private owner"},"geometry":{"type":"Polygon","coordinates":[[[-71.437362,41.827101,0.0],[-71.437515,41.827291,0.0],[-71.43764,41.827234,0.0],[-71.43753,41.827028,0.0],[-71.437362,41.827101,0.0]]]}},{"type":"Feature","properties":{"ring":"inside","addr":"93 Weybosset St","cls":"CI Vacant Land","assessed":732800,"billed":21398,"accounts":1,"owner":"private owner"},"geometry":{"type":"Polygon","coordinates":[[[-71.410643,41.82342,0.0],[-71.410907,41.823621,0.0],[-71.411069,41.823504,0.0],[-71.410819,41.823304,0.0],[-71.410643,41.82342,0.0]]]}},{"type":"Feature","properties":{"ring":"inside","addr":"100 Fountain St Unit 2A","cls":"Residential Condo","assessed":10456000,"billed":126122,"accounts":14,"owner":"14 accounts"},"geometry":{"type":"Polygon","coordinates":[[[-71.41549,41.823522,0.0],[-71.415635,41.823632,0.0],[-71.415883,41.823352,0.0],[-71.415804,41.823292,0.0],[-71.41549,41.823522,0.0]]]}},{"type":"Feature","properties":{"ring":"inside","addr":"1 Moshassuck Ct","cls":"CI Vacant Land","assessed":2718700,"billed":79386,"accounts":1,"owner":"Capital Properties Inc"},"geometry":{"type":"Polygon","coordinates":[[[-71.411593,41.82789,0.0],[-71.412094,41.82824,0.0],[-71.412602,41.827833,0.0],[-71.412616,41.827803,0.0],[-71.41229,41.827331,0.0],[-71.411593,41.82789,0.0]]]}},{"type":"Feature","properties":{"ring":"inside","addr":"259 Westminster St","cls":"State","assessed":44179400,"billed":0,"accounts":1,"owner":"State Of RI Department Of Adminstration"},"geometry":{"type":"Polygon","coordinates":[[[-71.412981,41.822759,0.0],[-71.413963,41.823531,0.0],[-71.414284,41.823301,0.0],[-71.41329,41.822534,0.0],[-71.412981,41.822759,0.0]]]}},{"type":"Feature","properties":{"ring":"inside","addr":"139 Fountain St","cls":"CI Vacant Land","assessed":453700,"billed":13248,"accounts":1,"owner":"100 Sabin Hotel LLC"},"geometry":{"type":"Polygon","coordinates":[[[-71.416268,41.823315,0.0],[-71.416655,41.823553,0.0],[-71.416725,41.823492,0.0],[-71.416329,41.823246,0.0],[-71.416268,41.823315,0.0]]]}},{"type":"Feature","properties":{"ring":"inside","addr":"24 Pine St","cls":"CI Vacant Land","assessed":624400,"billed":18232,"accounts":1,"owner":"RISD Holdings INC"},"geometry":{"type":"Polygon","coordinates":[[[-71.408667,41.823515,0.0],[-71.408897,41.823592,0.0],[-71.409064,41.823417,0.0],[-71.408863,41.823309,0.0],[-71.408667,41.823515,0.0]]]}},{"type":"Feature","properties":{"ring":"inside","addr":"139 Mathewson St","cls":"Commercial II","assessed":8057600,"billed":235282,"accounts":1,"owner":"139 MATHEWSON ST QOZB LLC"},"geometry":{"type":"Polygon","coordinates":[[[-71.413884,41.822304,0.0],[-71.414121,41.822483,0.0],[-71.414342,41.822321,0.0],[-71.414437,41.822393,0.0],[-71.414536,41.822321,0.0],[-71.414076,41.821974,0.0],[-71.413886,41.822111,0.0],[-71.414015,41.822209,0.0],[-71.413884,41.822304,0.0]]]}},{"type":"Feature","properties":{"ring":"inside","addr":"142 Dorrance St","cls":"CI Vacant Land","assessed":483000,"billed":14104,"accounts":1,"owner":"Fruitpie LLC"},"geometry":{"type":"Polygon","coordinates":[[[-71.409143,41.822432,0.0],[-71.409229,41.822483,0.0],[-71.409509,41.822193,0.0],[-71.409423,41.822139,0.0],[-71.409143,41.822432,0.0]]]}},{"type":"Feature","properties":{"ring":"inside","addr":"160 Dyer St","cls":"State","assessed":818200,"billed":0,"accounts":1,"owner":"private owner"},"geometry":{"type":"Polygon","coordinates":[[[-71.407297,41.822009,0.0],[-71.408142,41.822486,0.0],[-71.408129,41.82236,0.0],[-71.40724,41.821857,0.0],[-71.407252,41.82204,0.0],[-71.407297,41.822009,0.0]]]}},{"type":"Feature","properties":{"ring":"inside","addr":"173 Weybosset St","cls":"Combo 11+","assessed":2934200,"billed":83933,"accounts":1,"owner":"Technology & Design Buildings LLC"},"geometry":{"type":"Polygon","coordinates":[[[-71.411898,41.822345,0.0],[-71.412151,41.8225,0.0],[-71.412252,41.82241,0.0],[-71.411996,41.822253,0.0],[-71.411898,41.822345,0.0]]]}},{"type":"Feature","properties":{"ring":"inside","addr":"180 Westminster St","cls":"Commercial II","assessed":2652900,"billed":77465,"accounts":1,"owner":"Dorwest Associates LLC"},"geometry":{"type":"Polygon","coordinates":[[[-71.411431,41.82332,0.0],[-71.411681,41.823514,0.0],[-71.412003,41.823279,0.0],[-71.41173,41.823106,0.0],[-71.411431,41.82332,0.0]]]}},{"type":"Feature","properties":{"ring":"inside","addr":"73 Mathewson St","cls":"CI Vacant Land","assessed":647800,"billed":18916,"accounts":1,"owner":"Cosmopolitan Homeowners Assoc"},"geometry":{"type":"Polygon","coordinates":[[[-71.415373,41.823433,0.0],[-71.41549,41.823522,0.0],[-71.415804,41.823292,0.0],[-71.415688,41.823204,0.0],[-71.415373,41.823433,0.0]]]}},{"type":"Feature","properties":{"ring":"inside","addr":"252 Westminster St","cls":"CI Vacant Land","assessed":390400,"billed":11400,"accounts":1,"owner":"City Lofts LLC"},"geometry":{"type":"Polygon","coordinates":[[[-71.41267,41.82256,0.0],[-71.412844,41.822667,0.0],[-71.412943,41.822595,0.0],[-71.41278,41.822479,0.0],[-71.41267,41.82256,0.0]]]}},{"type":"Feature","properties":{"ring":"inside","addr":"128 Dorrance St","cls":"Commercial Condo","assessed":3643500,"billed":97803,"accounts":25,"owner":"25 accounts"},"geometry":{"type":"Polygon","coordinates":[[[-71.409345,41.822552,0.0],[-71.40954,41.822667,0.0],[-71.409811,41.822385,0.0],[-71.409619,41.822263,0.0],[-71.409345,41.822552,0.0]]]}},{"type":"Feature","properties":{"ring":"inside","addr":"204 Westminster St","cls":"combo 5U","assessed":1728100,"billed":38903,"accounts":1,"owner":"Trout Dreams LLC"},"geometry":{"type":"Polygon","coordinates":[[[-71.41173,41.823106,0.0],[-71.412003,41.823279,0.0],[-71.412085,41.82322,0.0],[-71.41181,41.823049,0.0],[-71.41173,41.823106,0.0]]]}},{"type":"Feature","properties":{"ring":"inside","addr":"67 Dorrance St","cls":"Commercial II","assessed":992500,"billed":21109,"accounts":2,"owner":"77 Dorrance St"},"geometry":{"type":"Polygon","coordinates":[[[-71.411201,41.823036,0.0],[-71.411141,41.823095,0.0],[-71.41138,41.823281,0.0],[-71.411513,41.823186,0.0],[-71.411454,41.823139,0.0],[-71.411348,41.823087,0.0],[-71.411327,41.823103,0.0],[-71.41128,41.823088,0.0],[-71.411201,41.823036,0.0]]]}},{"type":"Feature","properties":{"ring":"inside","addr":"51 Pine St","cls":"Commercial II","assessed":1576200,"billed":46025,"accounts":1,"owner":"409 Federal Street LLC"},"geometry":{"type":"Polygon","coordinates":[[[-71.409546,41.823101,0.0],[-71.409857,41.823281,0.0],[-71.409948,41.82319,0.0],[-71.409636,41.823006,0.0],[-71.409546,41.823101,0.0]]]}},{"type":"Feature","properties":{"ring":"inside","addr":"100 Weybosset St","cls":"Combo 11+","assessed":10369900,"billed":296776,"accounts":1,"owner":"Providence Capital LLC"},"geometry":{"type":"Polygon","coordinates":[[[-71.410226,41.823071,0.0],[-71.410596,41.823289,0.0],[-71.410742,41.823179,0.0],[-71.410391,41.822943,0.0],[-71.410345,41.822966,0.0],[-71.410226,41.823071,0.0]]]}},{"type":"Feature","properties":{"ring":"inside","addr":"406 Valley St","cls":"CI Vacant Land","assessed":37700,"billed":1101,"accounts":1,"owner":"Ardente Realty Co Inc"},"geometry":{"type":"Polygon","coordinates":[[[-71.436111,41.827864,0.0],[-71.436183,41.82796,0.0],[-71.436296,41.82791,0.0],[-71.436096,41.827654,0.0],[-71.435974,41.827707,0.0],[-71.436103,41.827867,0.0],[-71.436111,41.827864,0.0]]]}},{"type":"Feature","properties":{"ring":"inside","addr":"118 Orange St","cls":"CI Vacant Land","assessed":293900,"billed":8582,"accounts":1,"owner":"One Ship Street LLC"},"geometry":{"type":"Polygon","coordinates":[[[-71.408972,41.822611,0.0],[-71.409133,41.822706,0.0],[-71.409219,41.822617,0.0],[-71.409057,41.822522,0.0],[-71.408972,41.822611,0.0]]]}},{"type":"Feature","properties":{"ring":"inside","addr":"119 Mathewson St","cls":"combo 5U","assessed":733400,"billed":13946,"accounts":1,"owner":"private owner"},"geometry":{"type":"Polygon","coordinates":[[[-71.414267,41.822594,0.0],[-71.414455,41.822737,0.0],[-71.414616,41.822619,0.0],[-71.414428,41.822477,0.0],[-71.414267,41.822594,0.0]]]}},{"type":"Feature","properties":{"ring":"inside","addr":"122 Dorrance St","cls":"Commercial II","assessed":2384700,"billed":69633,"accounts":1,"owner":"72 Pine Street LLC"},"geometry":{"type":"Polygon","coordinates":[[[-71.40954,41.822667,0.0],[-71.409693,41.822757,0.0],[-71.409958,41.822479,0.0],[-71.409811,41.822385,0.0],[-71.40954,41.822667,0.0]]]}},{"type":"Feature","properties":{"ring":"inside","addr":"19 Friendship St","cls":"CI Vacant Land","assessed":294900,"billed":8611,"accounts":1,"owner":"One Ship Street LLC"},"geometry":{"type":"Polygon","coordinates":[[[-71.408887,41.822701,0.0],[-71.409047,41.822794,0.0],[-71.409133,41.822706,0.0],[-71.408972,41.822611,0.0],[-71.408887,41.822701,0.0]]]}},{"type":"Feature","properties":{"ring":"inside","addr":"291 Westminster St","cls":"School","assessed":8513500,"billed":0,"accounts":1,"owner":"JOHNSON & WALES"},"geometry":{"type":"Polygon","coordinates":[[[-71.413538,41.822354,0.0],[-71.413811,41.822561,0.0],[-71.413613,41.822704,0.0],[-71.413762,41.822819,0.0],[-71.414062,41.822596,0.0],[-71.413643,41.822277,0.0],[-71.413538,41.822354,0.0]]]}},{"type":"Feature","properties":{"ring":"inside","addr":"141 Weybosset St","cls":"Commercial II","assessed":735400,"billed":21474,"accounts":1,"owner":"private owner"},"geometry":{"type":"Polygon","coordinates":[[[-71.411428,41.822812,0.0],[-71.411619,41.822932,0.0],[-71.411702,41.822841,0.0],[-71.411505,41.822736,0.0],[-71.411428,41.822812,0.0]]]}},{"type":"Feature","properties":{"ring":"inside","addr":"134 Mathewson St","cls":"Church","assessed":4243500,"billed":0,"accounts":1,"owner":"Trustees Of Mathewson St Church"},"geometry":{"type":"Polygon","coordinates":[[[-71.413762,41.822819,0.0],[-71.413917,41.822939,0.0],[-71.414219,41.822714,0.0],[-71.414062,41.822596,0.0],[-71.413762,41.822819,0.0]]]}},{"type":"Feature","properties":{"ring":"inside","addr":"144 Dyer St","cls":"Utility","assessed":6016600,"billed":175685,"accounts":1,"owner":"Narragansett Electric Company"},"geometry":{"type":"Polygon","coordinates":[[[-71.407196,41.822078,0.0],[-71.407775,41.822953,0.0],[-71.408188,41.822954,0.0],[-71.408142,41.822486,0.0],[-71.407297,41.822009,0.0],[-71.407196,41.822078,0.0]]]}},{"type":"Feature","properties":{"ring":"inside","addr":"110 Dorrance St","cls":"CI Vacant Land","assessed":985600,"billed":28780,"accounts":1,"owner":"Ogorman-Burgess Assoc LLC"},"geometry":{"type":"Polygon","coordinates":[[[-71.409808,41.822826,0.0],[-71.410032,41.822957,0.0],[-71.410332,41.822713,0.0],[-71.410086,41.822534,0.0],[-71.409808,41.822826,0.0]]]}},{"type":"Feature","properties":{"ring":"inside","addr":"126 Washington St","cls":"combo 6-10","assessed":1235100,"billed":33417,"accounts":1,"owner":"Cho Realty Investments LLC"},"geometry":{"type":"Polygon","coordinates":[[[-71.414614,41.822857,0.0],[-71.414751,41.822961,0.0],[-71.414925,41.822836,0.0],[-71.414787,41.822731,0.0],[-71.414614,41.822857,0.0]]]}},{"type":"Feature","properties":{"ring":"inside","addr":"137 Dyer St","cls":"CI Vacant Land","assessed":435500,"billed":12717,"accounts":1,"owner":"10 Weybosset Street LLC"},"geometry":{"type":"Polygon","coordinates":[[[-71.40839,41.822721,0.0],[-71.40841,41.822959,0.0],[-71.408573,41.822838,0.0],[-71.40839,41.822721,0.0]]]}},{"type":"Feature","properties":{"ring":"inside","addr":"93 Eddy St","cls":"combo 5U","assessed":761900,"billed":19468,"accounts":1,"owner":"Heirs Re LLC"},"geometry":{"type":"Polygon","coordinates":[[[-71.412051,41.822926,0.0],[-71.412122,41.822964,0.0],[-71.412234,41.822863,0.0],[-71.412169,41.822819,0.0],[-71.412051,41.822926,0.0]]]}},{"type":"Feature","properties":{"ring":"inside","addr":"111 Dorrance St","cls":"Library","assessed":25752200,"billed":0,"accounts":1,"owner":"JOHNSON & WALES"},"geometry":{"type":"Polygon","coordinates":[[[-71.410215,41.822399,0.0],[-71.410996,41.822966,0.0],[-71.411332,41.822616,0.0],[-71.410798,41.822329,0.0],[-71.410763,41.822357,0.0],[-71.410428,41.822175,0.0],[-71.410215,41.822399,0.0]]]}},{"type":"Feature","properties":{"ring":"inside","addr":"104 Eddy St","cls":"School","assessed":673500,"billed":0,"accounts":2,"owner":"77 Dorrance St"},"geometry":{"type":"Polygon","coordinates":[[[-71.411619,41.822932,0.0],[-71.41175,41.823016,0.0],[-71.411869,41.82293,0.0],[-71.411702,41.822841,0.0],[-71.411619,41.822932,0.0]]]}},{"type":"Feature","properties":{"ring":"inside","addr":"50 Pine St","cls":"State","assessed":5084700,"billed":82178,"accounts":14,"owner":"14 accounts"},"geometry":{"type":"Polygon","coordinates":[[[-71.409163,41.822862,0.0],[-71.40944,41.823023,0.0],[-71.409607,41.822847,0.0],[-71.409335,41.822686,0.0],[-71.409163,41.822862,0.0]]]}},{"type":"Feature","properties":{"ring":"inside","addr":"120 Mathewson St","cls":"CI Vacant Land","assessed":677300,"billed":19777,"accounts":1,"owner":"120 Mathewson Street LLC"},"geometry":{"type":"Polygon","coordinates":[[[-71.413917,41.822939,0.0],[-71.414047,41.823039,0.0],[-71.41435,41.822814,0.0],[-71.414219,41.822714,0.0],[-71.413917,41.822939,0.0]]]}},{"type":"Feature","properties":{"ring":"inside","addr":"92 Dorrance St","cls":"Combo 11+","assessed":2202200,"billed":63102,"accounts":1,"owner":"Providence Capital LLC"},"geometry":{"type":"Polygon","coordinates":[[[-71.410391,41.822943,0.0],[-71.410529,41.823036,0.0],[-71.410645,41.822941,0.0],[-71.410508,41.822841,0.0],[-71.410391,41.822943,0.0]]]}},{"type":"Feature","properties":{"ring":"inside","addr":"220 Westminster St","cls":"Miscellaneous","assessed":4243800,"billed":52307,"accounts":1,"owner":"Harrisburg Associates Inc"},"geometry":{"type":"Polygon","coordinates":[[[-71.412122,41.822964,0.0],[-71.412303,41.823061,0.0],[-71.412522,41.822902,0.0],[-71.412262,41.822735,0.0],[-71.412169,41.822819,0.0],[-71.412234,41.822863,0.0],[-71.412122,41.822964,0.0]]]}},{"type":"Feature","properties":{"ring":"inside","addr":"98 Dorrance St","cls":"combo 6-10","assessed":2168500,"billed":60961,"accounts":1,"owner":"Providence Capital LLC"},"geometry":{"type":"Polygon","coordinates":[[[-71.410032,41.822957,0.0],[-71.410226,41.823071,0.0],[-71.410508,41.822841,0.0],[-71.410332,41.822713,0.0],[-71.410032,41.822957,0.0]]]}},{"type":"Feature","properties":{"ring":"inside","addr":"88 Dorrance St","cls":"combo 5U","assessed":774400,"billed":13313,"accounts":1,"owner":"Providence Capital LLC"},"geometry":{"type":"Polygon","coordinates":[[[-71.410529,41.823036,0.0],[-71.410605,41.823087,0.0],[-71.410719,41.822994,0.0],[-71.410645,41.822941,0.0],[-71.410529,41.823036,0.0]]]}},{"type":"Feature","properties":{"ring":"inside","addr":"34 Middle St","cls":"School","assessed":606100,"billed":0,"accounts":1,"owner":"77 Dorrance St"},"geometry":{"type":"Polygon","coordinates":[[[-71.411532,41.823038,0.0],[-71.411622,41.823108,0.0],[-71.41175,41.823016,0.0],[-71.411632,41.82294,0.0],[-71.411532,41.823038,0.0]]]}},{"type":"Feature","properties":{"ring":"inside","addr":"82 Orange St Unit 3B","cls":"Residential Condo","assessed":1670400,"billed":20567,"accounts":3,"owner":"KV Realty LLC"},"geometry":{"type":"Polygon","coordinates":[[[-71.409636,41.823006,0.0],[-71.40981,41.823109,0.0],[-71.409903,41.823021,0.0],[-71.409723,41.822915,0.0],[-71.409636,41.823006,0.0]]]}},{"type":"Feature","properties":{"ring":"inside","addr":"132 Washington St","cls":"School","assessed":9289700,"billed":0,"accounts":1,"owner":"RI Nurses Institute Middle College Charter High School"},"geometry":{"type":"Polygon","coordinates":[[[-71.414787,41.822731,0.0],[-71.414925,41.822836,0.0],[-71.415384,41.822507,0.0],[-71.41505,41.822255,0.0],[-71.414811,41.82243,0.0],[-71.414893,41.822492,0.0],[-71.414783,41.822573,0.0],[-71.414892,41.822655,0.0],[-71.414787,41.822731,0.0]]]}},{"type":"Feature","properties":{"ring":"inside","addr":"111 Mathewson St","cls":"Commercial II","assessed":1137000,"billed":33200,"accounts":1,"owner":"private owner"},"geometry":{"type":"Polygon","coordinates":[[[-71.414506,41.822776,0.0],[-71.414614,41.822857,0.0],[-71.414892,41.822655,0.0],[-71.414783,41.822573,0.0],[-71.414506,41.822776,0.0]]]}},{"type":"Feature","properties":{"ring":"inside","addr":"49 Peck St","cls":"Commercial II","assessed":563000,"billed":16440,"accounts":1,"owner":"Liquid Courage LLC"},"geometry":{"type":"Polygon","coordinates":[[[-71.409047,41.822794,0.0],[-71.409163,41.822862,0.0],[-71.409249,41.822774,0.0],[-71.409133,41.822706,0.0],[-71.409047,41.822794,0.0]]]}},{"type":"Feature","properties":{"ring":"inside","addr":"236 Westminster St","cls":"Miscellaneous","assessed":9105100,"billed":96040,"accounts":1,"owner":"private owner"},"geometry":{"type":"Polygon","coordinates":[[[-71.412262,41.822735,0.0],[-71.412522,41.822902,0.0],[-71.412765,41.822725,0.0],[-71.412473,41.822546,0.0],[-71.412262,41.822735,0.0]]]}},{"type":"Feature","properties":{"ring":"inside","addr":"466 Valley St","cls":"Commercial II","assessed":422100,"billed":12325,"accounts":1,"owner":"private owner"},"geometry":{"type":"Polygon","coordinates":[[[-71.434062,41.828699,0.0],[-71.434248,41.828944,0.0],[-71.434432,41.828839,0.0],[-71.434207,41.828617,0.0],[-71.434062,41.828699,0.0]]]}},{"type":"Feature","properties":{"ring":"inside","addr":"450 Valley St","cls":"CI Vacant Land","assessed":24300,"billed":710,"accounts":1,"owner":"BBI REALTY INC."},"geometry":{"type":"Polygon","coordinates":[[[-71.434835,41.828862,0.0],[-71.434903,41.828954,0.0],[-71.435255,41.828796,0.0],[-71.435188,41.828705,0.0],[-71.434835,41.828862,0.0]]]}},{"type":"Feature","properties":{"ring":"inside","addr":"108 Weybosset St","cls":"combo 6-10","assessed":1057500,"billed":28713,"accounts":1,"owner":"Providence Capital LLC"},"geometry":{"type":"Polygon","coordinates":[[[-71.410605,41.823087,0.0],[-71.410742,41.823179,0.0],[-71.410856,41.823094,0.0],[-71.410719,41.822994,0.0],[-71.410605,41.823087,0.0]]]}},{"type":"Feature","properties":{"ring":"inside","addr":"123 Weybosset St","cls":"Commercial II","assessed":1736100,"billed":32330,"accounts":2,"owner":"77 Dorrance St"},"geometry":{"type":"Polygon","coordinates":[[[-71.411454,41.823139,0.0],[-71.411513,41.823186,0.0],[-71.411622,41.823108,0.0],[-71.411532,41.823038,0.0],[-71.411632,41.82294,0.0],[-71.411428,41.822812,0.0],[-71.411201,41.823036,0.0],[-71.41128,41.823088,0.0],[-71.411327,41.823103,0.0],[-71.411348,41.823087,0.0],[-71.411454,41.823139,0.0]]]}},{"type":"Feature","properties":{"ring":"inside","addr":"72 Orange St Unit 3A","cls":"Residential Condo","assessed":1177300,"billed":14851,"accounts":3,"owner":"3 accounts"},"geometry":{"type":"Polygon","coordinates":[[[-71.409948,41.82319,0.0],[-71.410047,41.823106,0.0],[-71.409903,41.823021,0.0],[-71.40981,41.823109,0.0],[-71.409948,41.82319,0.0]]]}},{"type":"Feature","properties":{"ring":"inside","addr":"132 Fountain St","cls":"CI Vacant Land","assessed":473200,"billed":13817,"accounts":1,"owner":"Fruitwalk LLC"},"geometry":{"type":"Polygon","coordinates":[[[-71.4157,41.822984,0.0],[-71.416003,41.823217,0.0],[-71.416107,41.823092,0.0],[-71.415832,41.822886,0.0],[-71.4157,41.822984,0.0]]]}},{"type":"Feature","properties":{"ring":"inside","addr":"210 Westminster St","cls":"Miscellaneous","assessed":2502700,"billed":30734,"accounts":1,"owner":"Lerner Associates LLC"},"geometry":{"type":"Polygon","coordinates":[[[-71.41181,41.823049,0.0],[-71.412085,41.82322,0.0],[-71.412223,41.823119,0.0],[-71.41193,41.822963,0.0],[-71.41181,41.823049,0.0]]]}},{"type":"Feature","properties":{"ring":"inside","addr":"125 Washington St","cls":"Miscellaneous","assessed":5072300,"billed":107699,"accounts":2,"owner":"Mercantile Block Association LLC"},"geometry":{"type":"Polygon","coordinates":[[[-71.415011,41.823003,0.0],[-71.415318,41.823232,0.0],[-71.415564,41.823053,0.0],[-71.415257,41.822826,0.0],[-71.415011,41.823003,0.0]]]}},{"type":"Feature","properties":{"ring":"inside","addr":"106 Mathewson St","cls":"CI Vacant Land","assessed":679800,"billed":19850,"accounts":1,"owner":"120 Mathewson Street LLC"},"geometry":{"type":"Polygon","coordinates":[[[-71.414178,41.82314,0.0],[-71.414305,41.823238,0.0],[-71.414616,41.823015,0.0],[-71.414482,41.822914,0.0],[-71.414178,41.82314,0.0]]]}},{"type":"Feature","properties":{"ring":"inside","addr":"62 Orange St","cls":"combo 5U","assessed":948700,"billed":22799,"accounts":1,"owner":"Trinitas Inc"},"geometry":{"type":"Polygon","coordinates":[[[-71.409953,41.823193,0.0],[-71.410084,41.823271,0.0],[-71.410177,41.823182,0.0],[-71.410047,41.823106,0.0],[-71.409953,41.823193,0.0]]]}},{"type":"Feature","properties":{"ring":"inside","addr":"87 Washington St Bldg R202","cls":"Residential Condo","assessed":1838800,"billed":26847,"accounts":6,"owner":"6 accounts"},"geometry":{"type":"Polygon","coordinates":[[[-71.414274,41.823536,0.0],[-71.414527,41.823733,0.0],[-71.414683,41.823621,0.0],[-71.41443,41.823424,0.0],[-71.414274,41.823536,0.0]]]}},{"type":"Feature","properties":{"ring":"inside","addr":"73 Weybosset St","cls":"Commercial II","assessed":357600,"billed":10442,"accounts":1,"owner":"private owner"},"geometry":{"type":"Polygon","coordinates":[[[-71.410296,41.823661,0.0],[-71.410406,41.823744,0.0],[-71.410471,41.823695,0.0],[-71.410361,41.823614,0.0],[-71.410296,41.823661,0.0]]]}},{"type":"Feature","properties":{"ring":"inside","addr":"56 Washington St","cls":"State","assessed":1911900,"billed":0,"accounts":1,"owner":"RI Housing & Mortgage Finance Corp"},"geometry":{"type":"Polygon","coordinates":[[[-71.413547,41.82368,0.0],[-71.413646,41.823758,0.0],[-71.413883,41.823587,0.0],[-71.413781,41.823508,0.0],[-71.413547,41.82368,0.0]]]}},{"type":"Feature","properties":{"ring":"inside","addr":"51 Eddy St","cls":"State","assessed":1692700,"billed":0,"accounts":1,"owner":"RI Housing & Mortgage Finance Corp"},"geometry":{"type":"Polygon","coordinates":[[[-71.413086,41.823691,0.0],[-71.41319,41.823771,0.0],[-71.413435,41.823593,0.0],[-71.413335,41.823514,0.0],[-71.413086,41.823691,0.0]]]}},{"type":"Feature","properties":{"ring":"inside","addr":"66 Weybosset St","cls":"Commercial II","assessed":11859400,"billed":346294,"accounts":2,"owner":"GP Arcade Garage LLC"},"geometry":{"type":"Polygon","coordinates":[[[-71.409582,41.823606,0.0],[-71.409925,41.823774,0.0],[-71.410054,41.823666,0.0],[-71.410216,41.823561,0.0],[-71.409476,41.823174,0.0],[-71.409213,41.82345,0.0],[-71.409556,41.823633,0.0],[-71.409582,41.823606,0.0]]]}},{"type":"Feature","properties":{"ring":"inside","addr":"87 Washington St Unit C004","cls":"Commercial Condo","assessed":2270400,"billed":39365,"accounts":7,"owner":"7 accounts"},"geometry":{"type":"Polygon","coordinates":[[[-71.414115,41.82365,0.0],[-71.414283,41.823783,0.0],[-71.414443,41.823668,0.0],[-71.414274,41.823536,0.0],[-71.414115,41.82365,0.0]]]}},{"type":"Feature","properties":{"ring":"inside","addr":"4 Pine St","cls":"Commercial II","assessed":3617000,"billed":105616,"accounts":1,"owner":"HALO Investments LLC"},"geometry":{"type":"Polygon","coordinates":[[[-71.408476,41.823778,0.0],[-71.408703,41.823796,0.0],[-71.408897,41.823592,0.0],[-71.408449,41.82344,0.0],[-71.408476,41.823778,0.0]]]}},{"type":"Feature","properties":{"ring":"inside","addr":"52 Washington St","cls":"State","assessed":4092200,"billed":0,"accounts":1,"owner":"RI Housing & Mortgage Finance Corp"},"geometry":{"type":"Polygon","coordinates":[[[-71.41319,41.823771,0.0],[-71.413401,41.823936,0.0],[-71.413646,41.823758,0.0],[-71.413435,41.823593,0.0],[-71.41319,41.823771,0.0]]]}},{"type":"Feature","properties":{"ring":"inside","addr":"78 Fountain St","cls":"44-3-9 Stb","assessed":38583900,"billed":401766,"accounts":1,"owner":"78 Fountain Street BAC LLC"},"geometry":{"type":"Polygon","coordinates":[[[-71.414483,41.823386,0.0],[-71.415255,41.823988,0.0],[-71.415552,41.823725,0.0],[-71.414803,41.823157,0.0],[-71.414483,41.823386,0.0]]]}},{"type":"Feature","properties":{"ring":"inside","addr":"85 Dyer St","cls":"Municipal","assessed":38600,"billed":0,"accounts":1,"owner":"City Of Providence"},"geometry":{"type":"Polygon","coordinates":[[[-71.408485,41.823889,0.0],[-71.40849,41.823951,0.0],[-71.408561,41.823923,0.0],[-71.408679,41.823904,0.0],[-71.408485,41.823889,0.0]]]}},{"type":"Feature","properties":{"ring":"inside","addr":"146 Westminster St","cls":"Commercial Condo","assessed":3689600,"billed":107736,"accounts":5,"owner":"5 accounts"},"geometry":{"type":"Polygon","coordinates":[[[-71.410758,41.823743,0.0],[-71.411055,41.823969,0.0],[-71.411161,41.823892,0.0],[-71.410864,41.823666,0.0],[-71.410758,41.823743,0.0]]]}},{"type":"Feature","properties":{"ring":"inside","addr":"185 Westminster St","cls":"44-3-9 Stb","assessed":12495300,"billed":341388,"accounts":1,"owner":"Providence Capital Holdings LLC"},"geometry":{"type":"Polygon","coordinates":[[[-71.411808,41.823613,0.0],[-71.412323,41.824012,0.0],[-71.412473,41.823904,0.0],[-71.411959,41.823503,0.0],[-71.411808,41.823613,0.0]]]}},{"type":"Feature","properties":{"ring":"inside","addr":"79 Washington St Unit C001","cls":"Commercial Condo","assessed":3768300,"billed":81071,"accounts":8,"owner":"Strand Realty II LLC"},"geometry":{"type":"Polygon","coordinates":[[[-71.414367,41.823848,0.0],[-71.41462,41.824047,0.0],[-71.414936,41.823818,0.0],[-71.414683,41.823621,0.0],[-71.414367,41.823848,0.0]]]}},{"type":"Feature","properties":{"ring":"inside","addr":"50 Weybosset St","cls":"Commercial II","assessed":902100,"billed":26341,"accounts":1,"owner":"Weiss Associates LLC"},"geometry":{"type":"Polygon","coordinates":[[[-71.409285,41.824036,0.0],[-71.40968,41.824067,0.0],[-71.409718,41.823987,0.0],[-71.409296,41.823954,0.0],[-71.409285,41.824036,0.0]]]}},{"type":"Feature","properties":{"ring":"inside","addr":"136-144 Westminster St","cls":"44-3-9 Stb","assessed":1954500,"billed":65679,"accounts":1,"owner":"Lauderdale Lofts MT LLC (Lessee)"},"geometry":{"type":"Polygon","coordinates":[[[-71.410577,41.823873,0.0],[-71.410876,41.8241,0.0],[-71.411055,41.823969,0.0],[-71.410765,41.823748,0.0],[-71.410577,41.823873,0.0]]]}},{"type":"Feature","properties":{"ring":"inside","addr":"61 Weybosset St","cls":"Commercial II","assessed":1356400,"billed":39607,"accounts":1,"owner":"Mr. Osaka LLC"},"geometry":{"type":"Polygon","coordinates":[[[-71.409952,41.823937,0.0],[-71.410226,41.824113,0.0],[-71.410261,41.824084,0.0],[-71.410232,41.824065,0.0],[-71.410259,41.824046,0.0],[-71.4102,41.824004,0.0],[-71.410265,41.823958,0.0],[-71.410081,41.823818,0.0],[-71.409952,41.823937,0.0]]]}},{"type":"Feature","properties":{"ring":"inside","addr":"18 Custom House St","cls":"CI Vacant Land","assessed":828600,"billed":24195,"accounts":1,"owner":"Granoff Realty II Limited Partnership"},"geometry":{"type":"Polygon","coordinates":[[[-71.408831,41.824208,0.0],[-71.409105,41.824228,0.0],[-71.409143,41.823941,0.0],[-71.408869,41.82392,0.0],[-71.408831,41.824208,0.0]]]}},{"type":"Feature","properties":{"ring":"inside","addr":"42 Weybosset St","cls":"Commercial Condo","assessed":2267400,"billed":66208,"accounts":2,"owner":"Wilcox Partners"},"geometry":{"type":"Polygon","coordinates":[[[-71.409258,41.824239,0.0],[-71.40942,41.824251,0.0],[-71.409433,41.824153,0.0],[-71.409656,41.824171,0.0],[-71.40968,41.824067,0.0],[-71.409285,41.824036,0.0],[-71.409258,41.824239,0.0]]]}},{"type":"Feature","properties":{"ring":"inside","addr":"36 Weybosset St","cls":"Commercial II","assessed":1031300,"billed":30114,"accounts":1,"owner":"Custom House Historic Properties LLC"},"geometry":{"type":"Polygon","coordinates":[[[-71.40942,41.824251,0.0],[-71.409633,41.824266,0.0],[-71.409656,41.824171,0.0],[-71.409433,41.824153,0.0],[-71.40942,41.824251,0.0]]]}},{"type":"Feature","properties":{"ring":"inside","addr":"38 Fountain St","cls":"Commercial II","assessed":5721900,"billed":167079,"accounts":1,"owner":"private owner"},"geometry":{"type":"Polygon","coordinates":[[[-71.414683,41.824096,0.0],[-71.414921,41.824284,0.0],[-71.415208,41.82403,0.0],[-71.415,41.823868,0.0],[-71.414683,41.824096,0.0]]]}},{"type":"Feature","properties":{"ring":"inside","addr":"110 Westminster St","cls":"CI Vacant Land","assessed":525700,"billed":15350,"accounts":1,"owner":"110 Westminster Partners LLC"},"geometry":{"type":"Polygon","coordinates":[[[-71.410308,41.824146,0.0],[-71.41055,41.824336,0.0],[-71.410666,41.824252,0.0],[-71.410401,41.824051,0.0],[-71.410334,41.824098,0.0],[-71.410259,41.824046,0.0],[-71.410232,41.824065,0.0],[-71.410261,41.824084,0.0],[-71.410226,41.824113,0.0],[-71.410293,41.824156,0.0],[-71.410308,41.824146,0.0]]]}},{"type":"Feature","properties":{"ring":"inside","addr":"70 Kennedy Plz","cls":"combo 6-10","assessed":4173400,"billed":112648,"accounts":1,"owner":"Halsey Realty LLC"},"geometry":{"type":"Polygon","coordinates":[[[-71.41117,41.824077,0.0],[-71.411678,41.824474,0.0],[-71.41179,41.824394,0.0],[-71.411282,41.823996,0.0],[-71.41117,41.824077,0.0]]]}},{"type":"Feature","properties":{"ring":"inside","addr":"90 Westminster St","cls":"CI Vacant Land","assessed":1373700,"billed":40112,"accounts":1,"owner":"110 Westminster Partners LLC"},"geometry":{"type":"Polygon","coordinates":[[[-71.410114,41.824348,0.0],[-71.410317,41.824506,0.0],[-71.410449,41.82441,0.0],[-71.410206,41.824224,0.0],[-71.410144,41.824125,0.0],[-71.409843,41.824065,0.0],[-71.409816,41.824148,0.0],[-71.409803,41.824255,0.0],[-71.409999,41.824263,0.0],[-71.410121,41.824253,0.0],[-71.410114,41.824348,0.0]]]}},{"type":"Feature","properties":{"ring":"inside","addr":"24 Fountain St","cls":"CI Vacant Land","assessed":505300,"billed":14755,"accounts":1,"owner":"One Eddy JV Owner LLC"},"geometry":{"type":"Polygon","coordinates":[[[-71.414364,41.824295,0.0],[-71.414654,41.824521,0.0],[-71.414758,41.824429,0.0],[-71.41448,41.824212,0.0],[-71.414364,41.824295,0.0]]]}},{"type":"Feature","properties":{"ring":"inside","addr":"143 Westminster St","cls":"Commercial II","assessed":975100,"billed":28473,"accounts":1,"owner":"K Plaza Revival LLC"},"geometry":{"type":"Polygon","coordinates":[[[-71.411105,41.824125,0.0],[-71.411613,41.824521,0.0],[-71.411678,41.824474,0.0],[-71.41117,41.824077,0.0],[-71.411105,41.824125,0.0]]]}},{"type":"Feature","properties":{"ring":"inside","addr":"15 Westminster St","cls":"School","assessed":77278400,"billed":0,"accounts":1,"owner":"private owner"},"geometry":{"type":"Polygon","coordinates":[[[-71.409526,41.825655,0.0],[-71.409775,41.825839,0.0],[-71.409913,41.82574,0.0],[-71.409664,41.825556,0.0],[-71.409526,41.825655,0.0]]]}},{"type":"Feature","properties":{"ring":"inside","addr":"40 Kennedy Plz","cls":"Municipal","assessed":4047800,"billed":0,"accounts":1,"owner":"Providence Public Bldg Authority"},"geometry":{"type":"Polygon","coordinates":[[[-71.411232,41.825731,0.0],[-71.411609,41.826003,0.0],[-71.412577,41.825667,0.0],[-71.412619,41.825637,0.0],[-71.412631,41.825594,0.0],[-71.412305,41.824959,0.0],[-71.411232,41.825731,0.0]]]}},{"type":"Feature","properties":{"ring":"inside","addr":"340 Kinsley Ave","cls":"CI Vacant Land","assessed":325700,"billed":9510,"accounts":1,"owner":"private owner"},"geometry":{"type":"Polygon","coordinates":[[[-71.427434,41.827682,0.0],[-71.427783,41.828533,0.0],[-71.428439,41.8284,0.0],[-71.428081,41.82753,0.0],[-71.427434,41.827682,0.0]]]}},{"type":"Feature","properties":{"ring":"inside","addr":"0 Memorial Blvd","cls":"Municipal","assessed":764500,"billed":0,"accounts":1,"owner":"City Of Providence"},"geometry":{"type":"Polygon","coordinates":[[[-71.41349,41.826165,0.0],[-71.413464,41.826212,0.0],[-71.413414,41.826229,0.0],[-71.41344,41.826272,0.0],[-71.413397,41.826286,0.0],[-71.413407,41.826302,0.0],[-71.413309,41.826309,0.0],[-71.413337,41.826355,0.0],[-71.413893,41.826165,0.0],[-71.413872,41.82613,0.0],[-71.413775,41.826163,0.0],[-71.413744,41.826113,0.0],[-71.41366,41.826138,0.0],[-71.413612,41.826123,0.0],[-71.413559,41.826125,0.0],[-71.41349,41.826165,0.0]]]}},{"type":"Feature","properties":{"ring":"riverine","addr":"25 Eagle St","cls":"apt 11+","assessed":4134700,"billed":117839,"accounts":1,"owner":"Brady Sullivan Butcher Block Mill LLC"},"geometry":{"type":"Polygon","coordinates":[[[-71.435845,41.826574,0.0],[-71.435951,41.826707,0.0],[-71.436203,41.826569,0.0],[-71.436705,41.826241,0.0],[-71.436771,41.826225,0.0],[-71.436848,41.826227,0.0],[-71.436905,41.826245,0.0],[-71.436997,41.826296,0.0],[-71.437076,41.826301,0.0],[-71.437132,41.826281,0.0],[-71.437336,41.826146,0.0],[-71.43723,41.826,0.0],[-71.437094,41.82586,0.0],[-71.436995,41.825779,0.0],[-71.436589,41.826203,0.0],[-71.436199,41.826419,0.0],[-71.435845,41.826574,0.0]]]}},{"type":"Feature","properties":{"ring":"inside","addr":"360 Valley St","cls":"CI Vacant Land","assessed":57500,"billed":1679,"accounts":1,"owner":"Allison Realty Inc"},"geometry":{"type":"Polygon","coordinates":[[[-71.437658,41.826972,0.0],[-71.437758,41.82716,0.0],[-71.437914,41.82711,0.0],[-71.437782,41.826918,0.0],[-71.437658,41.826972,0.0]]]}},{"type":"Feature","properties":{"ring":"inside","addr":"10 Dorrance St","cls":"Commercial II","assessed":6733100,"billed":196607,"accounts":1,"owner":"10 Dorrance Street LLC"},"geometry":{"type":"Polygon","coordinates":[[[-71.411282,41.823996,0.0],[-71.41179,41.824394,0.0],[-71.412164,41.824126,0.0],[-71.41165,41.823727,0.0],[-71.411282,41.823996,0.0]]]}},{"type":"Feature","properties":{"ring":"inside","addr":"25 Dorrance St","cls":"Municipal","assessed":30444900,"billed":0,"accounts":1,"owner":"City of Providence"},"geometry":{"type":"Polygon","coordinates":[[[-71.412398,41.824072,0.0],[-71.412809,41.824402,0.0],[-71.413321,41.824032,0.0],[-71.412905,41.823708,0.0],[-71.412398,41.824072,0.0]]]}},{"type":"Feature","properties":{"ring":"inside","addr":"376 Valley St","cls":"CI Vacant Land","assessed":136000,"billed":3971,"accounts":1,"owner":"Brady Sullivan Butcher Block Mill LLC"},"geometry":{"type":"Polygon","coordinates":[[[-71.437194,41.827175,0.0],[-71.437346,41.827369,0.0],[-71.437515,41.827291,0.0],[-71.437362,41.827101,0.0],[-71.437194,41.827175,0.0]]]}},{"type":"Feature","properties":{"ring":"inside","addr":"2 Harris Ave","cls":"CI Vacant Land","assessed":90200,"billed":2634,"accounts":1,"owner":"Shops at Providence Place LLC"},"geometry":{"type":"Polygon","coordinates":[[[-71.419757,41.8278,0.0],[-71.419722,41.827816,0.0],[-71.419697,41.827844,0.0],[-71.419693,41.827877,0.0],[-71.419711,41.827908,0.0],[-71.419747,41.82793,0.0],[-71.419951,41.827986,0.0],[-71.420018,41.82786,0.0],[-71.420122,41.827741,0.0],[-71.419757,41.8278,0.0]]]}},{"type":"Feature","properties":{"ring":"inside","addr":"PR 027-0269-0000"},"geometry":{"type":"Polygon","coordinates":[[[-71.426343,41.827393,0.0],[-71.426487,41.828177,0.0],[-71.426799,41.828602,0.0],[-71.427057,41.828681,0.0],[-71.427367,41.828618,0.0],[-71.426838,41.827277,0.0],[-71.426343,41.827393,0.0]]]}},{"type":"Feature","properties":{"ring":"inside","addr":"450 Valley St","cls":"CI Vacant Land","assessed":52200,"billed":1524,"accounts":1,"owner":"BBI REALTY INC."},"geometry":{"type":"Polygon","coordinates":[[[-71.434207,41.828617,0.0],[-71.434432,41.828839,0.0],[-71.434704,41.828683,0.0],[-71.434524,41.828438,0.0],[-71.434207,41.828617,0.0]]]}},{"type":"Feature","properties":{"ring":"inside","addr":"450 Valley St","cls":"CI Vacant Land","assessed":24200,"billed":707,"accounts":1,"owner":"BBI REALTY INC."},"geometry":{"type":"Polygon","coordinates":[[[-71.434771,41.828775,0.0],[-71.434835,41.828862,0.0],[-71.435188,41.828705,0.0],[-71.435123,41.828618,0.0],[-71.434771,41.828775,0.0]]]}},{"type":"Feature","properties":{"ring":"inside","addr":"450 Valley St","cls":"CI Vacant Land","assessed":24300,"billed":710,"accounts":1,"owner":"BBI REALTY INC."},"geometry":{"type":"Polygon","coordinates":[[[-71.434903,41.828954,0.0],[-71.43497,41.829045,0.0],[-71.435323,41.828888,0.0],[-71.435255,41.828796,0.0],[-71.434903,41.828954,0.0]]]}},{"type":"Feature","properties":{"ring":"inside","addr":"476 Valley St","cls":"CI Vacant Land","assessed":120700,"billed":3524,"accounts":1,"owner":"private owner"},"geometry":{"type":"Polygon","coordinates":[[[-71.433871,41.828808,0.0],[-71.434056,41.829053,0.0],[-71.434248,41.828944,0.0],[-71.434062,41.828699,0.0],[-71.433871,41.828808,0.0]]]}},{"type":"Feature","properties":{"ring":"inside","addr":"450 Valley St","cls":"CI Vacant Land","assessed":35000,"billed":1022,"accounts":1,"owner":"BBI REALTY INC."},"geometry":{"type":"Polygon","coordinates":[[[-71.43497,41.829045,0.0],[-71.43503,41.829128,0.0],[-71.435388,41.828976,0.0],[-71.435323,41.828888,0.0],[-71.43497,41.829045,0.0]]]}},{"type":"Feature","properties":{"ring":"inside","addr":"486 Valley St","cls":"2 -5 Family","assessed":317800,"billed":4449,"accounts":1,"owner":"private owner"},"geometry":{"type":"Polygon","coordinates":[[[-71.433445,41.82905,0.0],[-71.43353,41.829146,0.0],[-71.433654,41.82907,0.0],[-71.433569,41.828979,0.0],[-71.433445,41.82905,0.0]]]}},{"type":"Feature","properties":{"ring":"inside","addr":"476R Valley St","cls":"CI Vacant Land","assessed":92000,"billed":2686,"accounts":1,"owner":"private owner"},"geometry":{"type":"Polygon","coordinates":[[[-71.434056,41.829053,0.0],[-71.434128,41.829148,0.0],[-71.434482,41.828998,0.0],[-71.434384,41.828866,0.0],[-71.434056,41.829053,0.0]]]}},{"type":"Feature","properties":{"ring":"inside","addr":"480 Valley St","cls":"Commercial II","assessed":461100,"billed":13464,"accounts":1,"owner":"JM Auto Service LLC"},"geometry":{"type":"Polygon","coordinates":[[[-71.433903,41.829142,0.0],[-71.433877,41.829254,0.0],[-71.43413,41.829151,0.0],[-71.433871,41.828808,0.0],[-71.433677,41.828918,0.0],[-71.433903,41.829142,0.0]]]}},{"type":"Feature","properties":{"ring":"inside","addr":"235 Promenade St","cls":"Commercial II","assessed":11110800,"billed":324435,"accounts":1,"owner":"private owner"},"geometry":{"type":"Polygon","coordinates":[[[-71.418479,41.828957,0.0],[-71.419574,41.829255,0.0],[-71.419917,41.82859,0.0],[-71.418824,41.828289,0.0],[-71.418479,41.828957,0.0]]]}},{"type":"Feature","properties":{"ring":"inside","addr":"450R Valley St","cls":"Commercial II","assessed":542200,"billed":15832,"accounts":1,"owner":"BBI REALTY INC."},"geometry":{"type":"Polygon","coordinates":[[[-71.434384,41.828866,0.0],[-71.434685,41.829275,0.0],[-71.43503,41.829128,0.0],[-71.434704,41.828683,0.0],[-71.434384,41.828866,0.0]]]}},{"type":"Feature","properties":{"ring":"inside","addr":"80 West Park","cls":"CI Vacant Land","assessed":419500,"billed":12249,"accounts":1,"owner":"Foundry Development Associates LLC"},"geometry":{"type":"Polygon","coordinates":[[[-71.419844,41.829038,0.0],[-71.420744,41.829292,0.0],[-71.420962,41.828866,0.0],[-71.420063,41.828612,0.0],[-71.419844,41.829038,0.0]]]}},{"type":"Feature","properties":{"ring":"inside","addr":"459 Promenade St","cls":"School","assessed":7633800,"billed":0,"accounts":1,"owner":"Paul Cuffee School"},"geometry":{"type":"Polygon","coordinates":[[[-71.426924,41.829367,0.0],[-71.426981,41.829527,0.0],[-71.42709,41.829682,0.0],[-71.428359,41.829428,0.0],[-71.428202,41.82921,0.0],[-71.427985,41.829089,0.0],[-71.426989,41.829293,0.0],[-71.426924,41.829367,0.0]]]}},{"type":"Feature","properties":{"ring":"inside","addr":"80 West Park","cls":"CI Vacant Land","assessed":69500,"billed":2029,"accounts":1,"owner":"Foundry Parcel Eight Associates LLC"},"geometry":{"type":"Polygon","coordinates":[[[-71.422893,41.829634,0.0],[-71.422998,41.829709,0.0],[-71.423057,41.829263,0.0],[-71.422946,41.829243,0.0],[-71.422893,41.829634,0.0]]]}},{"type":"Feature","properties":{"ring":"inside","addr":"25 Park Row West","cls":"CI Vacant Land","assessed":3930200,"billed":114762,"accounts":1,"owner":"Capital Properties Inc"},"geometry":{"type":"Polygon","coordinates":[[[-71.411827,41.829766,0.0],[-71.41234,41.829962,0.0],[-71.412741,41.82951,0.0],[-71.411664,41.828736,0.0],[-71.411637,41.828774,0.0],[-71.411628,41.828813,0.0],[-71.411827,41.829766,0.0]]]}},{"type":"Feature","properties":{"ring":"inside","addr":"301 Promenade St","cls":"Commercial II","assessed":874500,"billed":25535,"accounts":1,"owner":"private owner"},"geometry":{"type":"Polygon","coordinates":[[[-71.422998,41.829709,0.0],[-71.423415,41.830006,0.0],[-71.4235,41.82934,0.0],[-71.423057,41.829263,0.0],[-71.422998,41.829709,0.0]]]}},{"type":"Feature","properties":{"ring":"inside","addr":"532 Valley St","cls":"CI Vacant Land","assessed":120500,"billed":3519,"accounts":1,"owner":"private owner"},"geometry":{"type":"Polygon","coordinates":[[[-71.43168,41.830033,0.0],[-71.43184,41.830225,0.0],[-71.432033,41.830126,0.0],[-71.431869,41.829943,0.0],[-71.43168,41.830033,0.0]]]}},{"type":"Feature","properties":{"ring":"inside","addr":"536 Valley St","cls":"CI Vacant Land","assessed":173700,"billed":5072,"accounts":1,"owner":"private owner"},"geometry":{"type":"Polygon","coordinates":[[[-71.431431,41.830143,0.0],[-71.431598,41.830349,0.0],[-71.43184,41.830225,0.0],[-71.43168,41.830033,0.0],[-71.431431,41.830143,0.0]]]}},{"type":"Feature","properties":{"ring":"inside","addr":"548 Valley St","cls":"Commercial II","assessed":274100,"billed":8004,"accounts":1,"owner":"private owner"},"geometry":{"type":"Polygon","coordinates":[[[-71.431157,41.830265,0.0],[-71.431316,41.830493,0.0],[-71.431598,41.830349,0.0],[-71.431431,41.830143,0.0],[-71.431157,41.830265,0.0]]]}},{"type":"Feature","properties":{"ring":"riverine","addr":"100 Chalkstone Ave","cls":"Amtrak NRR","assessed":2483900,"billed":0,"accounts":1,"owner":"Penn Central Transportation Co"},"geometry":{"type":"Polygon","coordinates":[[[-71.414498,41.836115,0.0],[-71.414794,41.836469,0.0],[-71.41513,41.836471,0.0],[-71.414133,41.834912,0.0],[-71.413868,41.834925,0.0],[-71.414322,41.835624,0.0],[-71.414351,41.835844,0.0],[-71.414505,41.836074,0.0],[-71.414498,41.836115,0.0]]]}},{"type":"Feature","properties":{"ring":"inside","addr":"10 PARK ROW WEST","cls":"44-3-9 Stb","assessed":49608600,"billed":713140,"accounts":1,"owner":"261, LLC"},"geometry":{"type":"Polygon","coordinates":[[[-71.411563,41.831305,0.0],[-71.412185,41.831381,0.0],[-71.412078,41.830982,0.0],[-71.412066,41.830855,0.0],[-71.41207,41.830744,0.0],[-71.412105,41.830471,0.0],[-71.412141,41.830328,0.0],[-71.412227,41.830138,0.0],[-71.41234,41.829962,0.0],[-71.411827,41.829766,0.0],[-71.411829,41.829774,0.0],[-71.411319,41.829814,0.0],[-71.411607,41.831212,0.0],[-71.411562,41.831264,0.0],[-71.411563,41.831305,0.0]]]}},{"type":"Feature","properties":{"ring":"inside","addr":"0 Smith St","cls":"Amtrak NRR","assessed":4179600,"billed":0,"accounts":1,"owner":"Penn Central Transportation Co"},"geometry":{"type":"Polygon","coordinates":[[[-71.412741,41.82951,0.0],[-71.41239,41.829897,0.0],[-71.41228,41.830049,0.0],[-71.412178,41.830235,0.0],[-71.412118,41.830407,0.0],[-71.41207,41.830744,0.0],[-71.412067,41.830887,0.0],[-71.412086,41.831021,0.0],[-71.412185,41.831381,0.0],[-71.412448,41.831413,0.0],[-71.412409,41.831186,0.0],[-71.412407,41.830968,0.0],[-71.412439,41.830758,0.0],[-71.412511,41.830533,0.0],[-71.412601,41.830352,0.0],[-71.412735,41.830155,0.0],[-71.412892,41.829961,0.0],[-71.413189,41.829634,0.0],[-71.412862,41.829406,0.0],[-71.412754,41.82952,0.0],[-71.412741,41.82951,0.0]]]}},{"type":"Feature","properties":{"ring":"riverine","addr":"19 Gennaro Pl","cls":"CI Vacant Land","assessed":65600,"billed":1916,"accounts":1,"owner":"166 Valley Street LLC"},"geometry":{"type":"Polygon","coordinates":[[[-71.439277,41.821684,0.0],[-71.439464,41.821701,0.0],[-71.439485,41.821561,0.0],[-71.439308,41.821544,0.0],[-71.439277,41.821684,0.0]]]}},{"type":"Feature","properties":{"ring":"inside","addr":"30 De Soto St","cls":"Commercial II","assessed":185500,"billed":5417,"accounts":1,"owner":"Sunnyside Properties LLC"},"geometry":{"type":"Polygon","coordinates":[[[-71.438381,41.821569,0.0],[-71.438771,41.821706,0.0],[-71.43885,41.82158,0.0],[-71.438799,41.821564,0.0],[-71.438783,41.821589,0.0],[-71.438444,41.82147,0.0],[-71.438381,41.821569,0.0]]]}},{"type":"Feature","properties":{"ring":"riverine","addr":"15 Gennaro Pl","cls":"Commercial II","assessed":182500,"billed":5329,"accounts":1,"owner":"166 Valley Street LLC"},"geometry":{"type":"Polygon","coordinates":[[[-71.439464,41.821701,0.0],[-71.439652,41.821718,0.0],[-71.439673,41.821578,0.0],[-71.439485,41.821561,0.0],[-71.439464,41.821701,0.0]]]}},{"type":"Feature","properties":{"ring":"riverine","addr":"9 Gennaro Pl","cls":"Commercial II","assessed":154600,"billed":4514,"accounts":1,"owner":"166 Valley Street LLC"},"geometry":{"type":"Polygon","coordinates":[[[-71.439652,41.821718,0.0],[-71.439805,41.821732,0.0],[-71.439826,41.821592,0.0],[-71.439673,41.821578,0.0],[-71.439652,41.821718,0.0]]]}},{"type":"Feature","properties":{"ring":"riverine","addr":"181 Valley St","cls":"Commercial II","assessed":312100,"billed":9113,"accounts":1,"owner":"166 Valley Street LLC"},"geometry":{"type":"Polygon","coordinates":[[[-71.439805,41.821732,0.0],[-71.440015,41.821751,0.0],[-71.440046,41.821612,0.0],[-71.439826,41.821592,0.0],[-71.439805,41.821732,0.0]]]}},{"type":"Feature","properties":{"ring":"x500","addr":"50 Hartford Ave","cls":"CI Vacant Land","assessed":121000,"billed":3533,"accounts":1,"owner":"Jan Co Inc"},"geometry":{"type":"Polygon","coordinates":[[[-71.444882,41.816743,0.0],[-71.445091,41.816764,0.0],[-71.445121,41.81659,0.0],[-71.444912,41.81658,0.0],[-71.444882,41.816743,0.0]]]}},{"type":"Feature","properties":{"ring":"inside","addr":"29 Helme St","cls":"Commercial II","assessed":105100,"billed":3069,"accounts":1,"owner":"private owner"},"geometry":{"type":"Polygon","coordinates":[[[-71.43885,41.821339,0.0],[-71.438982,41.821386,0.0],[-71.439107,41.821187,0.0],[-71.438974,41.821141,0.0],[-71.43885,41.821339,0.0]]]}},{"type":"Feature","properties":{"ring":"x500","addr":"2 Amherst St","cls":"Industrial","assessed":482600,"billed":14092,"accounts":1,"owner":"private owner"},"geometry":{"type":"Polygon","coordinates":[[[-71.438211,41.823027,0.0],[-71.438537,41.823067,0.0],[-71.438585,41.82285,0.0],[-71.438259,41.82281,0.0],[-71.438211,41.823027,0.0]]]}},{"type":"Feature","properties":{"ring":"riverine","addr":"430 Charles St REAR","cls":"State","assessed":157000,"billed":0,"accounts":1,"owner":"State of Rhode Island"},"geometry":{"type":"Polygon","coordinates":[[[-71.419309,41.844742,0.0],[-71.419363,41.844752,0.0],[-71.419418,41.844744,0.0],[-71.419468,41.844717,0.0],[-71.419462,41.844694,0.0],[-71.41948,41.844696,0.0],[-71.419485,41.844717,0.0],[-71.419612,41.844712,0.0],[-71.419547,41.844629,0.0],[-71.419418,41.844527,0.0],[-71.419225,41.844434,0.0],[-71.419199,41.844409,0.0],[-71.419161,41.844417,0.0],[-71.419131,41.844409,0.0],[-71.41905,41.844353,0.0],[-71.418911,41.844292,0.0],[-71.418727,41.844293,0.0],[-71.418612,41.844268,0.0],[-71.418644,41.844368,0.0],[-71.418827,41.844351,0.0],[-71.418992,41.844418,0.0],[-71.419087,41.844519,0.0],[-71.419145,41.844706,0.0],[-71.419228,41.844695,0.0],[-71.419273,41.844732,0.0],[-71.419302,41.844725,0.0],[-71.419309,41.844742,0.0]]]}},{"type":"Feature","properties":{"ring":"inside","addr":"166 Valley St","cls":"Commercial Condo","assessed":22299100,"billed":651134,"accounts":3,"owner":"3 accounts"},"geometry":{"type":"Polygon","coordinates":[[[-71.440413,41.822021,0.0],[-71.441655,41.822175,0.0],[-71.441673,41.822088,0.0],[-71.441713,41.822023,0.0],[-71.441751,41.822034,0.0],[-71.441762,41.822014,0.0],[-71.44181,41.822028,0.0],[-71.441802,41.822018,0.0],[-71.441813,41.822021,0.0],[-71.441846,41.821985,0.0],[-71.441901,41.821974,0.0],[-71.44199,41.821932,0.0],[-71.442009,41.821871,0.0],[-71.442179,41.821827,0.0],[-71.442211,41.821804,0.0],[-71.442312,41.821602,0.0],[-71.442354,41.821485,0.0],[-71.442438,41.821033,0.0],[-71.442535,41.820733,0.0],[-71.442537,41.820579,0.0],[-71.442516,41.820483,0.0],[-71.441554,41.820484,0.0],[-71.441405,41.819814,0.0],[-71.441129,41.819847,0.0],[-71.441032,41.820257,0.0],[-71.440477,41.820202,0.0],[-71.440292,41.821336,0.0],[-71.440161,41.821934,0.0],[-71.440426,41.821964,0.0],[-71.440413,41.822021,0.0]]]}},{"type":"Feature","properties":{"ring":"inside","addr":"49 Delaine St","cls":"CI Vacant Land","assessed":58500,"billed":1708,"accounts":1,"owner":"60 Federal LLC"},"geometry":{"type":"Polygon","coordinates":[[[-71.440564,41.819725,0.0],[-71.440746,41.819742,0.0],[-71.44077,41.819612,0.0],[-71.440588,41.819595,0.0],[-71.440564,41.819725,0.0]]]}},{"type":"Feature","properties":{"ring":"inside","addr":"69 Valley St","cls":"CI Vacant Land","assessed":220200,"billed":6430,"accounts":1,"owner":"private owner"},"geometry":{"type":"Polygon","coordinates":[[[-71.44011,41.81892,0.0],[-71.440513,41.818945,0.0],[-71.440554,41.818699,0.0],[-71.440151,41.818675,0.0],[-71.44011,41.81892,0.0]]]}},{"type":"Feature","properties":{"ring":"inside","addr":"113 Valley St","cls":"Commercial II","assessed":347700,"billed":10153,"accounts":1,"owner":"Maya Bakery Inc"},"geometry":{"type":"Polygon","coordinates":[[[-71.440013,41.820039,0.0],[-71.440316,41.82007,0.0],[-71.440337,41.819954,0.0],[-71.440029,41.81993,0.0],[-71.440013,41.820039,0.0]]]}},{"type":"Feature","properties":{"ring":"inside","addr":"20 Sonoma Ct","cls":"2 -5 Family","assessed":519900,"billed":7279,"accounts":1,"owner":"Cross Holdings LLC"},"geometry":{"type":"Polygon","coordinates":[[[-71.441944,41.819895,0.0],[-71.44201,41.820118,0.0],[-71.442213,41.82008,0.0],[-71.442209,41.820062,0.0],[-71.442361,41.820036,0.0],[-71.442261,41.81983,0.0],[-71.441944,41.819895,0.0]]]}},{"type":"Feature","properties":{"ring":"inside","addr":"114 Valley St","cls":"combo 5U","assessed":347600,"billed":7033,"accounts":1,"owner":"private owner"},"geometry":{"type":"Polygon","coordinates":[[[-71.440496,41.820099,0.0],[-71.440729,41.820122,0.0],[-71.440752,41.819997,0.0],[-71.440519,41.819973,0.0],[-71.440496,41.820099,0.0]]]}},{"type":"Feature","properties":{"ring":"inside","addr":"114R Valley St","cls":"CI Vacant Land","assessed":53100,"billed":1551,"accounts":1,"owner":"private owner"},"geometry":{"type":"Polygon","coordinates":[[[-71.440729,41.820122,0.0],[-71.440872,41.820136,0.0],[-71.4409,41.820012,0.0],[-71.440752,41.819997,0.0],[-71.440729,41.820122,0.0]]]}},{"type":"Feature","properties":{"ring":"riverine","addr":"100 Clarkson St","cls":"Industrial","assessed":1449500,"billed":42325,"accounts":1,"owner":"BOUTHILLETTE REALTY CORP"},"geometry":{"type":"Polygon","coordinates":[[[-71.419436,41.842922,0.0],[-71.419738,41.843497,0.0],[-71.420795,41.842815,0.0],[-71.420288,41.842373,0.0],[-71.419436,41.842922,0.0]]]}},{"type":"Feature","properties":{"ring":"riverine","addr":"430 Charles St","cls":"Commercial II","assessed":610200,"billed":17818,"accounts":1,"owner":"Riverside Enterprises LLC"},"geometry":{"type":"Polygon","coordinates":[[[-71.418644,41.844368,0.0],[-71.418797,41.844847,0.0],[-71.419289,41.844797,0.0],[-71.419273,41.844732,0.0],[-71.419228,41.844695,0.0],[-71.419145,41.844706,0.0],[-71.419087,41.844519,0.0],[-71.418992,41.844418,0.0],[-71.418827,41.844351,0.0],[-71.418644,41.844368,0.0]]]}},{"type":"Feature","properties":{"ring":"inside","addr":"10 Sonoma Ct","cls":"CI Vacant Land","assessed":96200,"billed":2809,"accounts":1,"owner":"Delaine Street Property, Inc."},"geometry":{"type":"Polygon","coordinates":[[[-71.441912,41.819788,0.0],[-71.441944,41.819895,0.0],[-71.442261,41.81983,0.0],[-71.442177,41.819667,0.0],[-71.442157,41.819508,0.0],[-71.441995,41.819544,0.0],[-71.442061,41.819757,0.0],[-71.441912,41.819788,0.0]]]}},{"type":"Feature","properties":{"ring":"riverine","addr":"0 Manton Ave","cls":"CI Vacant Land","assessed":38100,"billed":1113,"accounts":1,"owner":"Permalite Realty Co Inc"},"geometry":{"type":"Polygon","coordinates":[[[-71.448707,41.818759,0.0],[-71.448873,41.818764,0.0],[-71.448997,41.81874,0.0],[-71.448867,41.818485,0.0],[-71.448547,41.818571,0.0],[-71.448707,41.818759,0.0]]]}},{"type":"Feature","properties":{"ring":"riverine","addr":"0 Manton Ave","cls":"Industrial","assessed":1595500,"billed":46589,"accounts":1,"owner":"99 Hartford Ave LLC"},"geometry":{"type":"Polygon","coordinates":[[[-71.447414,41.818478,0.0],[-71.447549,41.818617,0.0],[-71.447625,41.818724,0.0],[-71.447668,41.818763,0.0],[-71.447735,41.81879,0.0],[-71.447859,41.818809,0.0],[-71.447959,41.818794,0.0],[-71.448131,41.818717,0.0],[-71.448547,41.818571,0.0],[-71.448167,41.818125,0.0],[-71.448134,41.818113,0.0],[-71.447414,41.818478,0.0]]]}},{"type":"Feature","properties":{"ring":"x500","addr":"91R Hartford Ave","cls":"CI Vacant Land","assessed":82100,"billed":2397,"accounts":1,"owner":"99 Hartford Ave LLC"},"geometry":{"type":"Polygon","coordinates":[[[-71.448581,41.818203,0.0],[-71.448865,41.818218,0.0],[-71.448897,41.818196,0.0],[-71.44856,41.817896,0.0],[-71.448165,41.818097,0.0],[-71.448372,41.818163,0.0],[-71.448581,41.818203,0.0]]]}},{"type":"Feature","properties":{"ring":"inside","addr":"46 Valley St","cls":"Industrial","assessed":159000,"billed":4643,"accounts":1,"owner":"Iglesia Apostoles Y Profetas Efecio 2:20 Inc"},"geometry":{"type":"Polygon","coordinates":[[[-71.440822,41.818232,0.0],[-71.441073,41.818252,0.0],[-71.441079,41.818197,0.0],[-71.440834,41.818179,0.0],[-71.440822,41.818232,0.0]]]}},{"type":"Feature","properties":{"ring":"riverine","addr":"191 Hartford Ave","cls":"CI Vacant Land","assessed":55100,"billed":1609,"accounts":1,"owner":"99 Hartford Ave LLC"},"geometry":{"type":"Polygon","coordinates":[[[-71.448134,41.818113,0.0],[-71.448167,41.818125,0.0],[-71.448404,41.818403,0.0],[-71.448652,41.818316,0.0],[-71.448581,41.818203,0.0],[-71.448372,41.818163,0.0],[-71.448165,41.818097,0.0],[-71.448134,41.818113,0.0]]]}},{"type":"Feature","properties":{"ring":"riverine","addr":"141 Hartford Ave","cls":"Industrial","assessed":3048500,"billed":89016,"accounts":1,"owner":"RCFLL LLC"},"geometry":{"type":"Polygon","coordinates":[[[-71.446996,41.817701,0.0],[-71.447083,41.817814,0.0],[-71.447289,41.81826,0.0],[-71.447414,41.818478,0.0],[-71.448165,41.818097,0.0],[-71.447997,41.818019,0.0],[-71.447855,41.817932,0.0],[-71.447402,41.817558,0.0],[-71.446996,41.817701,0.0]]]}},{"type":"Feature","properties":{"ring":"inside","addr":"145 Valley St","cls":"2 -5 Family","assessed":666900,"billed":9337,"accounts":1,"owner":"private owner"},"geometry":{"type":"Polygon","coordinates":[[[-71.439477,41.820866,0.0],[-71.440173,41.820927,0.0],[-71.440197,41.820777,0.0],[-71.439787,41.820741,0.0],[-71.439797,41.820678,0.0],[-71.439604,41.820661,0.0],[-71.439618,41.820574,0.0],[-71.439498,41.820563,0.0],[-71.43946,41.820826,0.0],[-71.43949,41.820837,0.0],[-71.439477,41.820866,0.0]]]}},{"type":"Feature","properties":{"ring":"inside","addr":"16 De Soto St","cls":"Residential Vacant Land","assessed":151800,"billed":2216,"accounts":1,"owner":"private owner"},"geometry":{"type":"Polygon","coordinates":[[[-71.438833,41.820849,0.0],[-71.439099,41.820942,0.0],[-71.439161,41.820843,0.0],[-71.438896,41.820749,0.0],[-71.438833,41.820849,0.0]]]}},{"type":"Feature","properties":{"ring":"riverine","addr":"151 Valley St","cls":"2 -5 Family","assessed":632000,"billed":8848,"accounts":1,"owner":"private owner"},"geometry":{"type":"Polygon","coordinates":[[[-71.439801,41.820991,0.0],[-71.440158,41.821022,0.0],[-71.440173,41.820927,0.0],[-71.439819,41.820896,0.0],[-71.439801,41.820991,0.0]]]}},{"type":"Feature","properties":{"ring":"inside","addr":"18 De Soto St","cls":"2 -5 Family","assessed":647800,"billed":9069,"accounts":1,"owner":"private owner"},"geometry":{"type":"Polygon","coordinates":[[[-71.438771,41.820948,0.0],[-71.439037,41.821041,0.0],[-71.439099,41.820942,0.0],[-71.438833,41.820849,0.0],[-71.438771,41.820948,0.0]]]}},{"type":"Feature","properties":{"ring":"inside","addr":"48 Helme St","cls":"Commercial II","assessed":229200,"billed":6693,"accounts":1,"owner":"private owner"},"geometry":{"type":"Polygon","coordinates":[[[-71.439416,41.821015,0.0],[-71.439791,41.821048,0.0],[-71.439819,41.820896,0.0],[-71.439477,41.820866,0.0],[-71.439416,41.821015,0.0]]]}},{"type":"Feature","properties":{"ring":"inside","addr":"22 De Soto St","cls":"CI Vacant Land","assessed":125100,"billed":3653,"accounts":1,"owner":"private owner"},"geometry":{"type":"Polygon","coordinates":[[[-71.438584,41.821246,0.0],[-71.43885,41.821339,0.0],[-71.438912,41.82124,0.0],[-71.438646,41.821147,0.0],[-71.438584,41.821246,0.0]]]}},{"type":"Feature","properties":{"ring":"inside","addr":"32 De Soto St","cls":"2 -5 Family","assessed":491600,"billed":6882,"accounts":1,"owner":"private owner"},"geometry":{"type":"Polygon","coordinates":[[[-71.438319,41.821668,0.0],[-71.438708,41.821805,0.0],[-71.438771,41.821706,0.0],[-71.438381,41.821569,0.0],[-71.438319,41.821668,0.0]]]}},{"type":"Feature","properties":{"ring":"inside","addr":"36 De Soto St","cls":"CI Vacant Land","assessed":52700,"billed":1539,"accounts":1,"owner":"private owner"},"geometry":{"type":"Polygon","coordinates":[[[-71.438249,41.82178,0.0],[-71.438638,41.821917,0.0],[-71.438708,41.821805,0.0],[-71.438319,41.821668,0.0],[-71.438249,41.82178,0.0]]]}},{"type":"Feature","properties":{"ring":"riverine","addr":"187 Valley St","cls":"State","assessed":124600,"billed":0,"accounts":1,"owner":"Narragansett Bay Commission"},"geometry":{"type":"Polygon","coordinates":[[[-71.439645,41.821913,0.0],[-71.439973,41.821943,0.0],[-71.439997,41.821833,0.0],[-71.439669,41.821803,0.0],[-71.439645,41.821913,0.0]]]}},{"type":"Feature","properties":{"ring":"inside","addr":"34 Gennaro Pl","cls":"Industrial","assessed":220400,"billed":6436,"accounts":1,"owner":"private owner"},"geometry":{"type":"Polygon","coordinates":[[[-71.438771,41.821964,0.0],[-71.438814,41.821967,0.0],[-71.438981,41.821621,0.0],[-71.43885,41.82158,0.0],[-71.438638,41.821917,0.0],[-71.438771,41.821964,0.0]]]}},{"type":"Feature","properties":{"ring":"x500","addr":"195 Hartford Ave","cls":"CI Vacant Land","assessed":77700,"billed":2269,"accounts":1,"owner":"99 Hartford Ave LLC"},"geometry":{"type":"Polygon","coordinates":[[[-71.448404,41.818403,0.0],[-71.448547,41.818571,0.0],[-71.448879,41.818481,0.0],[-71.448943,41.818451,0.0],[-71.449041,41.818426,0.0],[-71.449088,41.81843,0.0],[-71.448865,41.818218,0.0],[-71.448581,41.818203,0.0],[-71.448652,41.818316,0.0],[-71.448404,41.818403,0.0]]]}},{"type":"Feature","properties":{"ring":"inside","addr":"699 Harris Ave","cls":"2 -5 Family","assessed":508200,"billed":3837,"accounts":1,"owner":"private owner"},"geometry":{"type":"Polygon","coordinates":[[[-71.439521,41.818424,0.0],[-71.439982,41.818614,0.0],[-71.440035,41.818549,0.0],[-71.439858,41.818477,0.0],[-71.439819,41.81842,0.0],[-71.439593,41.818328,0.0],[-71.439521,41.818424,0.0]]]}},{"type":"Feature","properties":{"ring":"inside","addr":"52 Valley St","cls":"Miscellaneous","assessed":4313000,"billed":48764,"accounts":2,"owner":"52 Valley Street LLC"},"geometry":{"type":"Polygon","coordinates":[[[-71.440761,41.818567,0.0],[-71.441434,41.818634,0.0],[-71.441484,41.818279,0.0],[-71.441301,41.818266,0.0],[-71.441309,41.818214,0.0],[-71.441079,41.818197,0.0],[-71.441073,41.818252,0.0],[-71.440822,41.818232,0.0],[-71.440761,41.818567,0.0]]]}},{"type":"Feature","properties":{"ring":"x500","addr":"215 Valley St","cls":"Single Family","assessed":291800,"billed":2451,"accounts":1,"owner":"private owner"},"geometry":{"type":"Polygon","coordinates":[[[-71.439428,41.822731,0.0],[-71.43979,41.822775,0.0],[-71.439814,41.822667,0.0],[-71.439452,41.822623,0.0],[-71.439428,41.822731,0.0]]]}},{"type":"Feature","properties":{"ring":"riverine","addr":"52 Tuxedo Ave","cls":"2 -5 Family","assessed":426200,"billed":5967,"accounts":1,"owner":"private owner"},"geometry":{"type":"Polygon","coordinates":[[[-71.438609,41.822742,0.0],[-71.438934,41.822782,0.0],[-71.43897,41.822619,0.0],[-71.438644,41.82258,0.0],[-71.438609,41.822742,0.0]]]}},{"type":"Feature","properties":{"ring":"inside","addr":"143 Valley St","cls":"Commercial II","assessed":322500,"billed":9417,"accounts":1,"owner":"private owner"},"geometry":{"type":"Polygon","coordinates":[[[-71.439787,41.820741,0.0],[-71.440197,41.820777,0.0],[-71.440221,41.820626,0.0],[-71.439618,41.820574,0.0],[-71.439604,41.820661,0.0],[-71.439797,41.820678,0.0],[-71.439787,41.820741,0.0]]]}},{"type":"Feature","properties":{"ring":"inside","addr":"12 De Soto St","cls":"2 -5 Family","assessed":439600,"billed":6154,"accounts":1,"owner":"private owner"},"geometry":{"type":"Polygon","coordinates":[[[-71.438958,41.82065,0.0],[-71.43946,41.820826,0.0],[-71.439477,41.820711,0.0],[-71.43902,41.82055,0.0],[-71.438958,41.82065,0.0]]]}},{"type":"Feature","properties":{"ring":"inside","addr":"14 De Soto St","cls":"2 -5 Family","assessed":452100,"billed":6329,"accounts":1,"owner":"private owner"},"geometry":{"type":"Polygon","coordinates":[[[-71.438896,41.820749,0.0],[-71.439161,41.820843,0.0],[-71.439224,41.820743,0.0],[-71.438958,41.82065,0.0],[-71.438896,41.820749,0.0]]]}},{"type":"Feature","properties":{"ring":"inside","addr":"161 Valley St","cls":"Commercial II","assessed":235400,"billed":6874,"accounts":1,"owner":"private owner"},"geometry":{"type":"Polygon","coordinates":[[[-71.439764,41.821198,0.0],[-71.440125,41.821229,0.0],[-71.440142,41.82112,0.0],[-71.439784,41.821089,0.0],[-71.439764,41.821198,0.0]]]}},{"type":"Feature","properties":{"ring":"inside","addr":"20 De Soto St","cls":"2 -5 Family","assessed":451600,"billed":6322,"accounts":1,"owner":"private owner"},"geometry":{"type":"Polygon","coordinates":[[[-71.438646,41.821147,0.0],[-71.438912,41.82124,0.0],[-71.438974,41.821141,0.0],[-71.438709,41.821047,0.0],[-71.438646,41.821147,0.0]]]}},{"type":"Feature","properties":{"ring":"riverine","addr":"173 Valley St","cls":"CI Vacant Land","assessed":211000,"billed":6161,"accounts":1,"owner":"166 Valley Street LLC"},"geometry":{"type":"Polygon","coordinates":[[[-71.439308,41.821544,0.0],[-71.440046,41.821612,0.0],[-71.440075,41.821476,0.0],[-71.439337,41.821409,0.0],[-71.439308,41.821544,0.0]]]}},{"type":"Feature","properties":{"ring":"inside","addr":"48 De Soto St","cls":"Single Family","assessed":367700,"billed":5368,"accounts":1,"owner":"private owner"},"geometry":{"type":"Polygon","coordinates":[[[-71.437883,41.822366,0.0],[-71.438042,41.822377,0.0],[-71.438153,41.82234,0.0],[-71.438237,41.822274,0.0],[-71.438357,41.822109,0.0],[-71.438099,41.822019,0.0],[-71.437883,41.822366,0.0]]]}},{"type":"Feature","properties":{"ring":"riverine","addr":"193 Valley St","cls":"Commercial II","assessed":377600,"billed":11026,"accounts":1,"owner":"JR Auto Collison LLC"},"geometry":{"type":"Polygon","coordinates":[[[-71.439538,41.822353,0.0],[-71.439876,41.822384,0.0],[-71.439927,41.822154,0.0],[-71.43937,41.822103,0.0],[-71.439368,41.822127,0.0],[-71.439397,41.822192,0.0],[-71.439538,41.822353,0.0]]]}},{"type":"Feature","properties":{"ring":"riverine","addr":"55 Hartford Ave","cls":"Commercial II","assessed":1041300,"billed":30406,"accounts":1,"owner":"Grasso Management LLC"},"geometry":{"type":"Polygon","coordinates":[[[-71.444257,41.817126,0.0],[-71.445029,41.817153,0.0],[-71.445652,41.8171,0.0],[-71.445862,41.817104,0.0],[-71.445998,41.817127,0.0],[-71.446025,41.817103,0.0],[-71.446047,41.816993,0.0],[-71.444277,41.816823,0.0],[-71.444257,41.817126,0.0]]]}},{"type":"Feature","properties":{"ring":"riverine","addr":"46 Aleppo St","cls":"Industrial","assessed":713000,"billed":20820,"accounts":1,"owner":"private owner"},"geometry":{"type":"Polygon","coordinates":[[[-71.4471,41.819557,0.0],[-71.447809,41.819776,0.0],[-71.448042,41.819642,0.0],[-71.447845,41.819237,0.0],[-71.4471,41.819557,0.0]]]}},{"type":"Feature","properties":{"ring":"inside","addr":"81 Delaine St","cls":"2 -5 Family","assessed":534400,"billed":7482,"accounts":1,"owner":"private owner"},"geometry":{"type":"Polygon","coordinates":[[[-71.44185,41.819576,0.0],[-71.441912,41.819788,0.0],[-71.442061,41.819757,0.0],[-71.441995,41.819544,0.0],[-71.44185,41.819576,0.0]]]}},{"type":"Feature","properties":{"ring":"inside","addr":"73 Delaine St","cls":"CI Vacant Land","assessed":34500,"billed":1007,"accounts":1,"owner":"SV German LLC"},"geometry":{"type":"Polygon","coordinates":[[[-71.441619,41.819627,0.0],[-71.441682,41.81984,0.0],[-71.441824,41.819807,0.0],[-71.441762,41.819595,0.0],[-71.441619,41.819627,0.0]]]}},{"type":"Feature","properties":{"ring":"inside","addr":"104 Valley St","cls":"CI Vacant Land","assessed":188300,"billed":5498,"accounts":1,"owner":"60 Federal LLC"},"geometry":{"type":"Polygon","coordinates":[[[-71.44054,41.819859,0.0],[-71.441112,41.819918,0.0],[-71.441145,41.819779,0.0],[-71.440564,41.819725,0.0],[-71.44054,41.819859,0.0]]]}},{"type":"Feature","properties":{"ring":"inside","addr":"31 Delaine St","cls":"Industrial","assessed":974200,"billed":28447,"accounts":1,"owner":"private owner"},"geometry":{"type":"Polygon","coordinates":[[[-71.439657,41.819901,0.0],[-71.439662,41.819869,0.0],[-71.440343,41.819922,0.0],[-71.440407,41.819573,0.0],[-71.439369,41.819491,0.0],[-71.439311,41.819862,0.0],[-71.439455,41.819873,0.0],[-71.439453,41.819887,0.0],[-71.439657,41.819901,0.0]]]}},{"type":"Feature","properties":{"ring":"inside","addr":"110 Valley St","cls":"Residential Vacant Land","assessed":144700,"billed":2113,"accounts":1,"owner":"60 Federal LLC"},"geometry":{"type":"Polygon","coordinates":[[[-71.440519,41.819973,0.0],[-71.441086,41.820031,0.0],[-71.441112,41.819918,0.0],[-71.44054,41.819859,0.0],[-71.440519,41.819973,0.0]]]}},{"type":"Feature","properties":{"ring":"inside","addr":"33 Valley St","cls":"2 -5 Family","assessed":633800,"billed":4785,"accounts":1,"owner":"private owner"},"geometry":{"type":"Polygon","coordinates":[[[-71.440358,41.81787,0.0],[-71.440719,41.817903,0.0],[-71.440747,41.817792,0.0],[-71.440406,41.817761,0.0],[-71.440358,41.81787,0.0]]]}},{"type":"Feature","properties":{"ring":"x500","addr":"165 Hartford Ave","cls":"CI Vacant Land","assessed":157900,"billed":4611,"accounts":1,"owner":"RCFLL LLC"},"geometry":{"type":"Polygon","coordinates":[[[-71.447901,41.817963,0.0],[-71.448165,41.818097,0.0],[-71.44856,41.817896,0.0],[-71.448191,41.817568,0.0],[-71.447725,41.81783,0.0],[-71.447901,41.817963,0.0]]]}},{"type":"Feature","properties":{"ring":"inside","addr":"137 Valley St","cls":"2 -5 Family","assessed":559800,"billed":7837,"accounts":1,"owner":"private owner"},"geometry":{"type":"Polygon","coordinates":[[[-71.439953,41.820603,0.0],[-71.440221,41.820626,0.0],[-71.440239,41.820517,0.0],[-71.439969,41.820494,0.0],[-71.439953,41.820603,0.0]]]}},{"type":"Feature","properties":{"ring":"inside","addr":"10 De Soto St","cls":"2 -5 Family","assessed":547000,"billed":7658,"accounts":1,"owner":"private owner"},"geometry":{"type":"Polygon","coordinates":[[[-71.439083,41.820451,0.0],[-71.43902,41.82055,0.0],[-71.439477,41.820711,0.0],[-71.439493,41.820595,0.0],[-71.439083,41.820451,0.0]]]}},{"type":"Feature","properties":{"ring":"riverine","addr":"28 Gennaro Pl","cls":"State","assessed":70100,"billed":0,"accounts":1,"owner":"Narragansett Bay Commission"},"geometry":{"type":"Polygon","coordinates":[[[-71.438814,41.821967,0.0],[-71.438993,41.821945,0.0],[-71.439084,41.821731,0.0],[-71.438943,41.821699,0.0],[-71.438814,41.821967,0.0]]]}},{"type":"Feature","properties":{"ring":"inside","addr":"38 De Soto St","cls":"CI Vacant Land","assessed":72700,"billed":2123,"accounts":1,"owner":"private owner"},"geometry":{"type":"Polygon","coordinates":[[[-71.438148,41.821942,0.0],[-71.438418,41.822037,0.0],[-71.438473,41.822004,0.0],[-71.438549,41.821984,0.0],[-71.438771,41.821964,0.0],[-71.438249,41.82178,0.0],[-71.438148,41.821942,0.0]]]}},{"type":"Feature","properties":{"ring":"riverine","addr":"189 Valley St","cls":"State","assessed":124600,"billed":0,"accounts":1,"owner":"Narragansett Bay Commission"},"geometry":{"type":"Polygon","coordinates":[[[-71.43962,41.822024,0.0],[-71.439948,41.822054,0.0],[-71.439973,41.821943,0.0],[-71.439645,41.821913,0.0],[-71.43962,41.822024,0.0]]]}},{"type":"Feature","properties":{"ring":"x500","addr":"225 Valley St","cls":"2 -5 Family","assessed":503500,"billed":7049,"accounts":1,"owner":"private owner"},"geometry":{"type":"Polygon","coordinates":[[[-71.439356,41.823056,0.0],[-71.439718,41.8231,0.0],[-71.439742,41.822992,0.0],[-71.43938,41.822948,0.0],[-71.439356,41.823056,0.0]]]}},{"type":"Feature","properties":{"ring":"x500","addr":"42 Tuxedo Ave","cls":"2 -5 Family","assessed":456000,"billed":6384,"accounts":1,"owner":"private owner"},"geometry":{"type":"Polygon","coordinates":[[[-71.438537,41.823067,0.0],[-71.438863,41.823107,0.0],[-71.438887,41.822998,0.0],[-71.438561,41.822959,0.0],[-71.438537,41.823067,0.0]]]}},{"type":"Feature","properties":{"ring":"inside","addr":"23 School St","cls":"2 -5 Family","assessed":384200,"billed":5379,"accounts":1,"owner":"private owner"},"geometry":{"type":"Polygon","coordinates":[[[-71.439943,41.819114,0.0],[-71.440163,41.819127,0.0],[-71.440188,41.81898,0.0],[-71.439968,41.818967,0.0],[-71.439943,41.819114,0.0]]]}},{"type":"Feature","properties":{"ring":"inside","addr":"29 School St","cls":"Residential Vacant Land","assessed":96000,"billed":1402,"accounts":1,"owner":"Armory Revival Company"},"geometry":{"type":"Polygon","coordinates":[[[-71.440164,41.819119,0.0],[-71.44034,41.81913,0.0],[-71.440363,41.818991,0.0],[-71.440188,41.81898,0.0],[-71.440164,41.819119,0.0]]]}},{"type":"Feature","properties":{"ring":"inside","addr":"77 Valley St","cls":"2 -5 Family","assessed":339100,"billed":4747,"accounts":1,"owner":"Armory Revival Company"},"geometry":{"type":"Polygon","coordinates":[[[-71.44034,41.81913,0.0],[-71.44048,41.819138,0.0],[-71.440503,41.818999,0.0],[-71.440363,41.818991,0.0],[-71.44034,41.81913,0.0]]]}},{"type":"Feature","properties":{"ring":"inside","addr":"19 School St","cls":"Residential Vacant Land","assessed":144100,"billed":2104,"accounts":1,"owner":"private owner"},"geometry":{"type":"Polygon","coordinates":[[[-71.439727,41.819301,0.0],[-71.439909,41.819316,0.0],[-71.439968,41.818967,0.0],[-71.439785,41.818956,0.0],[-71.439727,41.819301,0.0]]]}},{"type":"Feature","properties":{"ring":"inside","addr":"28 Delaine St","cls":"CI Vacant Land","assessed":25700,"billed":750,"accounts":1,"owner":"private owner"},"geometry":{"type":"Polygon","coordinates":[[[-71.439713,41.819408,0.0],[-71.439895,41.819422,0.0],[-71.439909,41.819316,0.0],[-71.439727,41.819301,0.0],[-71.439713,41.819408,0.0]]]}},{"type":"Feature","properties":{"ring":"inside","addr":"89 Valley St","cls":"CI Vacant Land","assessed":322800,"billed":9426,"accounts":1,"owner":"private owner"},"geometry":{"type":"Polygon","coordinates":[[[-71.439895,41.819422,0.0],[-71.440425,41.819464,0.0],[-71.44048,41.819138,0.0],[-71.439936,41.819114,0.0],[-71.439895,41.819422,0.0]]]}},{"type":"Feature","properties":{"ring":"riverine","addr":"120 Manton Ave REAR","cls":"Commercial II","assessed":3307900,"billed":96591,"accounts":1,"owner":"Atlantic Mills RI LLC"},"geometry":{"type":"Polygon","coordinates":[[[-71.446045,41.818994,0.0],[-71.446255,41.819297,0.0],[-71.4471,41.819558,0.0],[-71.447845,41.819237,0.0],[-71.447672,41.818881,0.0],[-71.447544,41.818795,0.0],[-71.447253,41.818457,0.0],[-71.447185,41.818357,0.0],[-71.447058,41.818053,0.0],[-71.446936,41.817872,0.0],[-71.446858,41.817801,0.0],[-71.446646,41.817904,0.0],[-71.446656,41.817915,0.0],[-71.446535,41.817974,0.0],[-71.446547,41.817988,0.0],[-71.44628,41.818119,0.0],[-71.446339,41.818187,0.0],[-71.446085,41.818312,0.0],[-71.446049,41.818314,0.0],[-71.445942,41.818202,0.0],[-71.445511,41.818547,0.0],[-71.44586,41.818817,0.0],[-71.445935,41.81876,0.0],[-71.445951,41.818772,0.0],[-71.446117,41.818649,0.0],[-71.44625,41.818754,0.0],[-71.446228,41.818768,0.0],[-71.446292,41.818819,0.0],[-71.446045,41.818994,0.0]]]}},{"type":"Feature","properties":{"ring":"inside","addr":"296 Grove St","cls":"2 -5 Family","assessed":423600,"billed":2448,"accounts":1,"owner":"private owner"},"geometry":{"type":"Polygon","coordinates":[[[-71.439559,41.820135,0.0],[-71.439705,41.820146,0.0],[-71.439741,41.819908,0.0],[-71.439595,41.819897,0.0],[-71.439559,41.820135,0.0]]]}},{"type":"Feature","properties":{"ring":"inside","addr":"118 Valley St","cls":"2 -5 Family","assessed":401600,"billed":5622,"accounts":1,"owner":"Rockingham Associates, LLC"},"geometry":{"type":"Polygon","coordinates":[[[-71.440872,41.820136,0.0],[-71.441057,41.820154,0.0],[-71.441086,41.820031,0.0],[-71.4409,41.820012,0.0],[-71.440872,41.820136,0.0]]]}},{"type":"Feature","properties":{"ring":"inside","addr":"298 Grove St","cls":"Single Family","assessed":314700,"billed":1893,"accounts":1,"owner":"private owner"},"geometry":{"type":"Polygon","coordinates":[[[-71.439741,41.819908,0.0],[-71.439705,41.820146,0.0],[-71.439845,41.820157,0.0],[-71.439882,41.819919,0.0],[-71.439741,41.819908,0.0]]]}},{"type":"Feature","properties":{"ring":"inside","addr":"302 Grove St","cls":"2 -5 Family","assessed":314400,"billed":4402,"accounts":1,"owner":"private owner"},"geometry":{"type":"Polygon","coordinates":[[[-71.439882,41.819919,0.0],[-71.439845,41.820157,0.0],[-71.439993,41.820169,0.0],[-71.440029,41.81993,0.0],[-71.439882,41.819919,0.0]]]}},{"type":"Feature","properties":{"ring":"inside","addr":"308 Grove St","cls":"2 -5 Family","assessed":374600,"billed":5244,"accounts":1,"owner":"private owner"},"geometry":{"type":"Polygon","coordinates":[[[-71.439993,41.820169,0.0],[-71.440293,41.820193,0.0],[-71.440316,41.82007,0.0],[-71.440013,41.820039,0.0],[-71.439993,41.820169,0.0]]]}},{"type":"Feature","properties":{"ring":"inside","addr":"120R Valley St","cls":"Single Family","assessed":274900,"billed":4014,"accounts":1,"owner":"DAS Properties LLC"},"geometry":{"type":"Polygon","coordinates":[[[-71.44071,41.820225,0.0],[-71.441032,41.820257,0.0],[-71.441057,41.820154,0.0],[-71.440729,41.820122,0.0],[-71.44071,41.820225,0.0]]]}},{"type":"Feature","properties":{"ring":"inside","addr":"36 Sonoma Ct","cls":"2 -5 Family","assessed":520800,"billed":3932,"accounts":1,"owner":"private owner"},"geometry":{"type":"Polygon","coordinates":[[[-71.44201,41.820118,0.0],[-71.442062,41.820295,0.0],[-71.44243,41.820235,0.0],[-71.442361,41.820036,0.0],[-71.442209,41.820062,0.0],[-71.442213,41.82008,0.0],[-71.44201,41.820118,0.0]]]}},{"type":"Feature","properties":{"ring":"inside","addr":"129 Valley St","cls":"2 -5 Family","assessed":401400,"billed":5620,"accounts":1,"owner":"private owner"},"geometry":{"type":"Polygon","coordinates":[[[-71.439984,41.820385,0.0],[-71.440257,41.820408,0.0],[-71.440274,41.820302,0.0],[-71.439999,41.82028,0.0],[-71.439984,41.820385,0.0]]]}},{"type":"Feature","properties":{"ring":"inside","addr":"2 De Soto St","cls":"2 -5 Family","assessed":418100,"billed":5853,"accounts":1,"owner":"private owner"},"geometry":{"type":"Polygon","coordinates":[[[-71.439145,41.820352,0.0],[-71.439386,41.820437,0.0],[-71.439415,41.820234,0.0],[-71.439228,41.820219,0.0],[-71.439145,41.820352,0.0]]]}},{"type":"Feature","properties":{"ring":"inside","addr":"40 Sonoma Ct","cls":"Commercial II","assessed":317000,"billed":9256,"accounts":1,"owner":"Sonoma Properties Of RI LLC"},"geometry":{"type":"Polygon","coordinates":[[[-71.442118,41.820483,0.0],[-71.442516,41.820483,0.0],[-71.44243,41.820235,0.0],[-71.442062,41.820295,0.0],[-71.442118,41.820483,0.0]]]}},{"type":"Feature","properties":{"ring":"riverine","addr":"133 Valley St","cls":"Residential Vacant Land","assessed":124300,"billed":1815,"accounts":1,"owner":"private owner"},"geometry":{"type":"Polygon","coordinates":[[[-71.439969,41.820494,0.0],[-71.440239,41.820517,0.0],[-71.440257,41.820408,0.0],[-71.439984,41.820385,0.0],[-71.439969,41.820494,0.0]]]}},{"type":"Feature","properties":{"ring":"inside","addr":"6 De Soto St","cls":"2 -5 Family","assessed":396800,"billed":2996,"accounts":1,"owner":"private owner"},"geometry":{"type":"Polygon","coordinates":[[[-71.439145,41.820352,0.0],[-71.439083,41.820451,0.0],[-71.43937,41.820552,0.0],[-71.439386,41.820437,0.0],[-71.439145,41.820352,0.0]]]}},{"type":"Feature","properties":{"ring":"inside","addr":"295 Grove St","cls":"2 -5 Family","assessed":433700,"billed":6072,"accounts":1,"owner":"Grove Street Cooperative"},"geometry":{"type":"Polygon","coordinates":[[[-71.439516,41.820565,0.0],[-71.439662,41.820577,0.0],[-71.439707,41.820257,0.0],[-71.439561,41.820245,0.0],[-71.439516,41.820565,0.0]]]}},{"type":"Feature","properties":{"ring":"inside","addr":"297 Grove St","cls":"2 -5 Family","assessed":570100,"billed":7981,"accounts":1,"owner":"private owner"},"geometry":{"type":"Polygon","coordinates":[[[-71.439662,41.820577,0.0],[-71.439807,41.82059,0.0],[-71.439853,41.820268,0.0],[-71.439707,41.820257,0.0],[-71.439662,41.820577,0.0]]]}},{"type":"Feature","properties":{"ring":"inside","addr":"289 Grove St","cls":"2 -5 Family","assessed":487700,"billed":6828,"accounts":1,"owner":"Mother Justina LLC"},"geometry":{"type":"Polygon","coordinates":[[[-71.43937,41.820552,0.0],[-71.439493,41.820595,0.0],[-71.439498,41.820563,0.0],[-71.439516,41.820565,0.0],[-71.439561,41.820245,0.0],[-71.439415,41.820234,0.0],[-71.43937,41.820552,0.0]]]}},{"type":"Feature","properties":{"ring":"inside","addr":"303 Grove St","cls":"2 -5 Family","assessed":394400,"billed":5522,"accounts":1,"owner":"private owner"},"geometry":{"type":"Polygon","coordinates":[[[-71.439807,41.82059,0.0],[-71.439953,41.820603,0.0],[-71.439999,41.82028,0.0],[-71.439853,41.820268,0.0],[-71.439807,41.82059,0.0]]]}},{"type":"Feature","properties":{"ring":"inside","addr":"30 Helme St","cls":"CI Vacant Land","assessed":44900,"billed":1311,"accounts":1,"owner":"private owner"},"geometry":{"type":"Polygon","coordinates":[[[-71.439037,41.821041,0.0],[-71.439169,41.821088,0.0],[-71.439356,41.82079,0.0],[-71.439224,41.820743,0.0],[-71.439037,41.821041,0.0]]]}},{"type":"Feature","properties":{"ring":"riverine","addr":"157 Valley St","cls":"2 -5 Family","assessed":422000,"billed":5908,"accounts":1,"owner":"private owner"},"geometry":{"type":"Polygon","coordinates":[[[-71.439784,41.821089,0.0],[-71.440142,41.82112,0.0],[-71.440158,41.821022,0.0],[-71.439801,41.820991,0.0],[-71.439784,41.821089,0.0]]]}},{"type":"Feature","properties":{"ring":"inside","addr":"32 Helme St","cls":"CI Vacant Land","assessed":58700,"billed":1714,"accounts":1,"owner":"private owner"},"geometry":{"type":"Polygon","coordinates":[[[-71.439169,41.821088,0.0],[-71.439359,41.821154,0.0],[-71.43949,41.820837,0.0],[-71.439356,41.82079,0.0],[-71.439169,41.821088,0.0]]]}},{"type":"Feature","properties":{"ring":"riverine","addr":"4 Addison Pl","cls":"Industrial","assessed":375300,"billed":10959,"accounts":1,"owner":"International Chromium Platinum"},"geometry":{"type":"Polygon","coordinates":[[[-71.437983,41.823139,0.0],[-71.438052,41.823159,0.0],[-71.438115,41.822872,0.0],[-71.43797,41.822853,0.0],[-71.437961,41.822884,0.0],[-71.437756,41.82286,0.0],[-71.437775,41.82277,0.0],[-71.437481,41.822729,0.0],[-71.437445,41.822766,0.0],[-71.437353,41.822918,0.0],[-71.437357,41.822988,0.0],[-71.437404,41.823075,0.0],[-71.437486,41.823122,0.0],[-71.437675,41.823141,0.0],[-71.437983,41.823139,0.0]]]}},{"type":"Feature","properties":{"ring":"x500","addr":"39 Tuxedo Ave","cls":"2 -5 Family","assessed":497600,"billed":6966,"accounts":1,"owner":"Rockingham Associates, LLC"},"geometry":{"type":"Polygon","coordinates":[[[-71.439008,41.823124,0.0],[-71.439333,41.823164,0.0],[-71.439356,41.823056,0.0],[-71.439031,41.823016,0.0],[-71.439008,41.823124,0.0]]]}},{"type":"Feature","properties":{"ring":"x500","addr":"38 Amherst St","cls":"2 -5 Family","assessed":466900,"billed":6537,"accounts":1,"owner":"private owner"},"geometry":{"type":"Polygon","coordinates":[[[-71.439333,41.823164,0.0],[-71.439514,41.823186,0.0],[-71.439537,41.823078,0.0],[-71.439356,41.823056,0.0],[-71.439333,41.823164,0.0]]]}},{"type":"Feature","properties":{"ring":"x500","addr":"229 Valley St","cls":"2 -5 Family","assessed":477900,"billed":6691,"accounts":1,"owner":"private owner"},"geometry":{"type":"Polygon","coordinates":[[[-71.439514,41.823186,0.0],[-71.439695,41.823208,0.0],[-71.439718,41.8231,0.0],[-71.439537,41.823078,0.0],[-71.439514,41.823186,0.0]]]}},{"type":"Feature","properties":{"ring":"inside","addr":"26 De Soto St","cls":"Industrial","assessed":228500,"billed":6672,"accounts":1,"owner":"Maldonado Properties LLC"},"geometry":{"type":"Polygon","coordinates":[[[-71.438444,41.82147,0.0],[-71.438783,41.821589,0.0],[-71.438799,41.821564,0.0],[-71.43885,41.82158,0.0],[-71.438911,41.821482,0.0],[-71.438522,41.821345,0.0],[-71.438444,41.82147,0.0]]]}},{"type":"Feature","properties":{"ring":"inside","addr":"42 De Soto St","cls":"2 -5 Family","assessed":476500,"billed":6671,"accounts":1,"owner":"private owner"},"geometry":{"type":"Polygon","coordinates":[[[-71.438099,41.822019,0.0],[-71.438357,41.822109,0.0],[-71.438418,41.822037,0.0],[-71.438148,41.821942,0.0],[-71.438099,41.822019,0.0]]]}},{"type":"Feature","properties":{"ring":"inside","addr":"45 Helme St","cls":"CI Vacant Land","assessed":88600,"billed":2587,"accounts":1,"owner":"166 Valley Street LLC"},"geometry":{"type":"Polygon","coordinates":[[[-71.43917,41.821394,0.0],[-71.439516,41.821425,0.0],[-71.43954,41.821289,0.0],[-71.439348,41.821272,0.0],[-71.439241,41.821234,0.0],[-71.43917,41.821394,0.0]]]}},{"type":"Feature","properties":{"ring":"inside","addr":"47 Helme St","cls":"CI Vacant Land","assessed":70500,"billed":2059,"accounts":1,"owner":"private owner"},"geometry":{"type":"Polygon","coordinates":[[[-71.439516,41.821425,0.0],[-71.439701,41.821442,0.0],[-71.439725,41.821305,0.0],[-71.43954,41.821289,0.0],[-71.439516,41.821425,0.0]]]}},{"type":"Feature","properties":{"ring":"inside","addr":"167 Valley St","cls":"Industrial","assessed":335300,"billed":9791,"accounts":1,"owner":"private owner"},"geometry":{"type":"Polygon","coordinates":[[[-71.439701,41.821442,0.0],[-71.440075,41.821476,0.0],[-71.440106,41.821338,0.0],[-71.439725,41.821305,0.0],[-71.439701,41.821442,0.0]]]}},{"type":"Feature","properties":{"ring":"inside","addr":"24 De Soto St","cls":"combo 5U","assessed":384300,"billed":8651,"accounts":1,"owner":"private owner"},"geometry":{"type":"Polygon","coordinates":[[[-71.438522,41.821345,0.0],[-71.438911,41.821482,0.0],[-71.438982,41.821386,0.0],[-71.438584,41.821246,0.0],[-71.438522,41.821345,0.0]]]}},{"type":"Feature","properties":{"ring":"riverine","addr":"195 Valley St","cls":"CI Vacant Land","assessed":18300,"billed":534,"accounts":1,"owner":"JR Auto Collison LLC"},"geometry":{"type":"Polygon","coordinates":[[[-71.439538,41.822353,0.0],[-71.439701,41.822441,0.0],[-71.439856,41.822476,0.0],[-71.439876,41.822384,0.0],[-71.439538,41.822353,0.0]]]}},{"type":"Feature","properties":{"ring":"inside","addr":"190-200 Valley St","cls":"Commercial II","assessed":977900,"billed":28555,"accounts":1,"owner":"Lemus Realty LLC"},"geometry":{"type":"Polygon","coordinates":[[[-71.440041,41.822478,0.0],[-71.441279,41.822548,0.0],[-71.441344,41.822538,0.0],[-71.441462,41.822492,0.0],[-71.441554,41.822411,0.0],[-71.441588,41.822347,0.0],[-71.441622,41.822172,0.0],[-71.440413,41.822021,0.0],[-71.440426,41.821964,0.0],[-71.440161,41.821934,0.0],[-71.440041,41.822478,0.0]]]}},{"type":"Feature","properties":{"ring":"riverine","addr":"60 Tuxedo Ave","cls":"combo 5U","assessed":587900,"billed":14128,"accounts":1,"owner":"private owner"},"geometry":{"type":"Polygon","coordinates":[[[-71.438982,41.822565,0.0],[-71.439452,41.822623,0.0],[-71.439494,41.822431,0.0],[-71.439327,41.822208,0.0],[-71.439266,41.82214,0.0],[-71.439228,41.822116,0.0],[-71.439067,41.822081,0.0],[-71.43872,41.822064,0.0],[-71.438609,41.822072,0.0],[-71.438527,41.822099,0.0],[-71.438466,41.822143,0.0],[-71.438389,41.822258,0.0],[-71.438674,41.822306,0.0],[-71.438626,41.822522,0.0],[-71.438656,41.822525,0.0],[-71.438644,41.82258,0.0],[-71.43897,41.822619,0.0],[-71.438982,41.822565,0.0]]]}},{"type":"Feature","properties":{"ring":"x500","addr":"55 Tuxedo Ave","cls":"2 -5 Family","assessed":539200,"billed":4071,"accounts":1,"owner":"private owner"},"geometry":{"type":"Polygon","coordinates":[[[-71.439103,41.822691,0.0],[-71.439428,41.822731,0.0],[-71.439452,41.822623,0.0],[-71.439127,41.822583,0.0],[-71.439103,41.822691,0.0]]]}},{"type":"Feature","properties":{"ring":"riverine","addr":"9 Addison Pl","cls":"Commercial II","assessed":268500,"billed":7840,"accounts":1,"owner":"private owner"},"geometry":{"type":"Polygon","coordinates":[[[-71.438259,41.82281,0.0],[-71.438585,41.82285,0.0],[-71.438656,41.822525,0.0],[-71.43833,41.822486,0.0],[-71.438259,41.82281,0.0]]]}},{"type":"Feature","properties":{"ring":"x500","addr":"217 Valley St","cls":"Commercial II","assessed":343200,"billed":10021,"accounts":1,"owner":"AAL Properties LLC"},"geometry":{"type":"Polygon","coordinates":[[[-71.439079,41.8228,0.0],[-71.439766,41.822884,0.0],[-71.43979,41.822775,0.0],[-71.439103,41.822691,0.0],[-71.439079,41.8228,0.0]]]}},{"type":"Feature","properties":{"ring":"riverine","addr":"14 Addison Pl","cls":"Commercial II","assessed":339900,"billed":9925,"accounts":1,"owner":"private owner"},"geometry":{"type":"Polygon","coordinates":[[[-71.437756,41.82286,0.0],[-71.437961,41.822884,0.0],[-71.43797,41.822853,0.0],[-71.438115,41.822872,0.0],[-71.438204,41.82247,0.0],[-71.438626,41.822522,0.0],[-71.438674,41.822306,0.0],[-71.438389,41.822258,0.0],[-71.438281,41.822382,0.0],[-71.438183,41.822444,0.0],[-71.438109,41.822471,0.0],[-71.437984,41.822487,0.0],[-71.437808,41.822486,0.0],[-71.437659,41.822581,0.0],[-71.437481,41.822729,0.0],[-71.437775,41.82277,0.0],[-71.437756,41.82286,0.0]]]}},{"type":"Feature","properties":{"ring":"x500","addr":"48 Tuxedo Ave","cls":"2 -5 Family","assessed":428600,"billed":6000,"accounts":1,"owner":"private owner"},"geometry":{"type":"Polygon","coordinates":[[[-71.438585,41.82285,0.0],[-71.438911,41.82289,0.0],[-71.438934,41.822782,0.0],[-71.438609,41.822742,0.0],[-71.438585,41.82285,0.0]]]}},{"type":"Feature","properties":{"ring":"x500","addr":"47 Tuxedo Ave","cls":"Industrial","assessed":159800,"billed":4666,"accounts":1,"owner":"private owner"},"geometry":{"type":"Polygon","coordinates":[[[-71.439055,41.822908,0.0],[-71.43938,41.822948,0.0],[-71.439404,41.822839,0.0],[-71.439079,41.8228,0.0],[-71.439055,41.822908,0.0]]]}},{"type":"Feature","properties":{"ring":"x500","addr":"221 Valley St","cls":"2 -5 Family","assessed":607700,"billed":4588,"accounts":1,"owner":"private owner"},"geometry":{"type":"Polygon","coordinates":[[[-71.43938,41.822948,0.0],[-71.439742,41.822992,0.0],[-71.439766,41.822884,0.0],[-71.439404,41.822839,0.0],[-71.43938,41.822948,0.0]]]}},{"type":"Feature","properties":{"ring":"x500","addr":"44 Tuxedo Ave","cls":"Residential Vacant Land","assessed":139300,"billed":2034,"accounts":1,"owner":"Faria Holdings LLC"},"geometry":{"type":"Polygon","coordinates":[[[-71.438561,41.822959,0.0],[-71.438887,41.822998,0.0],[-71.438911,41.82289,0.0],[-71.438585,41.82285,0.0],[-71.438561,41.822959,0.0]]]}},{"type":"Feature","properties":{"ring":"x500","addr":"43 Tuxedo Ave","cls":"2 -5 Family","assessed":417900,"billed":5851,"accounts":1,"owner":"Rockingham Associates, LLC"},"geometry":{"type":"Polygon","coordinates":[[[-71.439031,41.823016,0.0],[-71.439356,41.823056,0.0],[-71.43938,41.822948,0.0],[-71.439055,41.822908,0.0],[-71.439031,41.823016,0.0]]]}},{"type":"Feature","properties":{"ring":"inside","addr":"556 Atwells Ave","cls":"apt 11+","assessed":6363900,"billed":181371,"accounts":1,"owner":"556 Atwells LLC"},"geometry":{"type":"Polygon","coordinates":[[[-71.436087,41.824403,0.0],[-71.436406,41.823889,0.0],[-71.436034,41.82376,0.0],[-71.435634,41.824395,0.0],[-71.436087,41.824403,0.0]]]}},{"type":"Feature","properties":{"ring":"riverine","addr":"630 Atwells Ave","cls":"Municipal","assessed":1139300,"billed":0,"accounts":1,"owner":"Providence Public Bldg Authority"},"geometry":{"type":"Polygon","coordinates":[[[-71.437645,41.824185,0.0],[-71.437633,41.824433,0.0],[-71.438176,41.824443,0.0],[-71.438086,41.82419,0.0],[-71.437645,41.824185,0.0]]]}},{"type":"Feature","properties":{"ring":"riverine","addr":"0 Mashapaug St","cls":"Municipal","assessed":322200,"billed":0,"accounts":1,"owner":"City of Providence"},"geometry":{"type":"Polygon","coordinates":[[[-71.428904,41.798662,0.0],[-71.429021,41.798864,0.0],[-71.429163,41.799066,0.0],[-71.429326,41.79926,0.0],[-71.429508,41.799443,0.0],[-71.429709,41.799615,0.0],[-71.429928,41.799775,0.0],[-71.430162,41.799922,0.0],[-71.430414,41.800057,0.0],[-71.430503,41.799858,0.0],[-71.430349,41.799798,0.0],[-71.430276,41.799751,0.0],[-71.430188,41.799723,0.0],[-71.430072,41.799642,0.0],[-71.430011,41.799614,0.0],[-71.429917,41.799525,0.0],[-71.429781,41.799422,0.0],[-71.429785,41.799408,0.0],[-71.429757,41.799402,0.0],[-71.429694,41.799316,0.0],[-71.429617,41.799283,0.0],[-71.429545,41.799195,0.0],[-71.429493,41.799075,0.0],[-71.4295,41.798774,0.0],[-71.429555,41.798643,0.0],[-71.429643,41.798559,0.0],[-71.428904,41.798662,0.0]]]}},{"type":"Feature","properties":{"ring":"riverine","addr":"30 Reservoir Ave","cls":"Municipal","assessed":12300,"billed":0,"accounts":1,"owner":"City Of Providence"},"geometry":{"type":"Polygon","coordinates":[[[-71.433278,41.790379,0.0],[-71.433316,41.790381,0.0],[-71.43341,41.790322,0.0],[-71.433437,41.790266,0.0],[-71.433413,41.790216,0.0],[-71.4335,41.79019,0.0],[-71.433524,41.790156,0.0],[-71.433347,41.790139,0.0],[-71.433278,41.790379,0.0]]]}},{"type":"Feature","properties":{"ring":"coastal","addr":"200 Allens Ave","cls":"Commercial II","assessed":1716200,"billed":50113,"accounts":1,"owner":"200 Allens Ave LLC"},"geometry":{"type":"Polygon","coordinates":[[[-71.402778,41.808374,0.0],[-71.40351,41.808191,0.0],[-71.40336,41.80784,0.0],[-71.402596,41.808032,0.0],[-71.402661,41.80817,0.0],[-71.402689,41.808163,0.0],[-71.402778,41.808374,0.0]]]}},{"type":"Feature","properties":{"ring":"x500","addr":"12 Lehigh St","cls":"Industrial","assessed":528100,"billed":15421,"accounts":1,"owner":"12-14 LEHIGH STREET LLC"},"geometry":{"type":"Polygon","coordinates":[[[-71.402126,41.802016,0.0],[-71.402136,41.80229,0.0],[-71.402832,41.80228,0.0],[-71.402628,41.80213,0.0],[-71.402126,41.802016,0.0]]]}},{"type":"Feature","properties":{"ring":"coastal","addr":"520 Allens Ave","cls":"Commercial II","assessed":4120900,"billed":120330,"accounts":1,"owner":"Triton Terminaling LLC"},"geometry":{"type":"Polygon","coordinates":[[[-71.394929,41.802458,0.0],[-71.395634,41.803042,0.0],[-71.399561,41.801745,0.0],[-71.398818,41.801176,0.0],[-71.398615,41.801304,0.0],[-71.398323,41.801044,0.0],[-71.399923,41.800038,0.0],[-71.399546,41.799183,0.0],[-71.399228,41.799349,0.0],[-71.398949,41.799524,0.0],[-71.395018,41.802244,0.0],[-71.395117,41.802326,0.0],[-71.394929,41.802458,0.0]]]}},{"type":"Feature","properties":{"ring":"coastal","addr":"1 India St","cls":"CI Vacant Land","assessed":228300,"billed":6666,"accounts":1,"owner":"One India Street LLC"},"geometry":{"type":"Polygon","coordinates":[[[-71.399607,41.814591,0.0],[-71.400137,41.815207,0.0],[-71.400019,41.815275,0.0],[-71.400092,41.815363,0.0],[-71.399877,41.815559,0.0],[-71.400038,41.815703,0.0],[-71.400435,41.815499,0.0],[-71.400277,41.815297,0.0],[-71.399616,41.814582,0.0],[-71.399607,41.814591,0.0]]]}},{"type":"Feature","properties":{"ring":"x500","addr":"18 Warren Way","cls":"Charitable","assessed":229300,"billed":0,"accounts":1,"owner":"Providence Community Health Centers Inc"},"geometry":{"type":"Polygon","coordinates":[[[-71.402767,41.802547,0.0],[-71.402777,41.802906,0.0],[-71.402967,41.802891,0.0],[-71.40296,41.802544,0.0],[-71.402767,41.802547,0.0]]]}},{"type":"Feature","properties":{"ring":"riverine","addr":"214 West River","cls":"CI Vacant Land","assessed":813300,"billed":23748,"accounts":1,"owner":"EGMP 146-148 West River LLC"},"geometry":{"type":"Polygon","coordinates":[[[-71.413854,41.845157,0.0],[-71.41397,41.845145,0.0],[-71.414403,41.844986,0.0],[-71.414468,41.844921,0.0],[-71.414572,41.844724,0.0],[-71.414625,41.844679,0.0],[-71.414701,41.844651,0.0],[-71.414723,41.8446,0.0],[-71.414524,41.844565,0.0],[-71.414532,41.844532,0.0],[-71.413741,41.844394,0.0],[-71.4139,41.843924,0.0],[-71.413715,41.844054,0.0],[-71.413452,41.844167,0.0],[-71.413409,41.844211,0.0],[-71.413393,41.844264,0.0],[-71.413544,41.84483,0.0],[-71.413567,41.845091,0.0],[-71.413854,41.845157,0.0]]]}},{"type":"Feature","properties":{"ring":"inside","addr":"1 West Exchange","cls":"Commercial II","assessed":119201000,"billed":2509859,"accounts":63,"owner":"63 accounts"},"geometry":{"type":"Polygon","coordinates":[[[-71.416448,41.824947,0.0],[-71.415311,41.824971,0.0],[-71.415073,41.825052,0.0],[-71.415046,41.825076,0.0],[-71.415038,41.825103,0.0],[-71.415273,41.825494,0.0],[-71.416459,41.825482,0.0],[-71.416448,41.824947,0.0]]]}},{"type":"Feature","properties":{"ring":"inside","addr":"7 Point St","cls":"School","assessed":11610400,"billed":0,"accounts":1,"owner":"BROWN UNIVERSITY"},"geometry":{"type":"Polygon","coordinates":[[[-71.4058,41.817244,0.0],[-71.406069,41.817624,0.0],[-71.406448,41.817472,0.0],[-71.406178,41.817093,0.0],[-71.4058,41.817244,0.0]]]}},{"type":"Feature","properties":{"ring":"x500","addr":"125 Terminal Rd","cls":"Municipal","assessed":147200,"billed":0,"accounts":1,"owner":"CITY OF PROVIDENCE"},"geometry":{"type":"Polygon","coordinates":[[[-71.391349,41.796444,0.0],[-71.393934,41.79655,0.0],[-71.393996,41.796508,0.0],[-71.391353,41.796395,0.0],[-71.391349,41.796444,0.0]]]}},{"type":"Feature","properties":{"ring":"coastal","addr":"29 Terminal Road","cls":"Commercial II","assessed":3601100,"billed":105152,"accounts":1,"owner":"WT Terminal Providence LLC"},"geometry":{"type":"Polygon","coordinates":[[[-71.388708,41.797387,0.0],[-71.389657,41.798166,0.0],[-71.389738,41.79811,0.0],[-71.388789,41.797332,0.0],[-71.388708,41.797387,0.0]]]}},{"type":"Feature","properties":{"ring":"coastal","addr":"30 Fields Point Dr","cls":"Municipal","assessed":5662400,"billed":44311,"accounts":3,"owner":"3 accounts"},"geometry":{"type":"Polygon","coordinates":[[[-71.385741,41.788524,0.0],[-71.38512,41.788744,0.0],[-71.389042,41.791961,0.0],[-71.389651,41.791704,0.0],[-71.385741,41.788524,0.0]]]}},{"type":"Feature","properties":{"ring":"x500","addr":"91 New York Ave","cls":"Municipal","assessed":247800,"billed":0,"accounts":1,"owner":"private owner"},"geometry":{"type":"Polygon","coordinates":[[[-71.392946,41.790527,0.0],[-71.391903,41.790722,0.0],[-71.39225,41.791765,0.0],[-71.393293,41.791571,0.0],[-71.392946,41.790527,0.0]]]}},{"type":"Feature","properties":{"ring":"x500","addr":"55 Shipyard St","cls":"School","assessed":1744000,"billed":0,"accounts":1,"owner":"JOHNSON & WALES"},"geometry":{"type":"Polygon","coordinates":[[[-71.391231,41.790998,0.0],[-71.391531,41.7919,0.0],[-71.39225,41.791765,0.0],[-71.391903,41.790722,0.0],[-71.391923,41.790718,0.0],[-71.391915,41.790696,0.0],[-71.39182,41.790715,0.0],[-71.391872,41.790882,0.0],[-71.391231,41.790998,0.0]]]}},{"type":"Feature","properties":{"ring":"x500","addr":"1 Washington Ave","cls":"School","assessed":933100,"billed":0,"accounts":1,"owner":"JOHNSON & WALES"},"geometry":{"type":"Polygon","coordinates":[[[-71.391706,41.790111,0.0],[-71.391923,41.790718,0.0],[-71.392946,41.790527,0.0],[-71.392829,41.790173,0.0],[-71.392793,41.790179,0.0],[-71.392748,41.790044,0.0],[-71.392784,41.790037,0.0],[-71.392739,41.789904,0.0],[-71.39292,41.78987,0.0],[-71.392784,41.789746,0.0],[-71.392694,41.789618,0.0],[-71.39252,41.7891,0.0],[-71.392602,41.788767,0.0],[-71.391721,41.788942,0.0],[-71.392099,41.790037,0.0],[-71.391706,41.790111,0.0]]]}},{"type":"Feature","properties":{"ring":"coastal","addr":"81 Shipyard St","cls":"School","assessed":506300,"billed":0,"accounts":1,"owner":"JOHNSON & WALES"},"geometry":{"type":"Polygon","coordinates":[[[-71.391098,41.790617,0.0],[-71.391231,41.790998,0.0],[-71.391872,41.790882,0.0],[-71.39182,41.790715,0.0],[-71.391915,41.790696,0.0],[-71.391706,41.790111,0.0],[-71.390933,41.790257,0.0],[-71.391098,41.790617,0.0]]]}},{"type":"Feature","properties":{"ring":"coastal","addr":"18 Harborside Blvd","cls":"CI Vacant Land","assessed":2810700,"billed":82072,"accounts":1,"owner":"Wind Cable Services USA Inc"},"geometry":{"type":"Polygon","coordinates":[[[-71.382405,41.790614,0.0],[-71.383096,41.791182,0.0],[-71.384796,41.790022,0.0],[-71.384105,41.789454,0.0],[-71.382405,41.790614,0.0]]]}},{"type":"Feature","properties":{"ring":"x500","addr":"65 Ashburton St","cls":"Industrial","assessed":598400,"billed":17473,"accounts":1,"owner":"Miguel Roca Management Co LLC"},"geometry":{"type":"Polygon","coordinates":[[[-71.415011,41.837877,0.0],[-71.415135,41.837978,0.0],[-71.415347,41.837835,0.0],[-71.415221,41.837735,0.0],[-71.415011,41.837877,0.0]]]}},{"type":"Feature","properties":{"ring":"inside","addr":"65 Eddy St","cls":"Miscellaneous","assessed":27879600,"billed":276302,"accounts":1,"owner":"Peerless Lofts LLC"},"geometry":{"type":"Polygon","coordinates":[[[-71.412718,41.823402,0.0],[-71.412932,41.823571,0.0],[-71.413413,41.823218,0.0],[-71.412902,41.822817,0.0],[-71.412514,41.823099,0.0],[-71.412816,41.823331,0.0],[-71.412718,41.823402,0.0]]]}},{"type":"Feature","properties":{"ring":"inside","addr":"217 Westminster St","cls":"School","assessed":1324400,"billed":18008,"accounts":2,"owner":"217 Westminster Street LLC"},"geometry":{"type":"Polygon","coordinates":[[[-71.412416,41.82317,0.0],[-71.412718,41.823402,0.0],[-71.412816,41.823331,0.0],[-71.412514,41.823099,0.0],[-71.412416,41.82317,0.0]]]}},{"type":"Feature","properties":{"ring":"inside","addr":"81 Dyer St","cls":"CI Vacant Land","assessed":829300,"billed":24216,"accounts":1,"owner":"LMH Rose LLC"},"geometry":{"type":"Polygon","coordinates":[[[-71.40849,41.823951,0.0],[-71.408509,41.824184,0.0],[-71.408776,41.824204,0.0],[-71.408789,41.824105,0.0],[-71.408771,41.824104,0.0],[-71.408796,41.823914,0.0],[-71.408652,41.823907,0.0],[-71.408535,41.82393,0.0],[-71.40849,41.823951,0.0]]]}},{"type":"Feature","properties":{"ring":"inside","addr":"167R Weybosset St","cls":"Commercial II","assessed":2504600,"billed":73134,"accounts":1,"owner":"Technology & Design Buildings LLC"},"geometry":{"type":"Polygon","coordinates":[[[-71.411939,41.822583,0.0],[-71.412173,41.822728,0.0],[-71.412297,41.822618,0.0],[-71.412133,41.822517,0.0],[-71.412151,41.8225,0.0],[-71.412086,41.82246,0.0],[-71.411939,41.822583,0.0]]]}},{"type":"Feature","properties":{"ring":"x500","addr":"640 Allens Ave","cls":"Utility","assessed":10204200,"billed":297963,"accounts":1,"owner":"Narragansett Electric Co"},"geometry":{"type":"Polygon","coordinates":[[[-71.396143,41.796115,0.0],[-71.395533,41.798805,0.0],[-71.396866,41.797894,0.0],[-71.398727,41.797322,0.0],[-71.398193,41.796109,0.0],[-71.398075,41.795754,0.0],[-71.396143,41.796115,0.0]]]}},{"type":"Feature","properties":{"ring":"x500","addr":"489 Allens Ave","cls":"Commercial II","assessed":328200,"billed":9583,"accounts":1,"owner":"private owner"},"geometry":{"type":"Polygon","coordinates":[[[-71.400284,41.800156,0.0],[-71.40052,41.80069,0.0],[-71.400549,41.80056,0.0],[-71.400606,41.800412,0.0],[-71.400944,41.799706,0.0],[-71.400698,41.799886,0.0],[-71.400284,41.800156,0.0]]]}},{"type":"Feature","properties":{"ring":"x500","addr":"71 New York Ave","cls":"Industrial","assessed":924700,"billed":27001,"accounts":1,"owner":"SBJ Resch Family Partnership Ltd"},"geometry":{"type":"Polygon","coordinates":[[[-71.391104,41.7913,0.0],[-71.390425,41.791429,0.0],[-71.390637,41.792066,0.0],[-71.391317,41.791939,0.0],[-71.391104,41.7913,0.0]]]}},{"type":"Feature","properties":{"ring":"x500","addr":"700 Allens Ave","cls":"Municipal","assessed":1288900,"billed":0,"accounts":1,"owner":"CITY OF PROVIDENCE"},"geometry":{"type":"Polygon","coordinates":[[[-71.396198,41.795874,0.0],[-71.396143,41.796115,0.0],[-71.398075,41.795754,0.0],[-71.397801,41.794928,0.0],[-71.397172,41.794901,0.0],[-71.397248,41.795129,0.0],[-71.397309,41.795117,0.0],[-71.397342,41.795216,0.0],[-71.397506,41.795186,0.0],[-71.397645,41.795602,0.0],[-71.396198,41.795874,0.0]]]}},{"type":"Feature","properties":{"ring":"coastal","addr":"288 Allens Ave","cls":"State","assessed":3540200,"billed":0,"accounts":1,"owner":"State of Rhode Island DOT"},"geometry":{"type":"Polygon","coordinates":[[[-71.397362,41.805573,0.0],[-71.397781,41.806281,0.0],[-71.402072,41.804898,0.0],[-71.401743,41.804153,0.0],[-71.397362,41.805573,0.0]]]}},{"type":"Feature","properties":{"ring":"x500","addr":"103 Public St","cls":"CI Vacant Land","assessed":320600,"billed":9362,"accounts":1,"owner":"NARRAGANSETT IMPROVEMENT CO"},"geometry":{"type":"Polygon","coordinates":[[[-71.403902,41.808238,0.0],[-71.40386,41.808287,0.0],[-71.404021,41.808671,0.0],[-71.404227,41.808707,0.0],[-71.404308,41.808453,0.0],[-71.404187,41.808167,0.0],[-71.403902,41.808238,0.0]]]}},{"type":"Feature","properties":{"ring":"inside","addr":"10 Weybosset St","cls":"Commercial II","assessed":8777500,"billed":256303,"accounts":1,"owner":"10 Weybosset Street LLC"},"geometry":{"type":"Polygon","coordinates":[[[-71.40874,41.824695,0.0],[-71.409608,41.824766,0.0],[-71.4096,41.824546,0.0],[-71.408624,41.824475,0.0],[-71.40874,41.824695,0.0]]]}},{"type":"Feature","properties":{"ring":"inside","addr":"30 Allens Ave","cls":"Utility","assessed":111500,"billed":3256,"accounts":1,"owner":"NCWPCS Tower Newco LLC"},"geometry":{"type":"Polygon","coordinates":[[[-71.405792,41.813844,0.0],[-71.405804,41.814013,0.0],[-71.40584,41.814012,0.0],[-71.405828,41.813843,0.0],[-71.405792,41.813844,0.0]]]}},{"type":"Feature","properties":{"ring":"inside","addr":"73 Mathewson St","cls":"CI Vacant Land","assessed":23600,"billed":689,"accounts":1,"owner":"Cosmopolitan Homeowners Assoc"},"geometry":{"type":"Polygon","coordinates":[[[-71.415564,41.82311,0.0],[-71.415883,41.823352,0.0],[-71.415891,41.823343,0.0],[-71.415575,41.823102,0.0],[-71.415564,41.82311,0.0]]]}},{"type":"Feature","properties":{"ring":"inside","addr":"167 Weybosset St","cls":"Commercial II","assessed":2156300,"billed":62964,"accounts":1,"owner":"Technology & Design Buildings LLC"},"geometry":{"type":"Polygon","coordinates":[[[-71.411759,41.822472,0.0],[-71.411939,41.822583,0.0],[-71.412086,41.82246,0.0],[-71.411898,41.822345,0.0],[-71.411759,41.822472,0.0]]]}},{"type":"Feature","properties":{"ring":"inside","addr":"445 Richmond St","cls":"Hospital","assessed":412300,"billed":0,"accounts":1,"owner":"RI HOSPITAL"},"geometry":{"type":"Polygon","coordinates":[[[-71.406731,41.81567,0.0],[-71.406732,41.815705,0.0],[-71.406833,41.815848,0.0],[-71.406979,41.815789,0.0],[-71.406858,41.815619,0.0],[-71.406731,41.81567,0.0]]]}},{"type":"Feature","properties":{"ring":"inside","addr":"394 Valley St","cls":"CI Vacant Land","assessed":41400,"billed":1209,"accounts":1,"owner":"Ardente Realty Co Inc"},"geometry":{"type":"Polygon","coordinates":[[[-71.436543,41.827459,0.0],[-71.436744,41.827718,0.0],[-71.43689,41.827659,0.0],[-71.436688,41.827396,0.0],[-71.436543,41.827459,0.0]]]}},{"type":"Feature","properties":{"ring":"inside","addr":"112 Orange St","cls":"Commercial II","assessed":611400,"billed":17853,"accounts":1,"owner":"One Ship Street LLC"},"geometry":{"type":"Polygon","coordinates":[[[-71.409133,41.822706,0.0],[-71.409249,41.822774,0.0],[-71.409335,41.822686,0.0],[-71.409219,41.822617,0.0],[-71.409133,41.822706,0.0]]]}},{"type":"Feature","properties":{"ring":"inside","addr":"139 Dyer St","cls":"CI Vacant Land","assessed":403600,"billed":11785,"accounts":1,"owner":"10 Weybosset Street LLC"},"geometry":{"type":"Polygon","coordinates":[[[-71.40839,41.822721,0.0],[-71.408573,41.822838,0.0],[-71.40867,41.822739,0.0],[-71.408378,41.822575,0.0],[-71.40839,41.822721,0.0]]]}},{"type":"Feature","properties":{"ring":"inside","addr":"65 Weybosset St Apt 219","cls":"Residential Condo","assessed":13584900,"billed":221324,"accounts":94,"owner":"94 accounts"},"geometry":{"type":"Polygon","coordinates":[[[-71.4102,41.824004,0.0],[-71.410334,41.824098,0.0],[-71.410401,41.824051,0.0],[-71.410666,41.824252,0.0],[-71.410876,41.8241,0.0],[-71.410577,41.823873,0.0],[-71.410647,41.823823,0.0],[-71.410471,41.823695,0.0],[-71.410406,41.823744,0.0],[-71.410296,41.823661,0.0],[-71.410081,41.823818,0.0],[-71.410265,41.823958,0.0],[-71.4102,41.824004,0.0]]]}},{"type":"Feature","properties":{"ring":"inside","addr":"1000 Providence Pl","cls":"Residential Condo","assessed":125440400,"billed":1405244,"accounts":503,"owner":"503 accounts"},"geometry":{"type":"Polygon","coordinates":[[[-71.420835,41.82823,0.0],[-71.422468,41.828528,0.0],[-71.422889,41.827844,0.0],[-71.422846,41.82783,0.0],[-71.42309,41.827488,0.0],[-71.423068,41.827254,0.0],[-71.42288,41.827549,0.0],[-71.422627,41.827454,0.0],[-71.422593,41.827332,0.0],[-71.420387,41.827697,0.0],[-71.420352,41.828097,0.0],[-71.420835,41.82823,0.0]]]}},{"type":"Feature","properties":{"ring":"inside","addr":"56 Exchange Ter","cls":"Commercial II","assessed":3989400,"billed":116490,"accounts":1,"owner":"Fifty Six Exchange Terrace Associates Lp"},"geometry":{"type":"Polygon","coordinates":[[[-71.411789,41.826187,0.0],[-71.411932,41.826401,0.0],[-71.412374,41.826248,0.0],[-71.412236,41.826021,0.0],[-71.411789,41.826187,0.0]]]}},{"type":"Feature","properties":{"ring":"riverine","addr":"12 Memorial Blvd","cls":"Municipal","assessed":16559100,"billed":0,"accounts":1,"owner":"City Of Providence"},"geometry":{"type":"Polygon","coordinates":[[[-71.414091,41.827198,0.0],[-71.415298,41.827317,0.0],[-71.415335,41.827054,0.0],[-71.414358,41.826956,0.0],[-71.414355,41.826909,0.0],[-71.414384,41.8269,0.0],[-71.414393,41.826852,0.0],[-71.414419,41.826852,0.0],[-71.414408,41.826772,0.0],[-71.414359,41.826682,0.0],[-71.414285,41.826611,0.0],[-71.414202,41.82656,0.0],[-71.4141,41.826527,0.0],[-71.413993,41.826514,0.0],[-71.413875,41.826524,0.0],[-71.413899,41.826559,0.0],[-71.413815,41.826595,0.0],[-71.413742,41.826611,0.0],[-71.413721,41.826574,0.0],[-71.412717,41.826916,0.0],[-71.412336,41.827006,0.0],[-71.412475,41.827203,0.0],[-71.412948,41.827068,0.0],[-71.413523,41.826865,0.0],[-71.413568,41.82691,0.0],[-71.413572,41.826958,0.0],[-71.413603,41.827007,0.0],[-71.413706,41.827095,0.0],[-71.413841,41.827153,0.0],[-71.413905,41.827143,0.0],[-71.414036,41.827158,0.0],[-71.414075,41.827151,0.0],[-71.414091,41.827198,0.0]]]}},{"type":"Feature","properties":{"ring":"inside","addr":"204 Kinsley Ave","cls":"Industrial","assessed":4944200,"billed":144371,"accounts":1,"owner":"private owner"},"geometry":{"type":"Polygon","coordinates":[[[-71.422879,41.828602,0.0],[-71.424566,41.82891,0.0],[-71.424589,41.82884,0.0],[-71.42514,41.828578,0.0],[-71.42546,41.828247,0.0],[-71.425398,41.827746,0.0],[-71.425529,41.827579,0.0],[-71.425851,41.827505,0.0],[-71.425746,41.826979,0.0],[-71.42576,41.826941,0.0],[-71.425802,41.826913,0.0],[-71.425756,41.826814,0.0],[-71.424574,41.827007,0.0],[-71.424619,41.827167,0.0],[-71.424441,41.827451,0.0],[-71.424136,41.827476,0.0],[-71.42384,41.827537,0.0],[-71.423689,41.827587,0.0],[-71.423455,41.827746,0.0],[-71.423423,41.827735,0.0],[-71.422879,41.828602,0.0]]]}},{"type":"Feature","properties":{"ring":"inside","addr":"23 Gennaro Pl","cls":"CI Vacant Land","assessed":91800,"billed":2681,"accounts":1,"owner":"166 Valley Street LLC"},"geometry":{"type":"Polygon","coordinates":[[[-71.439062,41.82164,0.0],[-71.439277,41.821684,0.0],[-71.439337,41.821409,0.0],[-71.43917,41.821394,0.0],[-71.439062,41.82164,0.0]]]}},{"type":"Feature","properties":{"ring":"riverine","addr":"203 Valley St","cls":"CI Vacant Land","assessed":137400,"billed":4012,"accounts":1,"owner":"private owner"},"geometry":{"type":"Polygon","coordinates":[[[-71.439452,41.822623,0.0],[-71.439814,41.822667,0.0],[-71.43983,41.822592,0.0],[-71.439494,41.822431,0.0],[-71.439452,41.822623,0.0]]]}},{"type":"Feature","properties":{"ring":"coastal","addr":"5 Harborside Blvd","cls":"Industrial","assessed":7692400,"billed":224618,"accounts":1,"owner":"UNIVAR USA INC"},"geometry":{"type":"Polygon","coordinates":[[[-71.38137,41.789922,0.0],[-71.382226,41.790625,0.0],[-71.384925,41.788783,0.0],[-71.384068,41.78808,0.0],[-71.38137,41.789922,0.0]]]}},{"type":"Feature","properties":{"ring":"x500","addr":"655 Allens Ave","cls":"CI Vacant Land","assessed":7205700,"billed":210406,"accounts":1,"owner":"Triton Terminaling LLC"},"geometry":{"type":"Polygon","coordinates":[[[-71.398475,41.796048,0.0],[-71.399709,41.798852,0.0],[-71.402558,41.797375,0.0],[-71.401863,41.796518,0.0],[-71.402271,41.796333,0.0],[-71.401756,41.795097,0.0],[-71.398107,41.794941,0.0],[-71.398475,41.796048,0.0]]]}},{"type":"Feature","properties":{"ring":"coastal","addr":"460 Allens Ave","cls":"Commercial II","assessed":649200,"billed":18957,"accounts":1,"owner":"Chenrican Realty LLC"},"geometry":{"type":"Polygon","coordinates":[[[-71.400034,41.800882,0.0],[-71.400171,41.801145,0.0],[-71.400459,41.801249,0.0],[-71.400154,41.800559,0.0],[-71.400034,41.800882,0.0]]]}},{"type":"Feature","properties":{"ring":"inside","addr":"555 South Water St","cls":"Residential Condo","assessed":35784400,"billed":477296,"accounts":127,"owner":"127 accounts"},"geometry":{"type":"Polygon","coordinates":[[[-71.401445,41.818305,0.0],[-71.401613,41.818352,0.0],[-71.401751,41.818236,0.0],[-71.401784,41.818259,0.0],[-71.402129,41.818173,0.0],[-71.402035,41.817957,0.0],[-71.401264,41.817098,0.0],[-71.400646,41.817407,0.0],[-71.401445,41.818305,0.0]]]}},{"type":"Feature","properties":{"ring":"riverine","addr":"120 Ashburton St","cls":"Amtrak NRR","assessed":967300,"billed":0,"accounts":1,"owner":"Penn Central Transportation Co"},"geometry":{"type":"Polygon","coordinates":[[[-71.415918,41.838095,0.0],[-71.416154,41.838494,0.0],[-71.41637,41.838475,0.0],[-71.415967,41.83781,0.0],[-71.415646,41.837331,0.0],[-71.41553,41.837346,0.0],[-71.4156,41.83743,0.0],[-71.415515,41.837459,0.0],[-71.415918,41.838095,0.0]]]}},{"type":"Feature","properties":{"ring":"coastal","addr":"386 Allens Ave","cls":"CI Vacant Land","assessed":370600,"billed":10822,"accounts":1,"owner":"City Of East Providence"},"geometry":{"type":"Polygon","coordinates":[[[-71.396429,41.804001,0.0],[-71.396522,41.804157,0.0],[-71.399224,41.803332,0.0],[-71.399156,41.803219,0.0],[-71.401053,41.802593,0.0],[-71.401024,41.802527,0.0],[-71.39934,41.803083,0.0],[-71.399308,41.803035,0.0],[-71.396429,41.804001,0.0]]]}},{"type":"Feature","properties":{"ring":"inside","addr":"182 Mathewson St","cls":"Commercial II","assessed":974900,"billed":28467,"accounts":1,"owner":"Parks Realty Investments Co Llc"},"geometry":{"type":"Polygon","coordinates":[[[-71.412693,41.821822,0.0],[-71.412904,41.821953,0.0],[-71.413056,41.821832,0.0],[-71.412887,41.821704,0.0],[-71.412747,41.821832,0.0],[-71.412708,41.821808,0.0],[-71.412693,41.821822,0.0]]]}},{"type":"Feature","properties":{"ring":"inside","addr":"198 Dyer St","cls":"School","assessed":21657700,"billed":271005,"accounts":2,"owner":"BROWN UNIVERSITY"},"geometry":{"type":"Polygon","coordinates":[[[-71.40724,41.821857,0.0],[-71.408129,41.82236,0.0],[-71.408041,41.821467,0.0],[-71.408141,41.821462,0.0],[-71.408148,41.821448,0.0],[-71.40812,41.821192,0.0],[-71.407605,41.820857,0.0],[-71.407178,41.821244,0.0],[-71.407206,41.821345,0.0],[-71.407374,41.821443,0.0],[-71.407222,41.821588,0.0],[-71.40724,41.821857,0.0]]]}},{"type":"Feature","properties":{"ring":"inside","addr":"194 Richmond St","cls":"Commercial II","assessed":2141000,"billed":62517,"accounts":1,"owner":"BROWN UNIVERSITY"},"geometry":{"type":"Polygon","coordinates":[[[-71.40891,41.819391,0.0],[-71.409034,41.819709,0.0],[-71.409378,41.819379,0.0],[-71.409211,41.819289,0.0],[-71.409129,41.819349,0.0],[-71.40891,41.819391,0.0]]]}},{"type":"Feature","properties":{"ring":"inside","addr":"150 Dorrance St","cls":"CI Vacant Land","assessed":557700,"billed":16285,"accounts":1,"owner":"10 Weybosset Street LLC"},"geometry":{"type":"Polygon","coordinates":[[[-71.408811,41.822236,0.0],[-71.408927,41.822305,0.0],[-71.409213,41.822005,0.0],[-71.4091,41.821934,0.0],[-71.408811,41.822236,0.0]]]}},{"type":"Feature","properties":{"ring":"inside","addr":"49 Dyer St","cls":"CI Vacant Land","assessed":475700,"billed":13890,"accounts":1,"owner":"10 Weybosset Street LLC"},"geometry":{"type":"Polygon","coordinates":[[[-71.408611,41.824447,0.0],[-71.408792,41.82446,0.0],[-71.408815,41.824289,0.0],[-71.408541,41.824269,0.0],[-71.408611,41.824447,0.0]]]}},{"type":"Feature","properties":{"ring":"inside","addr":"PR 027-0036-0000"},"geometry":{"type":"Polygon","coordinates":[[[-71.426865,41.827342,0.0],[-71.427367,41.828618,0.0],[-71.427783,41.828533,0.0],[-71.427258,41.82725,0.0],[-71.426865,41.827342,0.0]]]}},{"type":"Feature","properties":{"ring":"inside","addr":"5 Moshassuck Ct","cls":"CI Vacant Land","assessed":2197000,"billed":64152,"accounts":1,"owner":"Capital Properties Inc"},"geometry":{"type":"Polygon","coordinates":[[[-71.411227,41.827533,0.0],[-71.411281,41.827561,0.0],[-71.411318,41.827601,0.0],[-71.411342,41.827714,0.0],[-71.411593,41.82789,0.0],[-71.41229,41.827331,0.0],[-71.412221,41.827231,0.0],[-71.411827,41.827264,0.0],[-71.411522,41.827263,0.0],[-71.411227,41.827533,0.0]]]}},{"type":"Feature","properties":{"ring":"riverine","addr":"85 Whipple St","cls":"Commercial II","assessed":1633200,"billed":47689,"accounts":1,"owner":"Admiral Associates"},"geometry":{"type":"Polygon","coordinates":[[[-71.419122,41.839025,0.0],[-71.419779,41.83926,0.0],[-71.420076,41.838783,0.0],[-71.419438,41.838526,0.0],[-71.419122,41.839025,0.0]]]}},{"type":"Feature","properties":{"ring":"inside","addr":"25 Sonoma Ct","cls":"Industrial","assessed":705200,"billed":20592,"accounts":1,"owner":"SV German LLC"},"geometry":{"type":"Polygon","coordinates":[[[-71.441647,41.820484,0.0],[-71.442024,41.820484,0.0],[-71.441824,41.819807,0.0],[-71.441512,41.819878,0.0],[-71.441647,41.820484,0.0]]]}},{"type":"Feature","properties":{"ring":"inside","addr":"46 Helme St","cls":"combo 5U","assessed":291800,"billed":6303,"accounts":1,"owner":"private owner"},"geometry":{"type":"Polygon","coordinates":[[[-71.439359,41.821154,0.0],[-71.439764,41.821198,0.0],[-71.439791,41.821048,0.0],[-71.439416,41.821015,0.0],[-71.439359,41.821154,0.0]]]}},{"type":"Feature","properties":{"ring":"inside","addr":"19 South Main","cls":"State","assessed":1203700,"billed":0,"accounts":1,"owner":"State of Rhode Island"},"geometry":{"type":"Polygon","coordinates":[[[-71.407351,41.82485,0.0],[-71.407565,41.825154,0.0],[-71.407942,41.824999,0.0],[-71.407749,41.824706,0.0],[-71.407351,41.82485,0.0]]]}},{"type":"Feature","properties":{"ring":"riverine","addr":"40 Crescent St","cls":"Residential Vacant Land","assessed":88500,"billed":1292,"accounts":1,"owner":"private owner"},"geometry":{"type":"Polygon","coordinates":[[[-71.43009,41.791937,0.0],[-71.430121,41.791994,0.0],[-71.430325,41.791839,0.0],[-71.43022,41.79171,0.0],[-71.43009,41.791937,0.0]]]}},{"type":"Feature","properties":{"ring":"coastal","addr":"338 Allens Ave","cls":"Industrial","assessed":6406900,"billed":187081,"accounts":1,"owner":"338 Allens Avenue LLC"},"geometry":{"type":"Polygon","coordinates":[[[-71.396522,41.804157,0.0],[-71.397362,41.805573,0.0],[-71.401743,41.804153,0.0],[-71.401053,41.802593,0.0],[-71.399156,41.803219,0.0],[-71.399224,41.803332,0.0],[-71.396522,41.804157,0.0]]]}},{"type":"Feature","properties":{"ring":"inside","addr":"15 Westminster St Unit 1","cls":"School","assessed":18824500,"billed":0,"accounts":1,"owner":"private owner"},"geometry":{"type":"Polygon","coordinates":[[[-71.409161,41.825538,0.0],[-71.409654,41.825926,0.0],[-71.409775,41.825839,0.0],[-71.409526,41.825655,0.0],[-71.409664,41.825556,0.0],[-71.409913,41.82574,0.0],[-71.410106,41.825602,0.0],[-71.409607,41.825214,0.0],[-71.409161,41.825538,0.0]]]}},{"type":"Feature","properties":{"ring":"inside","addr":"123-135 Dyer St","cls":"Commercial Condo","assessed":3362000,"billed":98170,"accounts":11,"owner":"11 accounts"},"geometry":{"type":"Polygon","coordinates":[[[-71.408449,41.82344,0.0],[-71.408667,41.823515,0.0],[-71.408863,41.823309,0.0],[-71.408463,41.823097,0.0],[-71.408423,41.823121,0.0],[-71.408449,41.82344,0.0]]]}},{"type":"Feature","properties":{"ring":"inside","addr":"94 Washington St","cls":"combo 5U","assessed":786400,"billed":14954,"accounts":1,"owner":"100 Washington Street LLC"},"geometry":{"type":"Polygon","coordinates":[[[-71.414305,41.823238,0.0],[-71.414337,41.823263,0.0],[-71.414648,41.82304,0.0],[-71.414616,41.823015,0.0],[-71.414305,41.823238,0.0]]]}},{"type":"Feature","properties":{"ring":"riverine","addr":"41 Clarkson St","cls":"Industrial","assessed":1212000,"billed":35390,"accounts":1,"owner":"Rockfish Properties LLC"},"geometry":{"type":"Polygon","coordinates":[[[-71.419809,41.843633,0.0],[-71.420163,41.84431,0.0],[-71.420382,41.844531,0.0],[-71.420724,41.844311,0.0],[-71.420692,41.844109,0.0],[-71.420596,41.844026,0.0],[-71.42068,41.843972,0.0],[-71.420639,41.84346,0.0],[-71.420399,41.843252,0.0],[-71.419809,41.843633,0.0]]]}},{"type":"Feature","properties":{"ring":"inside","addr":"709 Harris Ave","cls":"Commercial II","assessed":1440100,"billed":42051,"accounts":1,"owner":"Sweet L Lumber Co Inc"},"geometry":{"type":"Polygon","coordinates":[[[-71.439488,41.818875,0.0],[-71.44011,41.81892,0.0],[-71.440151,41.818675,0.0],[-71.440554,41.818699,0.0],[-71.440628,41.818261,0.0],[-71.440719,41.817903,0.0],[-71.440358,41.81787,0.0],[-71.440327,41.817939,0.0],[-71.439988,41.817797,0.0],[-71.43962,41.818292,0.0],[-71.440085,41.818481,0.0],[-71.439987,41.818613,0.0],[-71.439873,41.818568,0.0],[-71.439789,41.818687,0.0],[-71.439759,41.81881,0.0],[-71.439693,41.818804,0.0],[-71.439345,41.818661,0.0],[-71.439257,41.818779,0.0],[-71.439488,41.818875,0.0]]]}},{"type":"Feature","properties":{"ring":"inside","addr":"129 Canal St","cls":"CI Vacant Land","assessed":1576900,"billed":46045,"accounts":1,"owner":"Capital Properties Inc"},"geometry":{"type":"Polygon","coordinates":[[[-71.409193,41.827525,0.0],[-71.40937,41.827824,0.0],[-71.410084,41.827623,0.0],[-71.409957,41.82743,0.0],[-71.409516,41.82757,0.0],[-71.409434,41.827446,0.0],[-71.409193,41.827525,0.0]]]}},{"type":"Feature","properties":{"ring":"x500","addr":"51 Shipyard St","cls":"CI Vacant Land","assessed":1857700,"billed":54245,"accounts":1,"owner":"International Salt Co LLC"},"geometry":{"type":"Polygon","coordinates":[[[-71.391584,41.792057,0.0],[-71.391622,41.792192,0.0],[-71.391681,41.79232,0.0],[-71.391771,41.792438,0.0],[-71.393148,41.793905,0.0],[-71.392479,41.791891,0.0],[-71.391584,41.792057,0.0]]]}},{"type":"Feature","properties":{"ring":"inside","addr":"87 Fremont St","cls":"Municipal","assessed":923500,"billed":0,"accounts":1,"owner":"City of Providence"},"geometry":{"type":"Polygon","coordinates":[[[-71.389042,41.821967,0.0],[-71.389059,41.82252,0.0],[-71.389436,41.822488,0.0],[-71.389354,41.821941,0.0],[-71.389042,41.821967,0.0]]]}},{"type":"Feature","properties":{"ring":"coastal","addr":"610 Allens Ave","cls":"Commercial II","assessed":7649300,"billed":223360,"accounts":1,"owner":"Triton Terminaling LLC"},"geometry":{"type":"Polygon","coordinates":[[[-71.395332,41.798942,0.0],[-71.396341,41.79975,0.0],[-71.397124,41.799215,0.0],[-71.39927,41.798556,0.0],[-71.398727,41.797322,0.0],[-71.396866,41.797894,0.0],[-71.395332,41.798942,0.0]]]}},{"type":"Feature","properties":{"ring":"x500","addr":"480 Allens Ave","cls":"CI Vacant Land","assessed":523600,"billed":15289,"accounts":1,"owner":"Triton Terminaling LLC"},"geometry":{"type":"Polygon","coordinates":[[[-71.399709,41.798852,0.0],[-71.39977,41.798991,0.0],[-71.403227,41.797199,0.0],[-71.403169,41.797059,0.0],[-71.399709,41.798852,0.0]]]}},{"type":"Feature","properties":{"ring":"coastal","addr":"PR 056-0329-0000"},"geometry":{"type":"Polygon","coordinates":[[[-71.390516,41.792089,0.0],[-71.390637,41.792066,0.0],[-71.390425,41.791429,0.0],[-71.391105,41.7913,0.0],[-71.391073,41.791206,0.0],[-71.390387,41.791334,0.0],[-71.390266,41.791291,0.0],[-71.390263,41.791174,0.0],[-71.390099,41.791123,0.0],[-71.389716,41.791751,0.0],[-71.38993,41.791925,0.0],[-71.390245,41.791862,0.0],[-71.390516,41.792089,0.0]],[[-71.390207,41.791414,0.0],[-71.390131,41.79154,0.0],[-71.389969,41.791486,0.0],[-71.390044,41.791361,0.0],[-71.390207,41.791414,0.0]]]}},{"type":"Feature","properties":{"ring":"x500","addr":"1116 Eddy St","cls":"Industrial","assessed":3407800,"billed":99508,"accounts":1,"owner":"Triton Terminaling LLC"},"geometry":{"type":"Polygon","coordinates":[[[-71.401863,41.796518,0.0],[-71.402558,41.797375,0.0],[-71.403169,41.797059,0.0],[-71.403227,41.797199,0.0],[-71.404765,41.796401,0.0],[-71.404436,41.795212,0.0],[-71.401756,41.795097,0.0],[-71.402271,41.796333,0.0],[-71.401863,41.796518,0.0]]]}},{"type":"Feature","properties":{"ring":"coastal","addr":"570 Allens Ave","cls":"CI Vacant Land","assessed":2883700,"billed":84204,"accounts":1,"owner":"Triton Terminaling LLC"},"geometry":{"type":"Polygon","coordinates":[[[-71.393708,41.801446,0.0],[-71.394487,41.802092,0.0],[-71.397221,41.800265,0.0],[-71.397448,41.800476,0.0],[-71.398982,41.799429,0.0],[-71.399253,41.799266,0.0],[-71.399522,41.799129,0.0],[-71.39927,41.798556,0.0],[-71.397124,41.799215,0.0],[-71.396341,41.79975,0.0],[-71.396266,41.79969,0.0],[-71.393708,41.801446,0.0]]]}},{"type":"Feature","properties":{"ring":"x500","addr":"15 Thurbers Ave","cls":"Commercial II","assessed":819400,"billed":23926,"accounts":1,"owner":"Castle Properties LLC"},"geometry":{"type":"Polygon","coordinates":[[[-71.40148,41.801153,0.0],[-71.400951,41.801438,0.0],[-71.401839,41.801526,0.0],[-71.40148,41.801153,0.0]]]}},{"type":"Feature","properties":{"ring":"coastal","addr":"544 Allens Ave","cls":"CI Vacant Land","assessed":239200,"billed":6985,"accounts":1,"owner":"Triton Terminaling LLC"},"geometry":{"type":"Polygon","coordinates":[[[-71.394487,41.802092,0.0],[-71.394929,41.802458,0.0],[-71.395117,41.802326,0.0],[-71.395018,41.802244,0.0],[-71.398949,41.799524,0.0],[-71.399228,41.799349,0.0],[-71.399546,41.799183,0.0],[-71.399522,41.799129,0.0],[-71.399253,41.799266,0.0],[-71.398982,41.799429,0.0],[-71.397448,41.800476,0.0],[-71.397221,41.800265,0.0],[-71.394487,41.802092,0.0]]]}},{"type":"Feature","properties":{"ring":"coastal","addr":"109 India St","cls":"Municipal","assessed":2072600,"billed":0,"accounts":1,"owner":"Providence Public Bldg Authority"},"geometry":{"type":"Polygon","coordinates":[[[-71.396214,41.817332,0.0],[-71.396506,41.817679,0.0],[-71.396796,41.817519,0.0],[-71.396728,41.81745,0.0],[-71.397605,41.816965,0.0],[-71.3972,41.816654,0.0],[-71.396214,41.817332,0.0]]]}},{"type":"Feature","properties":{"ring":"inside","addr":"4 North Main","cls":"School","assessed":4805300,"billed":0,"accounts":1,"owner":"private owner"},"geometry":{"type":"Polygon","coordinates":[[[-71.408222,41.825883,0.0],[-71.40825,41.825911,0.0],[-71.408493,41.82576,0.0],[-71.408404,41.825675,0.0],[-71.408159,41.825828,0.0],[-71.408187,41.825853,0.0],[-71.408179,41.825859,0.0],[-71.408213,41.825888,0.0],[-71.408222,41.825883,0.0]]]}},{"type":"Feature","properties":{"ring":"riverine","addr":"50R Ashburton St","cls":"Amtrak NRR","assessed":5000,"billed":0,"accounts":1,"owner":"Penn Central Transportation Co"},"geometry":{"type":"Polygon","coordinates":[[[-71.41532,41.837152,0.0],[-71.415515,41.837459,0.0],[-71.4156,41.83743,0.0],[-71.415365,41.837149,0.0],[-71.41532,41.837152,0.0]]]}},{"type":"Feature","properties":{"ring":"inside","addr":"133 Dorrance St","cls":"CI Vacant Land","assessed":1115900,"billed":32584,"accounts":1,"owner":"133 Dorrance Street LLC"},"geometry":{"type":"Polygon","coordinates":[[[-71.409573,41.821982,0.0],[-71.409817,41.822137,0.0],[-71.409961,41.822003,0.0],[-71.410049,41.821968,0.0],[-71.409849,41.821692,0.0],[-71.409573,41.821982,0.0]]]}},{"type":"Feature","properties":{"ring":"inside","addr":"91 Clemence St","cls":"Miscellaneous","assessed":1276800,"billed":15149,"accounts":1,"owner":"Clemence 91 LLC"},"geometry":{"type":"Polygon","coordinates":[[[-71.412579,41.821994,0.0],[-71.41273,41.82209,0.0],[-71.412904,41.821953,0.0],[-71.412737,41.821849,0.0],[-71.412579,41.821994,0.0]]]}},{"type":"Feature","properties":{"ring":"inside","addr":"499 Valley St","cls":"Municipal","assessed":123000,"billed":0,"accounts":1,"owner":"City of Providence"},"geometry":{"type":"Polygon","coordinates":[[[-71.432391,41.829207,0.0],[-71.432585,41.829365,0.0],[-71.432615,41.829348,0.0],[-71.432427,41.829196,0.0],[-71.432422,41.8285,0.0],[-71.432358,41.828396,0.0],[-71.43233,41.828417,0.0],[-71.432385,41.828506,0.0],[-71.432391,41.829207,0.0]]]}},{"type":"Feature","properties":{"ring":"inside","addr":"159 Weybosset St","cls":"Commercial II","assessed":2209200,"billed":64509,"accounts":1,"owner":"private owner"},"geometry":{"type":"Polygon","coordinates":[[[-71.411759,41.822472,0.0],[-71.411562,41.822665,0.0],[-71.411984,41.822895,0.0],[-71.412173,41.822728,0.0],[-71.411759,41.822472,0.0]]]}},{"type":"Feature","properties":{"ring":"x500","addr":"46 Hartford Ave","cls":"CI Vacant Land","assessed":52500,"billed":1533,"accounts":1,"owner":"Jan Co Inc"},"geometry":{"type":"Polygon","coordinates":[[[-71.44484,41.816739,0.0],[-71.444882,41.816743,0.0],[-71.444923,41.816516,0.0],[-71.444879,41.816524,0.0],[-71.44484,41.816739,0.0]]]}},{"type":"Feature","properties":{"ring":"riverine","addr":"100 Manton Ave","cls":"Commercial II","assessed":1802100,"billed":52621,"accounts":1,"owner":"100 Manton Avenue LLC"},"geometry":{"type":"Polygon","coordinates":[[[-71.445267,41.818359,0.0],[-71.445511,41.818547,0.0],[-71.445942,41.818202,0.0],[-71.446049,41.818314,0.0],[-71.446085,41.818312,0.0],[-71.446339,41.818187,0.0],[-71.44628,41.818119,0.0],[-71.446547,41.817988,0.0],[-71.446535,41.817974,0.0],[-71.446656,41.817915,0.0],[-71.446646,41.817904,0.0],[-71.446853,41.817803,0.0],[-71.446415,41.817526,0.0],[-71.446075,41.817277,0.0],[-71.445997,41.817244,0.0],[-71.445834,41.817559,0.0],[-71.445906,41.817798,0.0],[-71.445905,41.817847,0.0],[-71.445884,41.817892,0.0],[-71.445842,41.817937,0.0],[-71.445267,41.818359,0.0]]]}},{"type":"Feature","properties":{"ring":"inside","addr":"120 Valley St","cls":"2 -5 Family","assessed":452400,"billed":6334,"accounts":1,"owner":"DAS Properties LLC"},"geometry":{"type":"Polygon","coordinates":[[[-71.440477,41.820202,0.0],[-71.44071,41.820225,0.0],[-71.440729,41.820122,0.0],[-71.440496,41.820099,0.0],[-71.440477,41.820202,0.0]]]}},{"type":"Feature","properties":{"ring":"x500","addr":"481 Allens Ave","cls":"CI Vacant Land","assessed":98100,"billed":2865,"accounts":1,"owner":"private owner"},"geometry":{"type":"Polygon","coordinates":[[[-71.400638,41.800876,0.0],[-71.400758,41.801067,0.0],[-71.401155,41.800261,0.0],[-71.400966,41.800209,0.0],[-71.400638,41.800876,0.0]]]}},{"type":"Feature","properties":{"ring":"riverine","addr":"27 Cadillac Dr","cls":"Municipal","assessed":399900,"billed":0,"accounts":1,"owner":"City of Providence"},"geometry":{"type":"Polygon","coordinates":[[[-71.415641,41.79294,0.0],[-71.415765,41.793177,0.0],[-71.417408,41.792668,0.0],[-71.417278,41.792432,0.0],[-71.415641,41.79294,0.0]]]}},{"type":"Feature","properties":{"ring":"x500","addr":"477 Allens Ave","cls":"CI Vacant Land","assessed":1421400,"billed":41505,"accounts":1,"owner":"Triton Terminaling LLC"},"geometry":{"type":"Polygon","coordinates":[[[-71.399822,41.799107,0.0],[-71.400236,41.800047,0.0],[-71.400355,41.799898,0.0],[-71.400637,41.799599,0.0],[-71.401233,41.798906,0.0],[-71.401435,41.79869,0.0],[-71.401712,41.798341,0.0],[-71.401928,41.798113,0.0],[-71.401867,41.798046,0.0],[-71.399822,41.799107,0.0]]]}},{"type":"Feature","properties":{"ring":"inside","addr":"2 Charles St","cls":"Commercial II","assessed":2614100,"billed":76332,"accounts":1,"owner":"2 Charles Street LLC"},"geometry":{"type":"Polygon","coordinates":[[[-71.411354,41.833084,0.0],[-71.411439,41.833234,0.0],[-71.411757,41.83312,0.0],[-71.4119,41.832658,0.0],[-71.411433,41.832598,0.0],[-71.411336,41.833074,0.0],[-71.411341,41.833087,0.0],[-71.411354,41.833084,0.0]]]}},{"type":"Feature","properties":{"ring":"x500","addr":"30 Shipyard St","cls":"Municipal","assessed":3287000,"billed":0,"accounts":1,"owner":"PROVPORT INC"},"geometry":{"type":"Polygon","coordinates":[[[-71.390732,41.792218,0.0],[-71.391083,41.792746,0.0],[-71.391393,41.7933,0.0],[-71.391499,41.793434,0.0],[-71.391631,41.793562,0.0],[-71.391796,41.793688,0.0],[-71.391961,41.793789,0.0],[-71.393372,41.7945,0.0],[-71.393403,41.794421,0.0],[-71.393369,41.794342,0.0],[-71.393175,41.794189,0.0],[-71.393019,41.794044,0.0],[-71.391526,41.792443,0.0],[-71.391371,41.792099,0.0],[-71.390732,41.792218,0.0]]]}},{"type":"Feature","properties":{"ring":"x500","addr":"11 Richmond Sq","cls":"CI Vacant Land","assessed":482500,"billed":14089,"accounts":1,"owner":"RS Acquisitions LLC"},"geometry":{"type":"Polygon","coordinates":[[[-71.381058,41.827269,0.0],[-71.381239,41.827317,0.0],[-71.381277,41.827236,0.0],[-71.381375,41.827146,0.0],[-71.381419,41.827064,0.0],[-71.38116,41.827017,0.0],[-71.381058,41.827269,0.0]]]}},{"type":"Feature","properties":{"ring":"inside","addr":"199 Canal St","cls":"CI Vacant Land","assessed":1031100,"billed":30108,"accounts":1,"owner":"RHODE ISLAND SCHOOL OF DESIGN"},"geometry":{"type":"Polygon","coordinates":[[[-71.410024,41.828242,0.0],[-71.410101,41.828498,0.0],[-71.410549,41.828417,0.0],[-71.410428,41.828171,0.0],[-71.410024,41.828242,0.0]]]}},{"type":"Feature","properties":{"ring":"riverine","addr":"150 Lakeview Dr","cls":"Single Family","assessed":436600,"billed":3667,"accounts":1,"owner":"private owner"},"geometry":{"type":"Polygon","coordinates":[[[-71.434206,41.790478,0.0],[-71.434703,41.790603,0.0],[-71.434786,41.790448,0.0],[-71.434294,41.790281,0.0],[-71.434246,41.790322,0.0],[-71.434206,41.790478,0.0]]]}},{"type":"Feature","properties":{"ring":"riverine","addr":"146 Lakeview Dr","cls":"Single Family","assessed":424400,"billed":2815,"accounts":1,"owner":"private owner"},"geometry":{"type":"Polygon","coordinates":[[[-71.434191,41.790746,0.0],[-71.434668,41.790758,0.0],[-71.434703,41.790603,0.0],[-71.434206,41.790478,0.0],[-71.434216,41.790641,0.0],[-71.434191,41.790746,0.0]]]}},{"type":"Feature","properties":{"ring":"riverine","addr":"189 Charles St","cls":"Charitable","assessed":6785100,"billed":0,"accounts":1,"owner":"American Mathematical Society"},"geometry":{"type":"Polygon","coordinates":[[[-71.410538,41.839548,0.0],[-71.410923,41.83959,0.0],[-71.411716,41.838176,0.0],[-71.412248,41.837686,0.0],[-71.413115,41.837327,0.0],[-71.413177,41.837272,0.0],[-71.413185,41.837214,0.0],[-71.413152,41.837161,0.0],[-71.412285,41.836473,0.0],[-71.412144,41.83643,0.0],[-71.412002,41.836441,0.0],[-71.411895,41.836487,0.0],[-71.411725,41.836621,0.0],[-71.411773,41.83685,0.0],[-71.411778,41.837144,0.0],[-71.4117,41.837328,0.0],[-71.41128,41.837995,0.0],[-71.411141,41.838508,0.0],[-71.410875,41.839096,0.0],[-71.410597,41.839366,0.0],[-71.410542,41.839474,0.0],[-71.410569,41.839477,0.0],[-71.410538,41.839548,0.0]]]}},{"type":"Feature","properties":{"ring":"riverine","addr":"138 Lakeview Dr","cls":"Single Family","assessed":450100,"billed":3031,"accounts":1,"owner":"private owner"},"geometry":{"type":"Polygon","coordinates":[[[-71.434092,41.790958,0.0],[-71.43412,41.791058,0.0],[-71.434212,41.791129,0.0],[-71.434715,41.791001,0.0],[-71.434676,41.790881,0.0],[-71.434092,41.790958,0.0]]]}},{"type":"Feature","properties":{"ring":"riverine","addr":"50 Crescent St","cls":"Single Family","assessed":377500,"billed":3171,"accounts":1,"owner":"private owner"},"geometry":{"type":"Polygon","coordinates":[[[-71.430209,41.792168,0.0],[-71.430313,41.792373,0.0],[-71.430615,41.792287,0.0],[-71.430486,41.792088,0.0],[-71.430209,41.792168,0.0]]]}},{"type":"Feature","properties":{"ring":"riverine","addr":"142 Lakeview Dr","cls":"Single Family","assessed":384600,"billed":2481,"accounts":1,"owner":"private owner"},"geometry":{"type":"Polygon","coordinates":[[[-71.434191,41.790746,0.0],[-71.434092,41.790958,0.0],[-71.434676,41.790881,0.0],[-71.434668,41.790758,0.0],[-71.434191,41.790746,0.0]]]}},{"type":"Feature","properties":{"ring":"inside","addr":"122 West Exchange","cls":"Vote of City","assessed":163019100,"billed":0,"accounts":1,"owner":"Convention Center Authority"},"geometry":{"type":"Polygon","coordinates":[[[-71.41582,41.824779,0.0],[-71.418059,41.824747,0.0],[-71.418035,41.82426,0.0],[-71.418121,41.824171,0.0],[-71.417762,41.823943,0.0],[-71.417591,41.823952,0.0],[-71.416959,41.82356,0.0],[-71.416418,41.824044,0.0],[-71.416404,41.824035,0.0],[-71.415762,41.82461,0.0],[-71.415731,41.824657,0.0],[-71.41573,41.824696,0.0],[-71.415745,41.824728,0.0],[-71.41582,41.824779,0.0]]]}},{"type":"Feature","properties":{"ring":"inside","addr":"2 Exchange St","cls":"State","assessed":16144900,"billed":0,"accounts":1,"owner":"State of Rhode Island"},"geometry":{"type":"Polygon","coordinates":[[[-71.410399,41.826313,0.0],[-71.410353,41.826411,0.0],[-71.410573,41.826563,0.0],[-71.410735,41.826635,0.0],[-71.411376,41.826183,0.0],[-71.411387,41.826161,0.0],[-71.411017,41.825871,0.0],[-71.410399,41.826313,0.0]]]}},{"type":"Feature","properties":{"ring":"riverine","addr":"320 Charles St","cls":"Amtrak NRR","assessed":204300,"billed":0,"accounts":1,"owner":"National Railroad Passenger Corp Amtrak"},"geometry":{"type":"Polygon","coordinates":[[[-71.416757,41.839784,0.0],[-71.416991,41.839973,0.0],[-71.416883,41.839544,0.0],[-71.416816,41.839339,0.0],[-71.416693,41.83905,0.0],[-71.416543,41.838761,0.0],[-71.41637,41.838475,0.0],[-71.416154,41.838494,0.0],[-71.416152,41.838579,0.0],[-71.416204,41.838548,0.0],[-71.416375,41.838817,0.0],[-71.41653,41.839117,0.0],[-71.416666,41.839451,0.0],[-71.416757,41.839784,0.0]]]}},{"type":"Feature","properties":{"ring":"inside","addr":"15 De Soto St","cls":"2 -5 Family","assessed":466500,"billed":6531,"accounts":1,"owner":"private owner"},"geometry":{"type":"Polygon","coordinates":[[[-71.438534,41.820743,0.0],[-71.438701,41.820802,0.0],[-71.438763,41.820702,0.0],[-71.438603,41.820646,0.0],[-71.438534,41.820743,0.0]]]}},{"type":"Feature","properties":{"ring":"inside","addr":"17 De Soto St","cls":"2 -5 Family","assessed":478900,"billed":6705,"accounts":1,"owner":"private owner"},"geometry":{"type":"Polygon","coordinates":[[[-71.438531,41.820746,0.0],[-71.438454,41.820837,0.0],[-71.438638,41.820901,0.0],[-71.438701,41.820802,0.0],[-71.438531,41.820746,0.0]]]}},{"type":"Feature","properties":{"ring":"riverine","addr":"71 Admiral St","cls":"Municipal","assessed":1287400,"billed":0,"accounts":1,"owner":"CITY OF PROVIDENCE"},"geometry":{"type":"Polygon","coordinates":[[[-71.419098,41.84155,0.0],[-71.419245,41.842556,0.0],[-71.419436,41.842922,0.0],[-71.420288,41.842373,0.0],[-71.420553,41.842605,0.0],[-71.421248,41.842157,0.0],[-71.4212,41.842115,0.0],[-71.420867,41.84233,0.0],[-71.420691,41.842183,0.0],[-71.421028,41.841965,0.0],[-71.41984,41.840931,0.0],[-71.419671,41.840849,0.0],[-71.419494,41.840803,0.0],[-71.419356,41.840789,0.0],[-71.418958,41.840786,0.0],[-71.419098,41.84155,0.0]]]}},{"type":"Feature","properties":{"ring":"x500","addr":"44 New York Ave","cls":"State","assessed":1743800,"billed":0,"accounts":1,"owner":"Narragansett Bay Water Quality Mgt Dist Com"},"geometry":{"type":"Polygon","coordinates":[[[-71.388434,41.793112,0.0],[-71.389073,41.793636,0.0],[-71.390244,41.793419,0.0],[-71.390135,41.79311,0.0],[-71.390574,41.793027,0.0],[-71.390317,41.792295,0.0],[-71.389521,41.792444,0.0],[-71.389362,41.792495,0.0],[-71.389246,41.792558,0.0],[-71.388434,41.793112,0.0]]]}},{"type":"Feature","properties":{"ring":"inside","addr":"31 South Main","cls":"Municipal","assessed":1963600,"billed":0,"accounts":1,"owner":"Providence Public Bldg Authority"},"geometry":{"type":"Polygon","coordinates":[[[-71.406988,41.824311,0.0],[-71.407351,41.82485,0.0],[-71.407749,41.824706,0.0],[-71.407506,41.824361,0.0],[-71.407525,41.824318,0.0],[-71.407511,41.82427,0.0],[-71.407467,41.824234,0.0],[-71.407408,41.82422,0.0],[-71.407376,41.824176,0.0],[-71.406988,41.824311,0.0]]]}},{"type":"Feature","properties":{"ring":"coastal","addr":"2 River Dr","cls":"Commercial II","assessed":680400,"billed":19868,"accounts":1,"owner":"Narragansett Boat Club"},"geometry":{"type":"Polygon","coordinates":[[[-71.37773,41.832791,0.0],[-71.377851,41.832821,0.0],[-71.37802,41.832477,0.0],[-71.377845,41.832434,0.0],[-71.37773,41.832791,0.0]]]}},{"type":"Feature","properties":{"ring":"inside","addr":"45 Weybosset St","cls":"Commercial II","assessed":1319900,"billed":38541,"accounts":1,"owner":"private owner"},"geometry":{"type":"Polygon","coordinates":[[[-71.409843,41.824065,0.0],[-71.410144,41.824125,0.0],[-71.410183,41.824085,0.0],[-71.409952,41.823937,0.0],[-71.409843,41.824065,0.0]]]}},{"type":"Feature","properties":{"ring":"x500","addr":"105 Terminal Rd","cls":"Municipal","assessed":478100,"billed":0,"accounts":1,"owner":"CITY OF PROVIDENCE"},"geometry":{"type":"Polygon","coordinates":[[[-71.393996,41.796508,0.0],[-71.396143,41.796115,0.0],[-71.396175,41.795976,0.0],[-71.39583,41.796059,0.0],[-71.394352,41.796333,0.0],[-71.393975,41.796386,0.0],[-71.393394,41.796413,0.0],[-71.391359,41.796327,0.0],[-71.391353,41.796395,0.0],[-71.393996,41.796508,0.0]]]}},{"type":"Feature","properties":{"ring":"x500","addr":"181 Terminal Rd","cls":"Utility","assessed":390700,"billed":11408,"accounts":1,"owner":"Narragansett Electric Co"},"geometry":{"type":"Polygon","coordinates":[[[-71.392798,41.797321,0.0],[-71.39291,41.797411,0.0],[-71.394321,41.796454,0.0],[-71.393996,41.796508,0.0],[-71.392798,41.797321,0.0]]]}},{"type":"Feature","properties":{"ring":"coastal","addr":"125 Terminal Rd","cls":"Utility","assessed":3056700,"billed":89256,"accounts":2,"owner":"2 accounts"},"geometry":{"type":"Polygon","coordinates":[[[-71.390522,41.798875,0.0],[-71.391049,41.799296,0.0],[-71.393323,41.797745,0.0],[-71.392798,41.797321,0.0],[-71.390522,41.798875,0.0]]]}},{"type":"Feature","properties":{"ring":"coastal","addr":"500 Allens Ave","cls":"Commercial II","assessed":2772500,"billed":80957,"accounts":1,"owner":"Triton Terminaling LLC"},"geometry":{"type":"Polygon","coordinates":[[[-71.398818,41.801176,0.0],[-71.399561,41.801745,0.0],[-71.400147,41.801551,0.0],[-71.399881,41.801373,0.0],[-71.399721,41.801007,0.0],[-71.400009,41.800232,0.0],[-71.399923,41.800038,0.0],[-71.398323,41.801044,0.0],[-71.398615,41.801304,0.0],[-71.398818,41.801176,0.0]]]}},{"type":"Feature","properties":{"ring":"inside","addr":"59r Tockwotten","cls":"State","assessed":1122400,"billed":0,"accounts":1,"owner":"private owner"},"geometry":{"type":"Polygon","coordinates":[[[-71.398173,41.817361,0.0],[-71.398237,41.817437,0.0],[-71.398736,41.817182,0.0],[-71.398428,41.81682,0.0],[-71.397894,41.817093,0.0],[-71.398129,41.817382,0.0],[-71.398173,41.817361,0.0]]]}},{"type":"Feature","properties":{"ring":"coastal","addr":"263 India St","cls":"Municipal","assessed":3780400,"billed":0,"accounts":1,"owner":"Providence Public Bldg Authority"},"geometry":{"type":"Polygon","coordinates":[[[-71.391835,41.817932,0.0],[-71.392107,41.818051,0.0],[-71.392068,41.817897,0.0],[-71.391969,41.817923,0.0],[-71.391883,41.81793,0.0],[-71.391888,41.817371,0.0],[-71.390806,41.817381,0.0],[-71.390842,41.817454,0.0],[-71.39032,41.817496,0.0],[-71.390812,41.81706,0.0],[-71.390255,41.816754,0.0],[-71.389558,41.816606,0.0],[-71.389275,41.816643,0.0],[-71.388474,41.816814,0.0],[-71.388254,41.817109,0.0],[-71.388163,41.817593,0.0],[-71.388302,41.817613,0.0],[-71.388259,41.817823,0.0],[-71.389115,41.817945,0.0],[-71.389322,41.817798,0.0],[-71.389558,41.817692,0.0],[-71.389823,41.817621,0.0],[-71.390095,41.817596,0.0],[-71.390279,41.817605,0.0],[-71.390482,41.817635,0.0],[-71.391613,41.817865,0.0],[-71.391835,41.817932,0.0]]]}},{"type":"Feature","properties":{"ring":"inside","addr":"195 India St","cls":"Municipal","assessed":2070100,"billed":0,"accounts":1,"owner":"Providence Public Bldg Authority"},"geometry":{"type":"Polygon","coordinates":[[[-71.393494,41.818337,0.0],[-71.394006,41.818334,0.0],[-71.395405,41.818108,0.0],[-71.395591,41.818173,0.0],[-71.396506,41.817679,0.0],[-71.396214,41.817332,0.0],[-71.394928,41.817686,0.0],[-71.394885,41.818121,0.0],[-71.393854,41.818203,0.0],[-71.393677,41.818239,0.0],[-71.393475,41.818259,0.0],[-71.393494,41.818337,0.0]]]}},{"type":"Feature","properties":{"ring":"inside","addr":"220 India St","cls":"Commercial II","assessed":8085300,"billed":236091,"accounts":1,"owner":"Gano Holdings Llc"},"geometry":{"type":"Polygon","coordinates":[[[-71.390654,41.818896,0.0],[-71.391073,41.818893,0.0],[-71.391497,41.818839,0.0],[-71.391683,41.818719,0.0],[-71.391642,41.818388,0.0],[-71.391618,41.818337,0.0],[-71.39157,41.818297,0.0],[-71.391511,41.818276,0.0],[-71.390839,41.818181,0.0],[-71.390654,41.818896,0.0]]]}},{"type":"Feature","properties":{"ring":"coastal","addr":"0 Twin Island","cls":"CI Vacant Land","assessed":32500,"billed":949,"accounts":1,"owner":"private owner"},"geometry":{"type":"Polygon","coordinates":[[[-71.384675,41.821079,0.0],[-71.384711,41.821207,0.0],[-71.384689,41.821261,0.0],[-71.384657,41.821292,0.0],[-71.384676,41.821311,0.0],[-71.384726,41.821283,0.0],[-71.384741,41.821247,0.0],[-71.38481,41.821172,0.0],[-71.384904,41.821096,0.0],[-71.384993,41.821079,0.0],[-71.385009,41.821092,0.0],[-71.384996,41.82112,0.0],[-71.385058,41.821126,0.0],[-71.385089,41.821114,0.0],[-71.385108,41.821078,0.0],[-71.385051,41.821032,0.0],[-71.384994,41.821027,0.0],[-71.384934,41.821041,0.0],[-71.384863,41.821027,0.0],[-71.38466,41.82095,0.0],[-71.384655,41.820957,0.0],[-71.384687,41.820986,0.0],[-71.384675,41.821079,0.0]]]}},{"type":"Feature","properties":{"ring":"riverine","addr":"116 Printery St","cls":"CI Vacant Land","assessed":469900,"billed":13721,"accounts":1,"owner":"RAB Properties LLC"},"geometry":{"type":"Polygon","coordinates":[[[-71.410006,41.84155,0.0],[-71.410076,41.841925,0.0],[-71.410556,41.841802,0.0],[-71.410404,41.841465,0.0],[-71.410006,41.84155,0.0]]]}},{"type":"Feature","properties":{"ring":"riverine","addr":"170 Printery St","cls":"CI Vacant Land","assessed":362200,"billed":10576,"accounts":1,"owner":"N M Realty LLC"},"geometry":{"type":"Polygon","coordinates":[[[-71.410076,41.841925,0.0],[-71.410094,41.842017,0.0],[-71.410119,41.842339,0.0],[-71.410538,41.842316,0.0],[-71.410556,41.841802,0.0],[-71.410076,41.841925,0.0]]]}},{"type":"Feature","properties":{"ring":"inside","addr":"114 North Main","cls":"Commercial II","assessed":1353300,"billed":39516,"accounts":1,"owner":"private owner"},"geometry":{"type":"Polygon","coordinates":[[[-71.409546,41.82813,0.0],[-71.409605,41.828289,0.0],[-71.410008,41.828217,0.0],[-71.40995,41.828041,0.0],[-71.409546,41.82813,0.0]]]}},{"type":"Feature","properties":{"ring":"coastal","addr":"4 River Dr","cls":"School","assessed":345000,"billed":0,"accounts":1,"owner":"Moses Brown School Foundation"},"geometry":{"type":"Polygon","coordinates":[[[-71.377845,41.832434,0.0],[-71.37802,41.832477,0.0],[-71.37805,41.832363,0.0],[-71.378112,41.832262,0.0],[-71.378436,41.831978,0.0],[-71.378171,41.831876,0.0],[-71.377924,41.832262,0.0],[-71.377845,41.832434,0.0]]]}},{"type":"Feature","properties":{"ring":"riverine","addr":"92 Printery St","cls":"Commercial II","assessed":531900,"billed":15531,"accounts":1,"owner":"Providence Firefighters Realty Corp"},"geometry":{"type":"Polygon","coordinates":[[[-71.409932,41.841283,0.0],[-71.410233,41.841258,0.0],[-71.41021,41.841219,0.0],[-71.410182,41.841112,0.0],[-71.409924,41.841106,0.0],[-71.409932,41.841283,0.0]]]}},{"type":"Feature","properties":{"ring":"riverine","addr":"30 Livingston St","cls":"Commercial II","assessed":1151400,"billed":33621,"accounts":1,"owner":"RAB Properties LLC"},"geometry":{"type":"Polygon","coordinates":[[[-71.409258,41.841504,0.0],[-71.409694,41.841543,0.0],[-71.409783,41.841525,0.0],[-71.409811,41.8415,0.0],[-71.409822,41.841465,0.0],[-71.409785,41.841293,0.0],[-71.409772,41.840995,0.0],[-71.410328,41.840981,0.0],[-71.410274,41.840879,0.0],[-71.4098,41.840806,0.0],[-71.409366,41.840769,0.0],[-71.409258,41.841504,0.0]]]}},{"type":"Feature","properties":{"ring":"riverine","addr":"96 Printery St","cls":"CI Vacant Land","assessed":303800,"billed":8871,"accounts":1,"owner":"Providence Firefighters Realty Corp"},"geometry":{"type":"Polygon","coordinates":[[[-71.409933,41.84129,0.0],[-71.410006,41.84155,0.0],[-71.410404,41.841465,0.0],[-71.41038,41.84141,0.0],[-71.410533,41.841372,0.0],[-71.410328,41.840981,0.0],[-71.409919,41.840991,0.0],[-71.409924,41.841106,0.0],[-71.410182,41.841112,0.0],[-71.41021,41.841219,0.0],[-71.410233,41.841258,0.0],[-71.409933,41.84129,0.0]]]}},{"type":"Feature","properties":{"ring":"riverine","addr":"76 Lakeview Dr","cls":"Single Family","assessed":432300,"billed":3631,"accounts":1,"owner":"private owner"},"geometry":{"type":"Polygon","coordinates":[[[-71.435084,41.791812,0.0],[-71.435133,41.79187,0.0],[-71.435168,41.791961,0.0],[-71.435548,41.791784,0.0],[-71.435414,41.791628,0.0],[-71.435084,41.791812,0.0]]]}},{"type":"Feature","properties":{"ring":"coastal","addr":"178 Allens Ave","cls":"CI Vacant Land","assessed":423900,"billed":12378,"accounts":1,"owner":"Cargil Incorporated"},"geometry":{"type":"Polygon","coordinates":[[[-71.403791,41.808867,0.0],[-71.402622,41.809182,0.0],[-71.402697,41.809346,0.0],[-71.403863,41.809052,0.0],[-71.403791,41.808867,0.0]]]}},{"type":"Feature","properties":{"ring":"riverine","addr":"80 Lakeview Dr","cls":"Single Family","assessed":367800,"billed":3090,"accounts":1,"owner":"private owner"},"geometry":{"type":"Polygon","coordinates":[[[-71.4351,41.791671,0.0],[-71.435173,41.791762,0.0],[-71.435414,41.791628,0.0],[-71.435192,41.791434,0.0],[-71.434983,41.791567,0.0],[-71.4351,41.791671,0.0]]]}},{"type":"Feature","properties":{"ring":"riverine","addr":"130 Lakeview Dr","cls":"Single Family","assessed":468900,"billed":3633,"accounts":1,"owner":"private owner"},"geometry":{"type":"Polygon","coordinates":[[[-71.434212,41.791129,0.0],[-71.434687,41.79147,0.0],[-71.434949,41.791267,0.0],[-71.434806,41.79114,0.0],[-71.434715,41.791001,0.0],[-71.434212,41.791129,0.0]]]}},{"type":"Feature","properties":{"ring":"coastal","addr":"186 Allens Ave","cls":"CI Vacant Land","assessed":1127100,"billed":32911,"accounts":1,"owner":"Narragansett Electric Co"},"geometry":{"type":"Polygon","coordinates":[[[-71.401698,41.808779,0.0],[-71.401845,41.809112,0.0],[-71.402515,41.808948,0.0],[-71.402589,41.809109,0.0],[-71.403765,41.808801,0.0],[-71.403566,41.808322,0.0],[-71.401698,41.808779,0.0]]]}},{"type":"Feature","properties":{"ring":"inside","addr":"291 Promenade St","cls":"Commercial II","assessed":2196300,"billed":64132,"accounts":1,"owner":"Foundry Portfolio Associates LLC"},"geometry":{"type":"Polygon","coordinates":[[[-71.421405,41.828978,0.0],[-71.421041,41.829712,0.0],[-71.42136,41.829799,0.0],[-71.421418,41.82969,0.0],[-71.4214,41.829685,0.0],[-71.421603,41.829278,0.0],[-71.422012,41.829392,0.0],[-71.422153,41.829107,0.0],[-71.421405,41.828978,0.0]]]}},{"type":"Feature","properties":{"ring":"inside","addr":"1 Park Row West","cls":"apt 11+","assessed":25833700,"billed":736260,"accounts":1,"owner":"261, LLC"},"geometry":{"type":"Polygon","coordinates":[[[-71.411027,41.828519,0.0],[-71.411106,41.828739,0.0],[-71.411319,41.829814,0.0],[-71.411829,41.829774,0.0],[-71.411628,41.828813,0.0],[-71.411637,41.828774,0.0],[-71.411664,41.828736,0.0],[-71.411492,41.828618,0.0],[-71.411363,41.82856,0.0],[-71.411192,41.828522,0.0],[-71.411027,41.828519,0.0]]]}},{"type":"Feature","properties":{"ring":"x500","addr":"251 Allens Ave","cls":"Commercial II","assessed":943100,"billed":27539,"accounts":1,"owner":"Cuatro Amigos Holding Corp"},"geometry":{"type":"Polygon","coordinates":[[[-71.403269,41.806908,0.0],[-71.403391,41.807193,0.0],[-71.404224,41.806988,0.0],[-71.404117,41.806703,0.0],[-71.403269,41.806908,0.0]]]}},{"type":"Feature","properties":{"ring":"coastal","addr":"164 Allens Ave","cls":"Utility","assessed":1666800,"billed":48671,"accounts":1,"owner":"Narragansett Electric Co"},"geometry":{"type":"Polygon","coordinates":[[[-71.39988,41.809819,0.0],[-71.40039,41.81068,0.0],[-71.404037,41.809466,0.0],[-71.403863,41.809052,0.0],[-71.402697,41.809346,0.0],[-71.402622,41.809182,0.0],[-71.403791,41.808867,0.0],[-71.403765,41.808801,0.0],[-71.39988,41.809819,0.0]]]}},{"type":"Feature","properties":{"ring":"inside","addr":"6 Moshassuck Ct","cls":"CI Vacant Land","assessed":1593800,"billed":46539,"accounts":1,"owner":"Capital Properties Inc"},"geometry":{"type":"Polygon","coordinates":[[[-71.410766,41.827953,0.0],[-71.41096,41.82835,0.0],[-71.411075,41.828342,0.0],[-71.411493,41.827971,0.0],[-71.41124,41.827795,0.0],[-71.411097,41.827789,0.0],[-71.411002,41.827738,0.0],[-71.410766,41.827953,0.0]]]}},{"type":"Feature","properties":{"ring":"inside","addr":"14 Pleasant Valley Pkwy","cls":"Commercial II","assessed":974200,"billed":28447,"accounts":1,"owner":"Smith Hill Management Company LLC"},"geometry":{"type":"Polygon","coordinates":[[[-71.42709,41.829682,0.0],[-71.427236,41.829806,0.0],[-71.427441,41.829922,0.0],[-71.427994,41.829702,0.0],[-71.427867,41.829527,0.0],[-71.42709,41.829682,0.0]]]}},{"type":"Feature","properties":{"ring":"inside","addr":"68 Dorrance St","cls":"Miscellaneous","assessed":7763000,"billed":72639,"accounts":1,"owner":"Case Mead Assoc LLC"},"geometry":{"type":"Polygon","coordinates":[[[-71.410819,41.823304,0.0],[-71.411069,41.823504,0.0],[-71.411221,41.823395,0.0],[-71.410973,41.823202,0.0],[-71.410819,41.823304,0.0]]]}},{"type":"Feature","properties":{"ring":"inside","addr":"430 Kinsley Ave","cls":"Industrial","assessed":2543200,"billed":74261,"accounts":1,"owner":"Grace Harbor Church"},"geometry":{"type":"Polygon","coordinates":[[[-71.431092,41.827215,0.0],[-71.430821,41.827368,0.0],[-71.430819,41.827528,0.0],[-71.43079,41.827705,0.0],[-71.430731,41.827878,0.0],[-71.430649,41.828037,0.0],[-71.4314,41.827925,0.0],[-71.431848,41.82783,0.0],[-71.431585,41.827253,0.0],[-71.431092,41.827215,0.0]]]}},{"type":"Feature","properties":{"ring":"inside","addr":"531 Valley St","cls":"CI Vacant Land","assessed":1114500,"billed":32543,"accounts":1,"owner":"Foundry Alco Members LLC"},"geometry":{"type":"Polygon","coordinates":[[[-71.430084,41.829767,0.0],[-71.430528,41.830387,0.0],[-71.431721,41.829855,0.0],[-71.432585,41.829365,0.0],[-71.432435,41.829242,0.0],[-71.431961,41.829545,0.0],[-71.431556,41.829325,0.0],[-71.43147,41.829089,0.0],[-71.430084,41.829767,0.0]]]}},{"type":"Feature","properties":{"ring":"coastal","addr":"50 Allens Ave","cls":"Utility","assessed":6487017,"billed":189421,"accounts":1,"owner":"Dominion Energy Manchester Street Inc"},"geometry":{"type":"Polygon","coordinates":[[[-71.40115,41.811962,0.0],[-71.402625,41.814447,0.0],[-71.40382,41.813794,0.0],[-71.40412,41.813588,0.0],[-71.404365,41.813376,0.0],[-71.404624,41.813083,0.0],[-71.404851,41.812727,0.0],[-71.404588,41.812124,0.0],[-71.404692,41.812134,0.0],[-71.404804,41.812177,0.0],[-71.405066,41.812399,0.0],[-71.405116,41.812185,0.0],[-71.405078,41.812181,0.0],[-71.405025,41.812059,0.0],[-71.405131,41.812058,0.0],[-71.405135,41.812003,0.0],[-71.402286,41.812086,0.0],[-71.402566,41.811509,0.0],[-71.40115,41.811962,0.0]]]}},{"type":"Feature","properties":{"ring":"inside","addr":"325 Valley St Unit 1","cls":"Commercial Condo","assessed":8149100,"billed":237954,"accounts":1,"owner":"SRRI Grocery Owners LLC"},"geometry":{"type":"Polygon","coordinates":[[[-71.437039,41.825724,0.0],[-71.438009,41.826647,0.0],[-71.438307,41.826462,0.0],[-71.438529,41.82629,0.0],[-71.438741,41.826083,0.0],[-71.438911,41.825868,0.0],[-71.439075,41.825595,0.0],[-71.439205,41.825308,0.0],[-71.439292,41.825039,0.0],[-71.439376,41.824658,0.0],[-71.438955,41.824639,0.0],[-71.438923,41.824959,0.0],[-71.438475,41.824935,0.0],[-71.4385,41.825007,0.0],[-71.438498,41.825045,0.0],[-71.438472,41.825095,0.0],[-71.43841,41.825154,0.0],[-71.438328,41.825185,0.0],[-71.437516,41.825377,0.0],[-71.437253,41.825497,0.0],[-71.437143,41.825589,0.0],[-71.437039,41.825724,0.0]]]}},{"type":"Feature","properties":{"ring":"inside","addr":"82 Weybosset St","cls":"Miscellaneous","assessed":8154500,"billed":118776,"accounts":1,"owner":"Studley Bldg Enterprises Llc-51%"},"geometry":{"type":"Polygon","coordinates":[[[-71.409992,41.823358,0.0],[-71.410276,41.823522,0.0],[-71.410491,41.823367,0.0],[-71.410177,41.823182,0.0],[-71.409992,41.823358,0.0]]]}},{"type":"Feature","properties":{"ring":"inside","addr":"260 Kinsley Ave","cls":"CI Vacant Land","assessed":555800,"billed":16229,"accounts":1,"owner":"private owner"},"geometry":{"type":"Polygon","coordinates":[[[-71.424566,41.82891,0.0],[-71.424984,41.828965,0.0],[-71.425327,41.828976,0.0],[-71.425682,41.828951,0.0],[-71.426061,41.828884,0.0],[-71.426136,41.828775,0.0],[-71.426118,41.828363,0.0],[-71.425949,41.82799,0.0],[-71.425851,41.827505,0.0],[-71.425529,41.827579,0.0],[-71.425398,41.827746,0.0],[-71.42546,41.828247,0.0],[-71.42514,41.828578,0.0],[-71.424589,41.82884,0.0],[-71.424566,41.82891,0.0]]]}},{"type":"Feature","properties":{"ring":"inside","addr":"32 Custom House St","cls":"Residential Condo","assessed":4600600,"billed":65037,"accounts":11,"owner":"11 accounts"},"geometry":{"type":"Polygon","coordinates":[[[-71.409105,41.824228,0.0],[-71.409204,41.824235,0.0],[-71.409241,41.823949,0.0],[-71.409143,41.823941,0.0],[-71.409105,41.824228,0.0]]]}},{"type":"Feature","properties":{"ring":"riverine","addr":"11 Eagle St","cls":"apt 11+","assessed":25134600,"billed":716336,"accounts":1,"owner":"Brady Sullivan Eagle Street LLC"},"geometry":{"type":"Polygon","coordinates":[[[-71.435951,41.826707,0.0],[-71.436454,41.827339,0.0],[-71.437792,41.826754,0.0],[-71.438009,41.826647,0.0],[-71.437039,41.825724,0.0],[-71.436995,41.825779,0.0],[-71.437094,41.82586,0.0],[-71.43723,41.826,0.0],[-71.437336,41.826146,0.0],[-71.437132,41.826281,0.0],[-71.437076,41.826301,0.0],[-71.436997,41.826296,0.0],[-71.436905,41.826245,0.0],[-71.436848,41.826227,0.0],[-71.436771,41.826225,0.0],[-71.436705,41.826241,0.0],[-71.436203,41.826569,0.0],[-71.435951,41.826707,0.0]]]}},{"type":"Feature","properties":{"ring":"inside","addr":"532 Kinsley Ave Bldg 501","cls":"Residential Condo","assessed":15752600,"billed":153496,"accounts":36,"owner":"Standard Tradition LLC"},"geometry":{"type":"Polygon","coordinates":[[[-71.434478,41.825914,0.0],[-71.434489,41.825941,0.0],[-71.434305,41.825988,0.0],[-71.43457,41.82672,0.0],[-71.434741,41.826639,0.0],[-71.434877,41.826551,0.0],[-71.435002,41.826436,0.0],[-71.43509,41.826319,0.0],[-71.435151,41.826193,0.0],[-71.435185,41.826061,0.0],[-71.43519,41.825954,0.0],[-71.435174,41.825728,0.0],[-71.434478,41.825914,0.0]]]}},{"type":"Feature","properties":{"ring":"inside","addr":"5 Exchange St","cls":"44-3-9 Stb","assessed":14301600,"billed":211425,"accounts":1,"owner":"Exchange St Hotel LLC"},"geometry":{"type":"Polygon","coordinates":[[[-71.411546,41.826263,0.0],[-71.411515,41.826273,0.0],[-71.410962,41.826671,0.0],[-71.410958,41.826689,0.0],[-71.410991,41.826711,0.0],[-71.411072,41.826729,0.0],[-71.4114,41.826774,0.0],[-71.411682,41.826783,0.0],[-71.411857,41.826768,0.0],[-71.411874,41.826744,0.0],[-71.41187,41.826719,0.0],[-71.411595,41.826282,0.0],[-71.411546,41.826263,0.0]]]}},{"type":"Feature","properties":{"ring":"inside","addr":"10 Memorial Blvd","cls":"44-3-9 Stb","assessed":50717300,"billed":1300000,"accounts":1,"owner":"TFG Providence Center Property LLC"},"geometry":{"type":"Polygon","coordinates":[[[-71.414772,41.826998,0.0],[-71.415335,41.827054,0.0],[-71.415342,41.827005,0.0],[-71.415372,41.827008,0.0],[-71.415415,41.826693,0.0],[-71.415418,41.826495,0.0],[-71.415388,41.826284,0.0],[-71.415318,41.826063,0.0],[-71.415197,41.826035,0.0],[-71.414355,41.826324,0.0],[-71.414772,41.826998,0.0]]]}},{"type":"Feature","properties":{"ring":"inside","addr":"285 Promenade St","cls":"Commercial II","assessed":1826800,"billed":53343,"accounts":1,"owner":"Foundry Development Associates LLC"},"geometry":{"type":"Polygon","coordinates":[[[-71.42073,41.83011,0.0],[-71.421146,41.830437,0.0],[-71.421317,41.830236,0.0],[-71.421757,41.829907,0.0],[-71.421041,41.829712,0.0],[-71.421405,41.828978,0.0],[-71.421307,41.828957,0.0],[-71.42073,41.83011,0.0]]]}},{"type":"Feature","properties":{"ring":"riverine","addr":"125 Charles St","cls":"apt 6-10","assessed":1305500,"billed":33943,"accounts":1,"owner":"private owner"},"geometry":{"type":"Polygon","coordinates":[[[-71.41106,41.835794,0.0],[-71.411674,41.835893,0.0],[-71.411628,41.835668,0.0],[-71.411406,41.835176,0.0],[-71.411235,41.835229,0.0],[-71.411082,41.835296,0.0],[-71.411089,41.835442,0.0],[-71.41106,41.835794,0.0]]]}},{"type":"Feature","properties":{"ring":"riverine","addr":"0 Hartford Ave","cls":"Municipal","assessed":1431900,"billed":0,"accounts":1,"owner":"Providence Public Bldg Authority"},"geometry":{"type":"Polygon","coordinates":[[[-71.451523,41.820156,0.0],[-71.451809,41.820412,0.0],[-71.452123,41.820648,0.0],[-71.452464,41.820862,0.0],[-71.452828,41.821054,0.0],[-71.453214,41.821221,0.0],[-71.453684,41.821386,0.0],[-71.454117,41.8215,0.0],[-71.454506,41.821577,0.0],[-71.454842,41.82109,0.0],[-71.455487,41.820498,0.0],[-71.455608,41.82029,0.0],[-71.455664,41.820229,0.0],[-71.455759,41.820176,0.0],[-71.455873,41.820151,0.0],[-71.456545,41.820153,0.0],[-71.456924,41.819655,0.0],[-71.456733,41.819593,0.0],[-71.45648,41.819486,0.0],[-71.456266,41.819382,0.0],[-71.455876,41.819149,0.0],[-71.4555,41.818993,0.0],[-71.455301,41.818939,0.0],[-71.455056,41.818898,0.0],[-71.454807,41.818878,0.0],[-71.454556,41.81888,0.0],[-71.454234,41.818916,0.0],[-71.453917,41.818987,0.0],[-71.453537,41.819096,0.0],[-71.452994,41.81928,0.0],[-71.452713,41.819395,0.0],[-71.451538,41.81996,0.0],[-71.451273,41.819692,0.0],[-71.451056,41.81942,0.0],[-71.450536,41.818558,0.0],[-71.450463,41.818706,0.0],[-71.450805,41.819285,0.0],[-71.450945,41.819495,0.0],[-71.451101,41.819698,0.0],[-71.451523,41.820156,0.0]]]}},{"type":"Feature","properties":{"ring":"riverine","addr":"415 Charles St","cls":"CI Vacant Land","assessed":257400,"billed":7516,"accounts":1,"owner":"Lahinch Realty Inc"},"geometry":{"type":"Polygon","coordinates":[[[-71.4186,41.844231,0.0],[-71.418738,41.844223,0.0],[-71.418808,41.844242,0.0],[-71.418919,41.844248,0.0],[-71.419008,41.844275,0.0],[-71.419444,41.844469,0.0],[-71.41954,41.844547,0.0],[-71.419713,41.844758,0.0],[-71.419833,41.844726,0.0],[-71.41928,41.84397,0.0],[-71.41856,41.844106,0.0],[-71.4186,41.844231,0.0]]]}},{"type":"Feature","properties":{"ring":"inside","addr":"51 Delaine St","cls":"CI Vacant Land","assessed":114300,"billed":3338,"accounts":1,"owner":"Delaine Street Property, Inc."},"geometry":{"type":"Polygon","coordinates":[[[-71.440746,41.819742,0.0],[-71.441145,41.819779,0.0],[-71.441129,41.819847,0.0],[-71.441405,41.819814,0.0],[-71.44137,41.819661,0.0],[-71.44077,41.819612,0.0],[-71.440746,41.819742,0.0]]]}},{"type":"Feature","properties":{"ring":"inside","addr":"13 De Soto St","cls":"Industrial","assessed":89900,"billed":2625,"accounts":1,"owner":"private owner"},"geometry":{"type":"Polygon","coordinates":[[[-71.438603,41.820646,0.0],[-71.438763,41.820702,0.0],[-71.438825,41.820603,0.0],[-71.438662,41.820546,0.0],[-71.438603,41.820646,0.0]]]}},{"type":"Feature","properties":{"ring":"riverine","addr":"24 Gennaro Pl","cls":"State","assessed":69300,"billed":0,"accounts":1,"owner":"Narragansett Bay Commission"},"geometry":{"type":"Polygon","coordinates":[[[-71.43901,41.821922,0.0],[-71.439121,41.821979,0.0],[-71.439171,41.821983,0.0],[-71.439224,41.821762,0.0],[-71.439084,41.821731,0.0],[-71.43901,41.821922,0.0]]]}},{"type":"Feature","properties":{"ring":"inside","addr":"60 Valley St","cls":"Combo 11+","assessed":7502300,"billed":216021,"accounts":1,"owner":"Riverfront Capital LLC"},"geometry":{"type":"Polygon","coordinates":[[[-71.440606,41.819486,0.0],[-71.441225,41.819545,0.0],[-71.441314,41.819073,0.0],[-71.441366,41.819077,0.0],[-71.441382,41.819018,0.0],[-71.441436,41.818635,0.0],[-71.440761,41.818567,0.0],[-71.440606,41.819486,0.0]]]}},{"type":"Feature","properties":{"ring":"inside","addr":"80 Delaine St","cls":"Industrial","assessed":1056700,"billed":30856,"accounts":1,"owner":"Delaine Street Property, Inc."},"geometry":{"type":"Polygon","coordinates":[[[-71.441225,41.819545,0.0],[-71.441354,41.819552,0.0],[-71.441482,41.819541,0.0],[-71.442173,41.81939,0.0],[-71.442139,41.818976,0.0],[-71.442106,41.818913,0.0],[-71.44208,41.818811,0.0],[-71.442013,41.818738,0.0],[-71.441991,41.81869,0.0],[-71.441436,41.818635,0.0],[-71.441382,41.819018,0.0],[-71.441366,41.819077,0.0],[-71.441314,41.819073,0.0],[-71.441225,41.819545,0.0]]]}},{"type":"Feature","properties":{"ring":"riverine","addr":"654 Atwells Ave","cls":"CI Vacant Land","assessed":209300,"billed":6112,"accounts":1,"owner":"New England Expedition Providence Commercial LP"},"geometry":{"type":"Polygon","coordinates":[[[-71.438313,41.824445,0.0],[-71.438566,41.82445,0.0],[-71.438626,41.824179,0.0],[-71.4383,41.824139,0.0],[-71.438262,41.824312,0.0],[-71.438287,41.824351,0.0],[-71.438313,41.824445,0.0]]]}},{"type":"Feature","properties":{"ring":"inside","addr":"1 Point St","cls":"44-3-9 Stb","assessed":56541200,"billed":343281,"accounts":1,"owner":"River House Holdings I LLC"},"geometry":{"type":"Polygon","coordinates":[[[-71.404722,41.817675,0.0],[-71.405117,41.818394,0.0],[-71.405943,41.818064,0.0],[-71.405829,41.817889,0.0],[-71.405818,41.817825,0.0],[-71.405764,41.817744,0.0],[-71.405937,41.817674,0.0],[-71.405968,41.817628,0.0],[-71.405965,41.817604,0.0],[-71.405891,41.817501,0.0],[-71.405961,41.817471,0.0],[-71.4058,41.817244,0.0],[-71.404722,41.817675,0.0]]]}},{"type":"Feature","properties":{"ring":"inside","addr":"1 Davol Sq","cls":"Commercial II","assessed":11808400,"billed":344805,"accounts":1,"owner":"LS Davol Square LLC"},"geometry":{"type":"Polygon","coordinates":[[[-71.405764,41.817744,0.0],[-71.405818,41.817825,0.0],[-71.405829,41.817889,0.0],[-71.405943,41.818064,0.0],[-71.406912,41.817677,0.0],[-71.406426,41.816993,0.0],[-71.406178,41.817093,0.0],[-71.406448,41.817472,0.0],[-71.406069,41.817624,0.0],[-71.405961,41.817471,0.0],[-71.405891,41.817501,0.0],[-71.405965,41.817604,0.0],[-71.405957,41.817656,0.0],[-71.405924,41.817681,0.0],[-71.405764,41.817744,0.0]]]}},{"type":"Feature","properties":{"ring":"coastal","addr":"29 Terminal Road","cls":"Commercial II","assessed":3601100,"billed":105152,"accounts":1,"owner":"WT Terminal Providence LLC"},"geometry":{"type":"Polygon","coordinates":[[[-71.38982,41.798055,0.0],[-71.390199,41.797796,0.0],[-71.391064,41.798506,0.0],[-71.391606,41.798136,0.0],[-71.389792,41.796647,0.0],[-71.388871,41.797276,0.0],[-71.38982,41.798055,0.0]]]}},{"type":"Feature","properties":{"ring":"inside","addr":"115 West Exchange","cls":"Municipal","assessed":43750000,"billed":0,"accounts":2,"owner":"2 accounts"},"geometry":{"type":"Polygon","coordinates":[[[-71.416459,41.825482,0.0],[-71.417242,41.825471,0.0],[-71.417417,41.825451,0.0],[-71.417591,41.825407,0.0],[-71.417768,41.825336,0.0],[-71.417981,41.825209,0.0],[-71.418039,41.825162,0.0],[-71.418279,41.824905,0.0],[-71.416448,41.824947,0.0],[-71.416459,41.825482,0.0]]]}},{"type":"Feature","properties":{"ring":"inside","addr":"342 Eddy St","cls":"Utility","assessed":5416000,"billed":158147,"accounts":1,"owner":"Narragansett Electric Co"},"geometry":{"type":"Polygon","coordinates":[[[-71.406275,41.819711,0.0],[-71.406325,41.819727,0.0],[-71.406565,41.819655,0.0],[-71.406582,41.819641,0.0],[-71.406582,41.819622,0.0],[-71.407655,41.819388,0.0],[-71.407681,41.819299,0.0],[-71.407444,41.81922,0.0],[-71.406933,41.818481,0.0],[-71.40736,41.818308,0.0],[-71.407224,41.818116,0.0],[-71.405601,41.818764,0.0],[-71.405621,41.818792,0.0],[-71.405554,41.81882,0.0],[-71.405573,41.81885,0.0],[-71.405554,41.818858,0.0],[-71.405535,41.818828,0.0],[-71.405473,41.818853,0.0],[-71.405456,41.818848,0.0],[-71.405442,41.818828,0.0],[-71.405452,41.818823,0.0],[-71.405351,41.818679,0.0],[-71.405341,41.818683,0.0],[-71.405325,41.818661,0.0],[-71.405375,41.818654,0.0],[-71.405244,41.818467,0.0],[-71.405173,41.818496,0.0],[-71.404722,41.817675,0.0],[-71.404536,41.81775,0.0],[-71.405686,41.819648,0.0],[-71.406006,41.819504,0.0],[-71.406065,41.819491,0.0],[-71.406275,41.819711,0.0]]]}},{"type":"Feature","properties":{"ring":"x500","addr":"34 New York Ave","cls":"State","assessed":15468600,"billed":0,"accounts":1,"owner":"Narragansett Bay Water Quality Mgt Dist Com"},"geometry":{"type":"Polygon","coordinates":[[[-71.386572,41.794381,0.0],[-71.386563,41.794402,0.0],[-71.386575,41.794424,0.0],[-71.387902,41.795512,0.0],[-71.388073,41.795639,0.0],[-71.388137,41.795595,0.0],[-71.389697,41.795624,0.0],[-71.389703,41.795041,0.0],[-71.389944,41.795041,0.0],[-71.389946,41.794935,0.0],[-71.39021,41.794937,0.0],[-71.390969,41.795076,0.0],[-71.390969,41.794992,0.0],[-71.392634,41.795063,0.0],[-71.393049,41.795034,0.0],[-71.393437,41.794958,0.0],[-71.393454,41.794741,0.0],[-71.39102,41.794636,0.0],[-71.391019,41.794296,0.0],[-71.390683,41.793338,0.0],[-71.389073,41.793636,0.0],[-71.388434,41.793112,0.0],[-71.386572,41.794381,0.0]]]}},{"type":"Feature","properties":{"ring":"coastal","addr":"108 Terminal Rd","cls":"Municipal","assessed":3222000,"billed":0,"accounts":1,"owner":"Provport Inc"},"geometry":{"type":"Polygon","coordinates":[[[-71.385738,41.79495,0.0],[-71.387257,41.796196,0.0],[-71.388073,41.795639,0.0],[-71.387902,41.795512,0.0],[-71.386575,41.794424,0.0],[-71.386563,41.794402,0.0],[-71.386572,41.794381,0.0],[-71.385738,41.79495,0.0]]]}},{"type":"Feature","properties":{"ring":"coastal","addr":"39 New York Ave","cls":"44-3-9 Stb","assessed":7647400,"billed":171944,"accounts":1,"owner":"McInnis USA Inc"},"geometry":{"type":"Polygon","coordinates":[[[-71.385771,41.794624,0.0],[-71.38592,41.794522,0.0],[-71.386,41.794588,0.0],[-71.385979,41.794602,0.0],[-71.386045,41.794657,0.0],[-71.38616,41.794579,0.0],[-71.386094,41.794525,0.0],[-71.386066,41.794544,0.0],[-71.385985,41.794478,0.0],[-71.386277,41.794279,0.0],[-71.38614,41.794166,0.0],[-71.386574,41.79387,0.0],[-71.386112,41.793491,0.0],[-71.385678,41.793787,0.0],[-71.385134,41.79334,0.0],[-71.384823,41.793551,0.0],[-71.384902,41.793617,0.0],[-71.384707,41.79375,0.0],[-71.385771,41.794624,0.0]]]}},{"type":"Feature","properties":{"ring":"x500","addr":"21 New York Ave","cls":"Municipal","assessed":5670200,"billed":0,"accounts":1,"owner":"McInnis USA Inc"},"geometry":{"type":"Polygon","coordinates":[[[-71.385771,41.794624,0.0],[-71.385974,41.79479,0.0],[-71.386524,41.794414,0.0],[-71.386376,41.794292,0.0],[-71.388138,41.79309,0.0],[-71.386518,41.791761,0.0],[-71.386127,41.792027,0.0],[-71.385951,41.79188,0.0],[-71.384408,41.792927,0.0],[-71.384823,41.793551,0.0],[-71.385134,41.79334,0.0],[-71.385678,41.793787,0.0],[-71.386112,41.793491,0.0],[-71.386574,41.79387,0.0],[-71.38614,41.794166,0.0],[-71.386277,41.794279,0.0],[-71.385985,41.794478,0.0],[-71.386066,41.794544,0.0],[-71.386094,41.794525,0.0],[-71.38616,41.794579,0.0],[-71.386045,41.794657,0.0],[-71.385979,41.794602,0.0],[-71.386,41.794588,0.0],[-71.38592,41.794522,0.0],[-71.385771,41.794624,0.0]]]}},{"type":"Feature","properties":{"ring":"x500","addr":"25 Fields Point Dr","cls":"Industrial","assessed":7453500,"billed":217642,"accounts":1,"owner":"Sea-3 Providence, LLC"},"geometry":{"type":"Polygon","coordinates":[[[-71.383157,41.791252,0.0],[-71.383972,41.792278,0.0],[-71.386818,41.790337,0.0],[-71.385765,41.789472,0.0],[-71.383157,41.791252,0.0]]]}},{"type":"Feature","properties":{"ring":"coastal","addr":"2 Sea View Dr","cls":"Municipal","assessed":5217600,"billed":0,"accounts":1,"owner":"Provport Inc"},"geometry":{"type":"Polygon","coordinates":[[[-71.383119,41.7928,0.0],[-71.385738,41.79495,0.0],[-71.385974,41.79479,0.0],[-71.384707,41.79375,0.0],[-71.384902,41.793617,0.0],[-71.384823,41.793551,0.0],[-71.384408,41.792927,0.0],[-71.384289,41.792828,0.0],[-71.384453,41.792718,0.0],[-71.384096,41.792423,0.0],[-71.384031,41.79224,0.0],[-71.383972,41.792278,0.0],[-71.383157,41.791252,0.0],[-71.382888,41.791436,0.0],[-71.38283,41.791364,0.0],[-71.382277,41.791741,0.0],[-71.383119,41.7928,0.0]]]}},{"type":"Feature","properties":{"ring":"coastal","addr":"1 Harborside Blvd","cls":"Municipal","assessed":1876700,"billed":0,"accounts":1,"owner":"Provport Inc"},"geometry":{"type":"Polygon","coordinates":[[[-71.380228,41.789164,0.0],[-71.381741,41.791067,0.0],[-71.382294,41.79069,0.0],[-71.382237,41.790618,0.0],[-71.382226,41.790625,0.0],[-71.38137,41.789922,0.0],[-71.381297,41.789919,0.0],[-71.380532,41.788957,0.0],[-71.380228,41.789164,0.0]]]}},{"type":"Feature","properties":{"ring":"x500","addr":"471 Allens Ave","cls":"Municipal","assessed":1201800,"billed":0,"accounts":1,"owner":"City Of Providence"},"geometry":{"type":"Polygon","coordinates":[[[-71.40052,41.80069,0.0],[-71.400638,41.800876,0.0],[-71.401093,41.799951,0.0],[-71.401108,41.799956,0.0],[-71.401632,41.798912,0.0],[-71.401808,41.79896,0.0],[-71.401997,41.798668,0.0],[-71.402521,41.797934,0.0],[-71.403029,41.797443,0.0],[-71.403275,41.797315,0.0],[-71.403227,41.797199,0.0],[-71.39977,41.798991,0.0],[-71.399822,41.799107,0.0],[-71.401867,41.798046,0.0],[-71.401928,41.798113,0.0],[-71.401712,41.798341,0.0],[-71.401435,41.79869,0.0],[-71.401233,41.798906,0.0],[-71.400637,41.799599,0.0],[-71.400355,41.799898,0.0],[-71.400236,41.800047,0.0],[-71.400284,41.800156,0.0],[-71.400698,41.799886,0.0],[-71.400944,41.799706,0.0],[-71.400606,41.800412,0.0],[-71.400549,41.80056,0.0],[-71.40052,41.80069,0.0]]]}},{"type":"Feature","properties":{"ring":"riverine","addr":"380 Charles St","cls":"CI Vacant Land","assessed":243800,"billed":7119,"accounts":1,"owner":"HOME DEPOT USA INC"},"geometry":{"type":"Polygon","coordinates":[[[-71.418239,41.842322,0.0],[-71.41819,41.842334,0.0],[-71.418158,41.842365,0.0],[-71.418098,41.842654,0.0],[-71.418284,41.843239,0.0],[-71.418887,41.843122,0.0],[-71.418744,41.842919,0.0],[-71.418615,41.842797,0.0],[-71.418505,41.842665,0.0],[-71.418329,41.842364,0.0],[-71.418294,41.842333,0.0],[-71.418239,41.842322,0.0]]]}},{"type":"Feature","properties":{"ring":"coastal","addr":"25 Terminal Rd","cls":"Industrial","assessed":947700,"billed":27673,"accounts":1,"owner":"WT Terminal Providence LLC"},"geometry":{"type":"Polygon","coordinates":[[[-71.389657,41.798166,0.0],[-71.390522,41.798875,0.0],[-71.391064,41.798506,0.0],[-71.390199,41.797796,0.0],[-71.389657,41.798166,0.0]]]}},{"type":"Feature","properties":{"ring":"inside","addr":"189 Canal St","cls":"School","assessed":3138900,"billed":0,"accounts":1,"owner":"private owner"},"geometry":{"type":"Polygon","coordinates":[[[-71.40995,41.828041,0.0],[-71.410008,41.828217,0.0],[-71.410414,41.828145,0.0],[-71.410307,41.827963,0.0],[-71.40995,41.828041,0.0]]]}},{"type":"Feature","properties":{"ring":"coastal","addr":"250 Shipyard St","cls":"Municipal","assessed":9539600,"billed":0,"accounts":2,"owner":"JOHNSON & WALES"},"geometry":{"type":"Polygon","coordinates":[[[-71.386872,41.789443,0.0],[-71.389716,41.791751,0.0],[-71.390099,41.791123,0.0],[-71.390263,41.791174,0.0],[-71.390266,41.791291,0.0],[-71.390387,41.791334,0.0],[-71.391286,41.791165,0.0],[-71.391076,41.790557,0.0],[-71.390946,41.790281,0.0],[-71.389149,41.78741,0.0],[-71.38914,41.787381,0.0],[-71.389147,41.787347,0.0],[-71.389203,41.787302,0.0],[-71.388805,41.787442,0.0],[-71.388888,41.787439,0.0],[-71.388948,41.787476,0.0],[-71.389575,41.788477,0.0],[-71.386872,41.789443,0.0]]]}},{"type":"Feature","properties":{"ring":"x500","addr":"175 Terminal Rd","cls":"Industrial","assessed":4697600,"billed":137170,"accounts":1,"owner":"Univar USA INC."},"geometry":{"type":"Polygon","coordinates":[[[-71.391349,41.796444,0.0],[-71.391312,41.796917,0.0],[-71.392256,41.797692,0.0],[-71.393934,41.79655,0.0],[-71.391349,41.796444,0.0]]]}},{"type":"Feature","properties":{"ring":"x500","addr":"481R Allens Ave","cls":"CI Vacant Land","assessed":171600,"billed":5011,"accounts":1,"owner":"private owner"},"geometry":{"type":"Polygon","coordinates":[[[-71.400966,41.800209,0.0],[-71.401155,41.800261,0.0],[-71.401717,41.799119,0.0],[-71.401808,41.79896,0.0],[-71.401632,41.798912,0.0],[-71.401108,41.799956,0.0],[-71.401093,41.799951,0.0],[-71.400966,41.800209,0.0]]]}},{"type":"Feature","properties":{"ring":"coastal","addr":"185 Terminal Rd","cls":"Utility","assessed":27601200,"billed":805955,"accounts":1,"owner":"Narragansett Electric Co"},"geometry":{"type":"Polygon","coordinates":[[[-71.392555,41.800492,0.0],[-71.392609,41.800521,0.0],[-71.39268,41.800533,0.0],[-71.392745,41.800526,0.0],[-71.392803,41.800503,0.0],[-71.395228,41.798844,0.0],[-71.394167,41.797988,0.0],[-71.394078,41.798047,0.0],[-71.393909,41.797908,0.0],[-71.393995,41.797846,0.0],[-71.39384,41.797709,0.0],[-71.394723,41.797105,0.0],[-71.394502,41.796421,0.0],[-71.394321,41.796454,0.0],[-71.39291,41.797411,0.0],[-71.393323,41.797745,0.0],[-71.391049,41.799296,0.0],[-71.391955,41.800041,0.0],[-71.392059,41.80012,0.0],[-71.392126,41.800137,0.0],[-71.392555,41.800492,0.0]]]}},{"type":"Feature","properties":{"ring":"x500","addr":"14 Lehigh St","cls":"Industrial","assessed":1127200,"billed":32914,"accounts":1,"owner":"12-14 LEHIGH STREET LLC"},"geometry":{"type":"Polygon","coordinates":[[[-71.401002,41.801778,0.0],[-71.401234,41.802303,0.0],[-71.402136,41.80229,0.0],[-71.402126,41.802016,0.0],[-71.401487,41.80187,0.0],[-71.401445,41.801776,0.0],[-71.401002,41.801778,0.0]]]}},{"type":"Feature","properties":{"ring":"inside","addr":"68 Traverse St","cls":"State","assessed":1703600,"billed":0,"accounts":1,"owner":"private owner"},"geometry":{"type":"Polygon","coordinates":[[[-71.396994,41.817474,0.0],[-71.397235,41.817823,0.0],[-71.398129,41.817382,0.0],[-71.397828,41.817012,0.0],[-71.396994,41.817474,0.0]]]}},{"type":"Feature","properties":{"ring":"inside","addr":"235 India St","cls":"Municipal","assessed":733900,"billed":0,"accounts":1,"owner":"City of Providence"},"geometry":{"type":"Polygon","coordinates":[[[-71.392107,41.818051,0.0],[-71.392389,41.818159,0.0],[-71.39268,41.818238,0.0],[-71.393042,41.818302,0.0],[-71.39338,41.818333,0.0],[-71.393361,41.818261,0.0],[-71.392993,41.818219,0.0],[-71.392628,41.818144,0.0],[-71.392622,41.817887,0.0],[-71.392368,41.817908,0.0],[-71.392158,41.81789,0.0],[-71.392068,41.817897,0.0],[-71.392107,41.818051,0.0]]]}},{"type":"Feature","properties":{"ring":"riverine","addr":"14 Mechanics Ave","cls":"CI Vacant Land","assessed":1126400,"billed":32891,"accounts":1,"owner":"Sabar Realty Inc"},"geometry":{"type":"Polygon","coordinates":[[[-71.409304,41.842642,0.0],[-71.409927,41.84245,0.0],[-71.409953,41.842432,0.0],[-71.40996,41.842409,0.0],[-71.409929,41.842028,0.0],[-71.409903,41.841897,0.0],[-71.409508,41.841947,0.0],[-71.409008,41.841904,0.0],[-71.409254,41.842612,0.0],[-71.409271,41.842632,0.0],[-71.409304,41.842642,0.0]]]}},{"type":"Feature","properties":{"ring":"inside","addr":"140 North Main","cls":"Federal","assessed":4402300,"billed":0,"accounts":1,"owner":"United States of America"},"geometry":{"type":"Polygon","coordinates":[[[-71.409771,41.82874,0.0],[-71.410709,41.831435,0.0],[-71.41073,41.831443,0.0],[-71.411173,41.831368,0.0],[-71.41118,41.831356,0.0],[-71.41097,41.830074,0.0],[-71.410738,41.828921,0.0],[-71.410639,41.828582,0.0],[-71.410618,41.828574,0.0],[-71.409785,41.828724,0.0],[-71.409771,41.82874,0.0]]]}},{"type":"Feature","properties":{"ring":"riverine","addr":"126 Lakeview Dr","cls":"2 -5 Family","assessed":500400,"billed":3778,"accounts":1,"owner":"private owner"},"geometry":{"type":"Polygon","coordinates":[[[-71.434687,41.79147,0.0],[-71.434804,41.791519,0.0],[-71.434913,41.791612,0.0],[-71.435192,41.791434,0.0],[-71.434949,41.791267,0.0],[-71.434687,41.79147,0.0]]]}},{"type":"Feature","properties":{"ring":"coastal","addr":"434 Allens Ave","cls":"Industrial","assessed":3797600,"billed":110890,"accounts":1,"owner":"private owner"},"geometry":{"type":"Polygon","coordinates":[[[-71.395697,41.803096,0.0],[-71.396078,41.803409,0.0],[-71.396429,41.804001,0.0],[-71.399308,41.803035,0.0],[-71.39934,41.803083,0.0],[-71.401024,41.802527,0.0],[-71.400564,41.801488,0.0],[-71.395697,41.803096,0.0]]]}},{"type":"Feature","properties":{"ring":"x500","addr":"245 Allens Ave","cls":"Commercial II","assessed":1320700,"billed":38564,"accounts":1,"owner":"Pink Building Inc"},"geometry":{"type":"Polygon","coordinates":[[[-71.403438,41.807303,0.0],[-71.403485,41.807412,0.0],[-71.404323,41.807202,0.0],[-71.404224,41.806988,0.0],[-71.403667,41.807125,0.0],[-71.403714,41.807236,0.0],[-71.403438,41.807303,0.0]]]}},{"type":"Feature","properties":{"ring":"inside","addr":"11 Memorial Blvd","cls":"CI Vacant Land","assessed":4088700,"billed":119390,"accounts":1,"owner":"private owner"},"geometry":{"type":"Polygon","coordinates":[[[-71.411932,41.826401,0.0],[-71.412155,41.826735,0.0],[-71.412468,41.826655,0.0],[-71.413337,41.826355,0.0],[-71.413309,41.826309,0.0],[-71.413407,41.826302,0.0],[-71.413397,41.826286,0.0],[-71.41344,41.826272,0.0],[-71.413284,41.826035,0.0],[-71.413191,41.826067,0.0],[-71.41314,41.825984,0.0],[-71.411932,41.826401,0.0]]]}},{"type":"Feature","properties":{"ring":"inside","addr":"68 Hemlock St","cls":"Commercial II","assessed":10737400,"billed":313532,"accounts":1,"owner":"Foundry Alco Members LLC"},"geometry":{"type":"Polygon","coordinates":[[[-71.42972,41.82926,0.0],[-71.430084,41.829767,0.0],[-71.431456,41.829091,0.0],[-71.432388,41.828916,0.0],[-71.432385,41.828506,0.0],[-71.43233,41.828417,0.0],[-71.432358,41.828396,0.0],[-71.432422,41.8285,0.0],[-71.432426,41.829036,0.0],[-71.432949,41.82858,0.0],[-71.433242,41.828428,0.0],[-71.433707,41.828333,0.0],[-71.433137,41.827735,0.0],[-71.432761,41.827903,0.0],[-71.432222,41.828087,0.0],[-71.432096,41.82811,0.0],[-71.432018,41.828151,0.0],[-71.431951,41.828169,0.0],[-71.431895,41.828206,0.0],[-71.429837,41.828515,0.0],[-71.430261,41.82905,0.0],[-71.42972,41.82926,0.0]]]}},{"type":"Feature","properties":{"ring":"inside","addr":"82 Point St","cls":"Hospital","assessed":5332800,"billed":37750,"accounts":2,"owner":"RHODE ISLAND HOSPITAL"},"geometry":{"type":"Polygon","coordinates":[[[-71.406794,41.816124,0.0],[-71.406733,41.816142,0.0],[-71.406697,41.816187,0.0],[-71.406635,41.816723,0.0],[-71.407144,41.81652,0.0],[-71.406888,41.81616,0.0],[-71.406847,41.816132,0.0],[-71.406794,41.816124,0.0]]]}},{"type":"Feature","properties":{"ring":"inside","addr":"4R Allens Ave","cls":"Utility","assessed":32895667,"billed":960553,"accounts":1,"owner":"Dominion Energy Manchester Street Inc"},"geometry":{"type":"Polygon","coordinates":[[[-71.403082,41.815218,0.0],[-71.404031,41.816818,0.0],[-71.404116,41.816826,0.0],[-71.40504,41.816463,0.0],[-71.405112,41.816343,0.0],[-71.405063,41.816274,0.0],[-71.405077,41.816268,0.0],[-71.405,41.81616,0.0],[-71.40524,41.816056,0.0],[-71.404949,41.81563,0.0],[-71.405094,41.815571,0.0],[-71.40477,41.815116,0.0],[-71.40499,41.815028,0.0],[-71.405264,41.815421,0.0],[-71.4054,41.815477,0.0],[-71.40544,41.815533,0.0],[-71.406294,41.815191,0.0],[-71.406438,41.814736,0.0],[-71.406368,41.81476,0.0],[-71.406333,41.814713,0.0],[-71.406329,41.814654,0.0],[-71.4053,41.814685,0.0],[-71.405291,41.814517,0.0],[-71.405182,41.814532,0.0],[-71.404681,41.814626,0.0],[-71.404214,41.814756,0.0],[-71.404123,41.814786,0.0],[-71.404176,41.814876,0.0],[-71.403082,41.815218,0.0]]]}},{"type":"Feature","properties":{"ring":"riverine","addr":"589 Atwells Ave Unit 3","cls":"Commercial Condo","assessed":27330300,"billed":595479,"accounts":47,"owner":"47 accounts"},"geometry":{"type":"Polygon","coordinates":[[[-71.435772,41.826482,0.0],[-71.435835,41.826477,0.0],[-71.436138,41.826338,0.0],[-71.43635,41.826222,0.0],[-71.436495,41.826119,0.0],[-71.436578,41.826051,0.0],[-71.436929,41.825702,0.0],[-71.437114,41.825477,0.0],[-71.437162,41.825455,0.0],[-71.437161,41.825438,0.0],[-71.437183,41.825415,0.0],[-71.437308,41.825332,0.0],[-71.437816,41.825198,0.0],[-71.43812,41.825163,0.0],[-71.43832,41.82509,0.0],[-71.438343,41.825054,0.0],[-71.438347,41.824976,0.0],[-71.438204,41.824608,0.0],[-71.435684,41.82456,0.0],[-71.435627,41.824569,0.0],[-71.435578,41.824594,0.0],[-71.435547,41.824631,0.0],[-71.435469,41.824805,0.0],[-71.435411,41.824973,0.0],[-71.435379,41.825164,0.0],[-71.435383,41.825356,0.0],[-71.435408,41.825495,0.0],[-71.435772,41.826482,0.0]]]}},{"type":"Feature","properties":{"ring":"inside","addr":"17 Custom House St","cls":"CI Vacant Land","assessed":502800,"billed":14682,"accounts":1,"owner":"10 Weybosset Street LLC"},"geometry":{"type":"Polygon","coordinates":[[[-71.408792,41.82446,0.0],[-71.409065,41.82448,0.0],[-71.409083,41.824309,0.0],[-71.408815,41.824289,0.0],[-71.408792,41.82446,0.0]]]}},{"type":"Feature","properties":{"ring":"inside","addr":"24 Weybosset St","cls":"State","assessed":2565400,"billed":0,"accounts":1,"owner":"State Of Rhode Island & Prov Plantations"},"geometry":{"type":"Polygon","coordinates":[[[-71.409139,41.824485,0.0],[-71.409598,41.824519,0.0],[-71.409613,41.824347,0.0],[-71.409156,41.824314,0.0],[-71.409139,41.824485,0.0]]]}},{"type":"Feature","properties":{"ring":"inside","addr":"10 Finance Way","cls":"CI Vacant Land","assessed":1520100,"billed":44387,"accounts":1,"owner":"Capital Properties Inc"},"geometry":{"type":"Polygon","coordinates":[[[-71.411075,41.828342,0.0],[-71.411272,41.828354,0.0],[-71.411417,41.828386,0.0],[-71.411557,41.828438,0.0],[-71.411684,41.828509,0.0],[-71.411724,41.828516,0.0],[-71.41177,41.828501,0.0],[-71.411994,41.828321,0.0],[-71.411493,41.827971,0.0],[-71.411075,41.828342,0.0]]]}},{"type":"Feature","properties":{"ring":"inside","addr":"1 Citizens Plz","cls":"Commercial II","assessed":24589500,"billed":718013,"accounts":1,"owner":"Blue Bell Citizens Plaza LLC - 5% Int"},"geometry":{"type":"Polygon","coordinates":[[[-71.410243,41.827142,0.0],[-71.410707,41.827847,0.0],[-71.411358,41.827253,0.0],[-71.411115,41.827225,0.0],[-71.410829,41.827175,0.0],[-71.410604,41.827113,0.0],[-71.410437,41.827043,0.0],[-71.410243,41.827142,0.0]]]}},{"type":"Feature","properties":{"ring":"riverine","addr":"151 Francis St","cls":"Amtrak NRR","assessed":4155100,"billed":0,"accounts":1,"owner":"Penn Central Transportation Co"},"geometry":{"type":"Polygon","coordinates":[[[-71.415548,41.827403,0.0],[-71.41548,41.827882,0.0],[-71.415552,41.827857,0.0],[-71.415557,41.827782,0.0],[-71.415869,41.827679,0.0],[-71.416113,41.827621,0.0],[-71.41743,41.827364,0.0],[-71.417622,41.827312,0.0],[-71.417899,41.827214,0.0],[-71.41785,41.827007,0.0],[-71.415548,41.827403,0.0]]]}},{"type":"Feature","properties":{"ring":"inside","addr":"275 Promenade St","cls":"Commercial II","assessed":4925600,"billed":143828,"accounts":1,"owner":"Foundry Portfolio Associates LLC"},"geometry":{"type":"Polygon","coordinates":[[[-71.420507,41.829225,0.0],[-71.420376,41.829481,0.0],[-71.420969,41.829639,0.0],[-71.421307,41.828957,0.0],[-71.420962,41.828866,0.0],[-71.420744,41.829292,0.0],[-71.420507,41.829225,0.0]]]}},{"type":"Feature","properties":{"ring":"inside","addr":"500 North Main","cls":"apt 11+","assessed":15566900,"billed":443657,"accounts":1,"owner":"private owner"},"geometry":{"type":"Polygon","coordinates":[[[-71.410218,41.834575,0.0],[-71.410535,41.834619,0.0],[-71.410524,41.835273,0.0],[-71.410875,41.835262,0.0],[-71.41088,41.835328,0.0],[-71.411022,41.835323,0.0],[-71.411235,41.835229,0.0],[-71.411406,41.835176,0.0],[-71.411273,41.834851,0.0],[-71.411237,41.8347,0.0],[-71.411221,41.834547,0.0],[-71.411222,41.834381,0.0],[-71.411333,41.833569,0.0],[-71.411331,41.833513,0.0],[-71.411242,41.833316,0.0],[-71.411144,41.833692,0.0],[-71.410896,41.833654,0.0],[-71.411079,41.833046,0.0],[-71.41091,41.832417,0.0],[-71.410896,41.832406,0.0],[-71.410871,41.832406,0.0],[-71.410851,41.832422,0.0],[-71.410817,41.832483,0.0],[-71.410776,41.833303,0.0],[-71.410284,41.834276,0.0],[-71.410237,41.834419,0.0],[-71.410218,41.834575,0.0]]]}},{"type":"Feature","properties":{"ring":"inside","addr":"1 Charles St","cls":"2 -5 Family","assessed":1696000,"billed":23744,"accounts":1,"owner":"1 Charles LLC"},"geometry":{"type":"Polygon","coordinates":[[[-71.411079,41.833046,0.0],[-71.410896,41.833654,0.0],[-71.411144,41.833692,0.0],[-71.411242,41.833316,0.0],[-71.41113,41.833151,0.0],[-71.411079,41.833046,0.0]]]}},{"type":"Feature","properties":{"ring":"inside","addr":"69 Delaine St","cls":"CI Vacant Land","assessed":36500,"billed":1066,"accounts":1,"owner":"SV German LLC"},"geometry":{"type":"Polygon","coordinates":[[[-71.441462,41.819655,0.0],[-71.441512,41.819878,0.0],[-71.441682,41.81984,0.0],[-71.441619,41.819627,0.0],[-71.441462,41.819655,0.0]]]}},{"type":"Feature","properties":{"ring":"inside","addr":"276 Grove St","cls":"2 -5 Family","assessed":666500,"billed":9331,"accounts":1,"owner":"private owner"},"geometry":{"type":"Polygon","coordinates":[[[-71.438803,41.819826,0.0],[-71.438809,41.819949,0.0],[-71.43883,41.819957,0.0],[-71.438811,41.819979,0.0],[-71.438807,41.820075,0.0],[-71.438971,41.820088,0.0],[-71.43903,41.819746,0.0],[-71.438966,41.819741,0.0],[-71.438896,41.819853,0.0],[-71.438803,41.819826,0.0]]]}},{"type":"Feature","properties":{"ring":"riverine","addr":"12 Gennaro Pl","cls":"State","assessed":116200,"billed":0,"accounts":1,"owner":"Narragansett Bay Commission"},"geometry":{"type":"Polygon","coordinates":[[[-71.439171,41.821983,0.0],[-71.43962,41.822024,0.0],[-71.439669,41.821803,0.0],[-71.439224,41.821762,0.0],[-71.439171,41.821983,0.0]]]}},{"type":"Feature","properties":{"ring":"inside","addr":"275-277 Grove St","cls":"2 -5 Family","assessed":517100,"billed":3290,"accounts":1,"owner":"private owner"},"geometry":{"type":"Polygon","coordinates":[[[-71.43875,41.820335,0.0],[-71.43895,41.820404,0.0],[-71.439074,41.820207,0.0],[-71.438785,41.820184,0.0],[-71.43875,41.820335,0.0]]]}},{"type":"Feature","properties":{"ring":"inside","addr":"11 De Soto St","cls":"Industrial","assessed":175400,"billed":5122,"accounts":1,"owner":"private owner"},"geometry":{"type":"Polygon","coordinates":[[[-71.438662,41.820546,0.0],[-71.438825,41.820603,0.0],[-71.43895,41.820404,0.0],[-71.43875,41.820335,0.0],[-71.438662,41.820546,0.0]]]}},{"type":"Feature","properties":{"ring":"riverine","addr":"10 Tuxedo Ave","cls":"apt 6-10","assessed":625800,"billed":16271,"accounts":1,"owner":"GHT LLC"},"geometry":{"type":"Polygon","coordinates":[[[-71.438337,41.824144,0.0],[-71.438626,41.824179,0.0],[-71.438681,41.823933,0.0],[-71.438391,41.823897,0.0],[-71.438337,41.824144,0.0]]]}},{"type":"Feature","properties":{"ring":"riverine","addr":"0 Mashapaug St","cls":"Municipal","assessed":104700,"billed":0,"accounts":1,"owner":"City of Providence"},"geometry":{"type":"Polygon","coordinates":[[[-71.430414,41.800057,0.0],[-71.430763,41.800209,0.0],[-71.431078,41.800001,0.0],[-71.43088,41.799937,0.0],[-71.43068,41.799908,0.0],[-71.430503,41.799858,0.0],[-71.430414,41.800057,0.0]]]}},{"type":"Feature","properties":{"ring":"x500","addr":"0 Terminal Rd","cls":"Municipal","assessed":967700,"billed":0,"accounts":1,"owner":"Narragansett Bay Commission"},"geometry":{"type":"Polygon","coordinates":[[[-71.388137,41.795595,0.0],[-71.388294,41.795711,0.0],[-71.388461,41.795811,0.0],[-71.388835,41.795974,0.0],[-71.389245,41.796076,0.0],[-71.389692,41.796117,0.0],[-71.389697,41.795624,0.0],[-71.388137,41.795595,0.0]]]}},{"type":"Feature","properties":{"ring":"coastal","addr":"27 Fields Point Dr","cls":"Industrial","assessed":2968500,"billed":86680,"accounts":1,"owner":"Glen Falls Lehigh Cement Co"},"geometry":{"type":"Polygon","coordinates":[[[-71.384031,41.79224,0.0],[-71.384096,41.792423,0.0],[-71.384453,41.792718,0.0],[-71.384289,41.792828,0.0],[-71.384408,41.792927,0.0],[-71.385951,41.79188,0.0],[-71.385443,41.791457,0.0],[-71.386942,41.790438,0.0],[-71.386818,41.790337,0.0],[-71.384031,41.79224,0.0]]]}},{"type":"Feature","properties":{"ring":"coastal","addr":"1 Harborside Blvd","cls":"Municipal","assessed":939800,"billed":0,"accounts":1,"owner":"Provport Inc"},"geometry":{"type":"Polygon","coordinates":[[[-71.381741,41.791067,0.0],[-71.382277,41.791741,0.0],[-71.383096,41.791182,0.0],[-71.382405,41.790614,0.0],[-71.381741,41.791067,0.0]]]}},{"type":"Feature","properties":{"ring":"coastal","addr":"28 Harborside Blvd","cls":"CI Vacant Land","assessed":476200,"billed":13905,"accounts":1,"owner":"Wind Cable Services USA Inc"},"geometry":{"type":"Polygon","coordinates":[[[-71.384105,41.789454,0.0],[-71.384796,41.790022,0.0],[-71.385691,41.789412,0.0],[-71.385679,41.789402,0.0],[-71.385088,41.789804,0.0],[-71.384471,41.789297,0.0],[-71.384784,41.789117,0.0],[-71.385142,41.788961,0.0],[-71.384999,41.788844,0.0],[-71.384105,41.789454,0.0]]]}},{"type":"Feature","properties":{"ring":"inside","addr":"170 Westminster St","cls":"44-3-9 Stb","assessed":16445000,"billed":336561,"accounts":1,"owner":"Providence Capital LLC"},"geometry":{"type":"Polygon","coordinates":[[[-71.411071,41.823589,0.0],[-71.41132,41.823776,0.0],[-71.411514,41.823635,0.0],[-71.411265,41.823448,0.0],[-71.411071,41.823589,0.0]]]}},{"type":"Feature","properties":{"ring":"inside","addr":"156 Westminster St","cls":"Commercial II","assessed":1454200,"billed":42463,"accounts":1,"owner":"Taly Realty RI QOZ LLC"},"geometry":{"type":"Polygon","coordinates":[[[-71.41107,41.823589,0.0],[-71.410966,41.823665,0.0],[-71.411214,41.823854,0.0],[-71.41132,41.823776,0.0],[-71.41107,41.823589,0.0]]]}},{"type":"Feature","properties":{"ring":"inside","addr":"36 Hemlock St","cls":"CI Vacant Land","assessed":382000,"billed":11154,"accounts":1,"owner":"Foundry Alco Members LLC"},"geometry":{"type":"Polygon","coordinates":[[[-71.42925,41.828605,0.0],[-71.42972,41.82926,0.0],[-71.430261,41.82905,0.0],[-71.429837,41.828515,0.0],[-71.42925,41.828605,0.0]]]}},{"type":"Feature","properties":{"ring":"riverine","addr":"12 Eagle St","cls":"apt 11+","assessed":15477100,"billed":441097,"accounts":1,"owner":"Locomotive Works"},"geometry":{"type":"Polygon","coordinates":[[[-71.434144,41.827298,0.0],[-71.434199,41.827374,0.0],[-71.43413,41.82753,0.0],[-71.434361,41.827807,0.0],[-71.434329,41.827872,0.0],[-71.433694,41.828226,0.0],[-71.434005,41.82856,0.0],[-71.435202,41.827885,0.0],[-71.434961,41.827585,0.0],[-71.436084,41.827097,0.0],[-71.435712,41.826627,0.0],[-71.434144,41.827298,0.0]]]}},{"type":"Feature","properties":{"ring":"inside","addr":"411 Valley St","cls":"apt 11+","assessed":6384800,"billed":181967,"accounts":1,"owner":"Locomotive Works"},"geometry":{"type":"Polygon","coordinates":[[[-71.434961,41.827585,0.0],[-71.435202,41.827885,0.0],[-71.436318,41.827397,0.0],[-71.436084,41.827097,0.0],[-71.434961,41.827585,0.0]]]}},{"type":"Feature","properties":{"ring":"inside","addr":"64 Eagle St","cls":"Industrial","assessed":683300,"billed":19952,"accounts":1,"owner":"Tamco Sales Inc"},"geometry":{"type":"Polygon","coordinates":[[[-71.434572,41.825727,0.0],[-71.43424,41.825809,0.0],[-71.434305,41.825988,0.0],[-71.434489,41.825941,0.0],[-71.434478,41.825914,0.0],[-71.435174,41.825728,0.0],[-71.435162,41.825555,0.0],[-71.434572,41.825727,0.0]]]}},{"type":"Feature","properties":{"ring":"inside","addr":"27 Sims Ave","cls":"Ex - Charter","assessed":450500,"billed":0,"accounts":1,"owner":"Woonasquatucket Valley community Build Inc"},"geometry":{"type":"Polygon","coordinates":[[[-71.433419,41.825871,0.0],[-71.433596,41.826459,0.0],[-71.434134,41.826366,0.0],[-71.433948,41.825739,0.0],[-71.433419,41.825871,0.0]]]}},{"type":"Feature","properties":{"ring":"inside","addr":"37 Sims Ave","cls":"Ex - Charter","assessed":948900,"billed":0,"accounts":1,"owner":"Woonasquatucket Valley community Build Inc"},"geometry":{"type":"Polygon","coordinates":[[[-71.434535,41.826735,0.0],[-71.43457,41.82672,0.0],[-71.43424,41.825809,0.0],[-71.434572,41.825727,0.0],[-71.434451,41.825382,0.0],[-71.433354,41.825656,0.0],[-71.433419,41.825871,0.0],[-71.433948,41.825739,0.0],[-71.434134,41.826366,0.0],[-71.434062,41.826378,0.0],[-71.434147,41.826664,0.0],[-71.434487,41.826602,0.0],[-71.434535,41.826735,0.0]]]}},{"type":"Feature","properties":{"ring":"inside","addr":"1 Sims Ave","cls":"Commercial II","assessed":888300,"billed":25938,"accounts":1,"owner":"MILHAUS LLC"},"geometry":{"type":"Polygon","coordinates":[[[-71.433778,41.827061,0.0],[-71.434535,41.826735,0.0],[-71.434487,41.826602,0.0],[-71.434147,41.826664,0.0],[-71.434062,41.826378,0.0],[-71.433596,41.826459,0.0],[-71.433778,41.827061,0.0]]]}},{"type":"Feature","properties":{"ring":"inside","addr":"11 Pine St","cls":"CI Vacant Land","assessed":1565800,"billed":45721,"accounts":1,"owner":"Granoff Realty II Limited Partnership"},"geometry":{"type":"Polygon","coordinates":[[[-71.408873,41.823892,0.0],[-71.409293,41.823926,0.0],[-71.409338,41.82383,0.0],[-71.409355,41.823833,0.0],[-71.409485,41.823666,0.0],[-71.409174,41.82349,0.0],[-71.408897,41.823781,0.0],[-71.408873,41.823892,0.0]]]}},{"type":"Feature","properties":{"ring":"inside","addr":"58 Weybossett St","cls":"Commercial II","assessed":7547400,"billed":220384,"accounts":1,"owner":"Weybosset Hotel LLC"},"geometry":{"type":"Polygon","coordinates":[[[-71.409293,41.823926,0.0],[-71.409738,41.823961,0.0],[-71.409799,41.823879,0.0],[-71.409925,41.823774,0.0],[-71.409582,41.823606,0.0],[-71.409556,41.823633,0.0],[-71.409213,41.82345,0.0],[-71.409174,41.82349,0.0],[-71.409485,41.823666,0.0],[-71.409355,41.823833,0.0],[-71.409338,41.82383,0.0],[-71.409293,41.823926,0.0]]]}},{"type":"Feature","properties":{"ring":"inside","addr":"50 Valley St","cls":"Charitable","assessed":4138100,"billed":45418,"accounts":2,"owner":"2 accounts"},"geometry":{"type":"Polygon","coordinates":[[[-71.441436,41.818635,0.0],[-71.441991,41.81869,0.0],[-71.441955,41.818613,0.0],[-71.441914,41.818444,0.0],[-71.441885,41.818449,0.0],[-71.441866,41.818335,0.0],[-71.441856,41.818337,0.0],[-71.44185,41.818318,0.0],[-71.441861,41.818318,0.0],[-71.441786,41.817951,0.0],[-71.44174,41.817959,0.0],[-71.441726,41.817745,0.0],[-71.441793,41.817537,0.0],[-71.441784,41.817526,0.0],[-71.440996,41.817446,0.0],[-71.44094,41.81776,0.0],[-71.440834,41.818179,0.0],[-71.441309,41.818214,0.0],[-71.441301,41.818266,0.0],[-71.441484,41.818279,0.0],[-71.441436,41.818635,0.0]]]}},{"type":"Feature","properties":{"ring":"riverine","addr":"60 Printery St","cls":"CI Vacant Land","assessed":205000,"billed":5986,"accounts":1,"owner":"RAB Properties LLC"},"geometry":{"type":"Polygon","coordinates":[[[-71.409932,41.840656,0.0],[-71.410384,41.840729,0.0],[-71.410568,41.83988,0.0],[-71.410113,41.839874,0.0],[-71.409984,41.84025,0.0],[-71.409932,41.840656,0.0]]]}},{"type":"Feature","properties":{"ring":"inside","addr":"49 Acorn St","cls":"Industrial","assessed":655800,"billed":19149,"accounts":1,"owner":"Acorn Realty Inc"},"geometry":{"type":"Polygon","coordinates":[[[-71.428079,41.827058,0.0],[-71.428122,41.827163,0.0],[-71.429541,41.826834,0.0],[-71.429492,41.826726,0.0],[-71.428079,41.827058,0.0]]]}},{"type":"Feature","properties":{"ring":"inside","addr":"55 Canal Walk","cls":"School","assessed":7386000,"billed":0,"accounts":1,"owner":"private owner"},"geometry":{"type":"Polygon","coordinates":[[[-71.408616,41.826555,0.0],[-71.408745,41.826771,0.0],[-71.409339,41.826593,0.0],[-71.409168,41.826374,0.0],[-71.408616,41.826555,0.0]]]}},{"type":"Feature","properties":{"ring":"inside","addr":"139 Richmond St","cls":"School","assessed":2291900,"billed":0,"accounts":1,"owner":"Brown University"},"geometry":{"type":"Polygon","coordinates":[[[-71.409279,41.819159,0.0],[-71.410031,41.819569,0.0],[-71.410293,41.819296,0.0],[-71.410338,41.81932,0.0],[-71.410647,41.819187,0.0],[-71.41082,41.819149,0.0],[-71.410896,41.818996,0.0],[-71.410093,41.819025,0.0],[-71.409279,41.819159,0.0]]]}},{"type":"Feature","properties":{"ring":"inside","addr":"15 Rathbone St","cls":"School","assessed":212300,"billed":0,"accounts":1,"owner":"Paul Cuffee School"},"geometry":{"type":"Polygon","coordinates":[[[-71.427867,41.829527,0.0],[-71.427994,41.829702,0.0],[-71.428429,41.829526,0.0],[-71.428359,41.829428,0.0],[-71.427867,41.829527,0.0]]]}},{"type":"Feature","properties":{"ring":"inside","addr":"27 Rathbone St","cls":"School","assessed":140400,"billed":0,"accounts":1,"owner":"Paul Cuffee School"},"geometry":{"type":"Polygon","coordinates":[[[-71.427994,41.829702,0.0],[-71.42817,41.829948,0.0],[-71.428606,41.829772,0.0],[-71.428429,41.829526,0.0],[-71.427994,41.829702,0.0]]]}},{"type":"Feature","properties":{"ring":"inside","addr":"10 Sims Ave","cls":"Commercial II","assessed":8259800,"billed":241186,"accounts":1,"owner":"Providence Redevelopment Agency"},"geometry":{"type":"Polygon","coordinates":[[[-71.431581,41.827244,0.0],[-71.431848,41.82783,0.0],[-71.432236,41.82772,0.0],[-71.432585,41.827597,0.0],[-71.433602,41.827149,0.0],[-71.433429,41.826577,0.0],[-71.432231,41.826797,0.0],[-71.432244,41.826859,0.0],[-71.431955,41.826926,0.0],[-71.432025,41.82715,0.0],[-71.431581,41.827244,0.0]]]}},{"type":"Feature","properties":{"ring":"inside","addr":"23 Charlotte Hope St","cls":"Municipal","assessed":393100,"billed":0,"accounts":1,"owner":"Providence Redevelopment Agency"},"geometry":{"type":"Polygon","coordinates":[[[-71.430982,41.827277,0.0],[-71.431092,41.827215,0.0],[-71.431585,41.827253,0.0],[-71.431157,41.826258,0.0],[-71.430601,41.826391,0.0],[-71.430982,41.827277,0.0]]]}},{"type":"Feature","properties":{"ring":"riverine","addr":"10 Admiral St","cls":"Industrial","assessed":4005400,"billed":116958,"accounts":1,"owner":"Admiral Associates"},"geometry":{"type":"Polygon","coordinates":[[[-71.419085,41.83845,0.0],[-71.419014,41.83842,0.0],[-71.418222,41.83962,0.0],[-71.41806,41.839921,0.0],[-71.41811,41.840117,0.0],[-71.417972,41.840359,0.0],[-71.418073,41.840473,0.0],[-71.41897,41.840556,0.0],[-71.419779,41.83926,0.0],[-71.419122,41.839025,0.0],[-71.418948,41.8393,0.0],[-71.418815,41.839253,0.0],[-71.419049,41.838884,0.0],[-71.419085,41.83845,0.0]]]}},{"type":"Feature","properties":{"ring":"inside","addr":"405 Promenade St","cls":"State","assessed":7924100,"billed":0,"accounts":1,"owner":"private owner"},"geometry":{"type":"Polygon","coordinates":[[[-71.42372,41.83042,0.0],[-71.423895,41.830686,0.0],[-71.424408,41.830497,0.0],[-71.424512,41.830552,0.0],[-71.42496,41.830611,0.0],[-71.425173,41.83062,0.0],[-71.425386,41.830603,0.0],[-71.425555,41.83057,0.0],[-71.425699,41.830526,0.0],[-71.425852,41.830462,0.0],[-71.425991,41.830383,0.0],[-71.425742,41.829514,0.0],[-71.425336,41.829566,0.0],[-71.42494,41.82957,0.0],[-71.424622,41.82954,0.0],[-71.42396,41.82942,0.0],[-71.424225,41.830361,0.0],[-71.423982,41.830452,0.0],[-71.423898,41.830355,0.0],[-71.42372,41.83042,0.0]]]}},{"type":"Feature","properties":{"ring":"inside","addr":"275 South Water St","cls":"State","assessed":140700,"billed":0,"accounts":1,"owner":"I-195 REDEVELOPMENT DISTRICT"},"geometry":{"type":"Polygon","coordinates":[[[-71.404885,41.821066,0.0],[-71.405445,41.821658,0.0],[-71.405569,41.82158,0.0],[-71.405466,41.821468,0.0],[-71.405484,41.821458,0.0],[-71.405175,41.821131,0.0],[-71.405157,41.82114,0.0],[-71.405018,41.820998,0.0],[-71.404885,41.821066,0.0]]]}},{"type":"Feature","properties":{"ring":"inside","addr":"365 South Water St","cls":"State","assessed":376800,"billed":0,"accounts":1,"owner":"I-195 REDEVELOPMENT DISTRICT"},"geometry":{"type":"Polygon","coordinates":[[[-71.402827,41.818439,0.0],[-71.402346,41.818675,0.0],[-71.402319,41.818875,0.0],[-71.403089,41.819307,0.0],[-71.403678,41.819761,0.0],[-71.404299,41.820454,0.0],[-71.404497,41.820354,0.0],[-71.40393,41.819701,0.0],[-71.403477,41.819221,0.0],[-71.402827,41.818439,0.0]]]}},{"type":"Feature","properties":{"ring":"inside","addr":"115 Peck St","cls":"State","assessed":46300,"billed":0,"accounts":1,"owner":"I-195 REDEVELOPMENT DISTRICT"},"geometry":{"type":"Polygon","coordinates":[[[-71.407495,41.820892,0.0],[-71.407134,41.821219,0.0],[-71.407134,41.821219,0.0],[-71.407178,41.821244,0.0],[-71.407542,41.820914,0.0],[-71.407495,41.820892,0.0]]]}},{"type":"Feature","properties":{"ring":"inside","addr":"PR 020-0393-0000"},"geometry":{"type":"Polygon","coordinates":[[[-71.407178,41.821244,0.0],[-71.406977,41.821437,0.0],[-71.407125,41.821732,0.0],[-71.407237,41.821826,0.0],[-71.407222,41.821588,0.0],[-71.407374,41.821443,0.0],[-71.407205,41.821345,0.0],[-71.407178,41.821244,0.0]]]}},{"type":"Feature","properties":{"ring":"inside","addr":"PR 020-0397-0000"},"geometry":{"type":"Polygon","coordinates":[[[-71.407512,41.820649,0.0],[-71.407945,41.820926,0.0],[-71.407978,41.820915,0.0],[-71.407858,41.819642,0.0],[-71.407432,41.819803,0.0],[-71.407512,41.820649,0.0]]]}},{"type":"Feature","properties":{"ring":"inside","addr":"PR 020-0399-0000"},"geometry":{"type":"Polygon","coordinates":[[[-71.407794,41.81892,0.0],[-71.407655,41.819388,0.0],[-71.406582,41.819622,0.0],[-71.406582,41.819641,0.0],[-71.406565,41.819655,0.0],[-71.406325,41.819727,0.0],[-71.406308,41.819722,0.0],[-71.406362,41.819855,0.0],[-71.405993,41.819939,0.0],[-71.405897,41.819987,0.0],[-71.406756,41.82137,0.0],[-71.407551,41.820674,0.0],[-71.407512,41.820649,0.0],[-71.407432,41.819803,0.0],[-71.407858,41.819642,0.0],[-71.407832,41.819367,0.0],[-71.40785,41.819363,0.0],[-71.40781,41.818942,0.0],[-71.407794,41.81892,0.0]]]}},{"type":"Feature","properties":{"ring":"inside","addr":"31 Bridge St","cls":"CI Vacant Land","assessed":670600,"billed":19582,"accounts":1,"owner":"Eat Or Out Inc D/B/A Hot Club"},"geometry":{"type":"Polygon","coordinates":[[[-71.40139,41.817017,0.0],[-71.401539,41.817182,0.0],[-71.401736,41.817092,0.0],[-71.401596,41.816914,0.0],[-71.40139,41.817017,0.0]]]}},{"type":"Feature","properties":{"ring":"riverine","addr":"12 Tuxedo Ave","cls":"CI Vacant Land","assessed":154600,"billed":4514,"accounts":1,"owner":"New England Expedition-Providence Commercial LP"},"geometry":{"type":"Polygon","coordinates":[[[-71.438391,41.823897,0.0],[-71.438104,41.823862,0.0],[-71.438105,41.823917,0.0],[-71.438177,41.824084,0.0],[-71.438195,41.824208,0.0],[-71.438262,41.824312,0.0],[-71.4383,41.824139,0.0],[-71.438337,41.824144,0.0],[-71.438391,41.823897,0.0]]]}},{"type":"Feature","properties":{"ring":"x500","addr":"16 Tuxedo Ave","cls":"2 -5 Family","assessed":636000,"billed":8904,"accounts":1,"owner":"private owner"},"geometry":{"type":"Polygon","coordinates":[[[-71.438104,41.823862,0.0],[-71.438681,41.823933,0.0],[-71.438707,41.823811,0.0],[-71.438382,41.823771,0.0],[-71.438379,41.823784,0.0],[-71.43827,41.823771,0.0],[-71.438278,41.823733,0.0],[-71.438129,41.823714,0.0],[-71.438104,41.823862,0.0]]]}},{"type":"Feature","properties":{"ring":"inside","addr":"330 EDDY St","cls":"44-3-9 Stb","assessed":23635600,"billed":116670,"accounts":1,"owner":"CV South Street Landing LLC"},"geometry":{"type":"Polygon","coordinates":[[[-71.406933,41.818481,0.0],[-71.407444,41.81922,0.0],[-71.407681,41.819299,0.0],[-71.407794,41.81892,0.0],[-71.40736,41.818308,0.0],[-71.406933,41.818481,0.0]]]}},{"type":"Feature","properties":{"ring":"x500","addr":"459 Valley St","cls":"CI Vacant Land","assessed":816200,"billed":23833,"accounts":1,"owner":"GNL Realty Eagle LLC"},"geometry":{"type":"Polygon","coordinates":[[[-71.433137,41.827735,0.0],[-71.433953,41.828589,0.0],[-71.434005,41.82856,0.0],[-71.433694,41.828226,0.0],[-71.434329,41.827872,0.0],[-71.434361,41.827807,0.0],[-71.43413,41.82753,0.0],[-71.434199,41.827374,0.0],[-71.434144,41.827298,0.0],[-71.434073,41.827318,0.0],[-71.433961,41.827381,0.0],[-71.433373,41.827634,0.0],[-71.43323,41.827683,0.0],[-71.433137,41.827735,0.0]]]}},{"type":"Feature","properties":{"ring":"coastal","addr":"72 Allens Ave","cls":"State","assessed":914800,"billed":0,"accounts":1,"owner":"State of Rhode Island"},"geometry":{"type":"Polygon","coordinates":[[[-71.405066,41.812399,0.0],[-71.404804,41.812177,0.0],[-71.404692,41.812134,0.0],[-71.404588,41.812124,0.0],[-71.404826,41.812674,0.0],[-71.404982,41.812638,0.0],[-71.405066,41.812399,0.0]]]}},{"type":"Feature","properties":{"ring":"riverine","addr":"148r West River","cls":"Commercial II","assessed":17335500,"billed":506197,"accounts":1,"owner":"EGMP 146-148 West River LLC"},"geometry":{"type":"Polygon","coordinates":[[[-71.414532,41.844532,0.0],[-71.414524,41.844565,0.0],[-71.414552,41.84457,0.0],[-71.414573,41.844502,0.0],[-71.414959,41.844569,0.0],[-71.415253,41.844098,0.0],[-71.415266,41.844105,0.0],[-71.415809,41.843209,0.0],[-71.414788,41.842877,0.0],[-71.414752,41.843013,0.0],[-71.414681,41.843118,0.0],[-71.4139,41.843924,0.0],[-71.413741,41.844394,0.0],[-71.414532,41.844532,0.0]]]}},{"type":"Feature","properties":{"ring":"riverine","addr":"325 Charles St","cls":"Amtrak NRR","assessed":259900,"billed":0,"accounts":1,"owner":"Penn Central Transportation Co"},"geometry":{"type":"Polygon","coordinates":[[[-71.414442,41.845468,0.0],[-71.414695,41.845584,0.0],[-71.4158,41.843829,0.0],[-71.416329,41.842954,0.0],[-71.416274,41.842961,0.0],[-71.41653,41.842501,0.0],[-71.416688,41.842166,0.0],[-71.416868,41.841622,0.0],[-71.416879,41.841624,0.0],[-71.417042,41.84115,0.0],[-71.417041,41.84049,0.0],[-71.417208,41.840466,0.0],[-71.417166,41.840335,0.0],[-71.417141,41.840296,0.0],[-71.416776,41.840001,0.0],[-71.416783,41.840572,0.0],[-71.416734,41.841088,0.0],[-71.41668,41.84138,0.0],[-71.416618,41.841634,0.0],[-71.416447,41.84215,0.0],[-71.416279,41.842512,0.0],[-71.415979,41.843018,0.0],[-71.415867,41.843201,0.0],[-71.415823,41.843186,0.0],[-71.415266,41.844105,0.0],[-71.415253,41.844098,0.0],[-71.414959,41.844569,0.0],[-71.414972,41.844572,0.0],[-71.414442,41.845468,0.0]]]}},{"type":"Feature","properties":{"ring":"inside","addr":"103 Point St","cls":"Commercial II","assessed":1053400,"billed":30759,"accounts":1,"owner":"private owner"},"geometry":{"type":"Polygon","coordinates":[[[-71.407376,41.816613,0.0],[-71.407542,41.816847,0.0],[-71.407856,41.816716,0.0],[-71.407695,41.816486,0.0],[-71.407376,41.816613,0.0]]]}},{"type":"Feature","properties":{"ring":"x500","addr":"37 Fields Point Dr","cls":"Industrial","assessed":7106000,"billed":207495,"accounts":1,"owner":"Metals Recycling LLC"},"geometry":{"type":"Polygon","coordinates":[[[-71.385443,41.791457,0.0],[-71.386127,41.792027,0.0],[-71.386518,41.791761,0.0],[-71.388138,41.79309,0.0],[-71.389117,41.792421,0.0],[-71.389262,41.792343,0.0],[-71.386942,41.790438,0.0],[-71.385443,41.791457,0.0]]]}},{"type":"Feature","properties":{"ring":"inside","addr":"475 Valley St","cls":"Charitable","assessed":2520000,"billed":0,"accounts":1,"owner":"private owner"},"geometry":{"type":"Polygon","coordinates":[[[-71.433242,41.828428,0.0],[-71.432949,41.82858,0.0],[-71.432736,41.828766,0.0],[-71.432655,41.828974,0.0],[-71.432636,41.82914,0.0],[-71.432717,41.829264,0.0],[-71.432739,41.829277,0.0],[-71.433953,41.828589,0.0],[-71.433707,41.828333,0.0],[-71.433242,41.828428,0.0]]]}},{"type":"Feature","properties":{"ring":"inside","addr":"70 Clifford St Unit 1","cls":"Church","assessed":1183600,"billed":13207,"accounts":2,"owner":"2 accounts"},"geometry":{"type":"Polygon","coordinates":[[[-71.409479,41.820354,0.0],[-71.409614,41.820426,0.0],[-71.409561,41.820481,0.0],[-71.40971,41.820563,0.0],[-71.410083,41.820173,0.0],[-71.410045,41.820153,0.0],[-71.409685,41.820303,0.0],[-71.409583,41.820248,0.0],[-71.409479,41.820354,0.0]]]}},{"type":"Feature","properties":{"ring":"inside","addr":"290 Eddy St","cls":"CI Vacant Land","assessed":183200,"billed":5349,"accounts":1,"owner":"Wexford One Ship LLC"},"geometry":{"type":"Polygon","coordinates":[[[-71.40842,41.819918,0.0],[-71.408557,41.819875,0.0],[-71.408371,41.819617,0.0],[-71.408373,41.819627,0.0],[-71.40842,41.819918,0.0]]]}},{"type":"Feature","properties":{"ring":"inside","addr":"239 Dyer St","cls":"State","assessed":718600,"billed":0,"accounts":1,"owner":"I-195 REDEVELOPMENT DISTRICT"},"geometry":{"type":"Polygon","coordinates":[[[-71.408152,41.819409,0.0],[-71.408129,41.819431,0.0],[-71.408184,41.819937,0.0],[-71.408421,41.819919,0.0],[-71.408371,41.819617,0.0],[-71.408223,41.819409,0.0],[-71.408199,41.8194,0.0],[-71.408152,41.819409,0.0]]]}},{"type":"Feature","properties":{"ring":"inside","addr":"191 Dorrance St","cls":"44-3-9 Stb","assessed":19035100,"billed":44829,"accounts":1,"owner":"private owner"},"geometry":{"type":"Polygon","coordinates":[[[-71.408294,41.821177,0.0],[-71.40881,41.821506,0.0],[-71.409131,41.821168,0.0],[-71.408506,41.820868,0.0],[-71.408497,41.820843,0.0],[-71.408266,41.820857,0.0],[-71.408294,41.821177,0.0]]]}},{"type":"Feature","properties":{"ring":"inside","addr":"216 Eddy St","cls":"CI Vacant Land","assessed":1038000,"billed":30310,"accounts":1,"owner":"Providence Innov  District Phase II Owner LLC"},"geometry":{"type":"Polygon","coordinates":[[[-71.409131,41.821168,0.0],[-71.409326,41.820965,0.0],[-71.409138,41.820696,0.0],[-71.408896,41.821051,0.0],[-71.409131,41.821168,0.0]]]}},{"type":"Feature","properties":{"ring":"inside","addr":"100 Friendship St","cls":"State","assessed":595900,"billed":0,"accounts":1,"owner":"private owner"},"geometry":{"type":"Polygon","coordinates":[[[-71.409433,41.821893,0.0],[-71.40946,41.82191,0.0],[-71.411019,41.820277,0.0],[-71.410989,41.820261,0.0],[-71.409433,41.821893,0.0]]]}},{"type":"Feature","properties":{"ring":"inside","addr":"181 Dorrance St","cls":"State","assessed":43590900,"billed":0,"accounts":1,"owner":"State Of Rhode Island & Prov Plantations"},"geometry":{"type":"Polygon","coordinates":[[[-71.409608,41.820858,0.0],[-71.408927,41.821571,0.0],[-71.409433,41.821893,0.0],[-71.41027,41.821015,0.0],[-71.409915,41.820822,0.0],[-71.409788,41.820954,0.0],[-71.409608,41.820858,0.0]]]}},{"type":"Feature","properties":{"ring":"inside","addr":"75 Clifford St","cls":"State","assessed":42701800,"billed":0,"accounts":1,"owner":"private owner"},"geometry":{"type":"Polygon","coordinates":[[[-71.409608,41.820858,0.0],[-71.409788,41.820954,0.0],[-71.409915,41.820822,0.0],[-71.41027,41.821015,0.0],[-71.410989,41.820261,0.0],[-71.410456,41.819971,0.0],[-71.409608,41.820858,0.0]]]}},{"type":"Feature","properties":{"ring":"inside","addr":"6 Allens Ave","cls":"Commercial II","assessed":1770800,"billed":51707,"accounts":1,"owner":"Johnson Street Realty LLC"},"geometry":{"type":"Polygon","coordinates":[[[-71.405273,41.814266,0.0],[-71.405295,41.814585,0.0],[-71.406333,41.814555,0.0],[-71.406174,41.814207,0.0],[-71.4056,41.81423,0.0],[-71.405602,41.814252,0.0],[-71.405273,41.814266,0.0]]]}},{"type":"Feature","properties":{"ring":"inside","addr":"3 Steeple St","cls":"Commercial II","assessed":1693700,"billed":49456,"accounts":1,"owner":"Capital Properties Inc"},"geometry":{"type":"Polygon","coordinates":[[[-71.409434,41.827446,0.0],[-71.409516,41.82757,0.0],[-71.409957,41.82743,0.0],[-71.409872,41.827302,0.0],[-71.409434,41.827446,0.0]]]}},{"type":"Feature","properties":{"ring":"inside","addr":"10 Harris Ave","cls":"CI Vacant Land","assessed":278200,"billed":8123,"accounts":1,"owner":"Shops at Providence Place LLC"},"geometry":{"type":"Polygon","coordinates":[[[-71.423235,41.827062,0.0],[-71.419063,41.82774,0.0],[-71.419747,41.82793,0.0],[-71.419711,41.827908,0.0],[-71.419693,41.827877,0.0],[-71.419703,41.827834,0.0],[-71.419733,41.827809,0.0],[-71.420122,41.827741,0.0],[-71.420272,41.82764,0.0],[-71.420451,41.827569,0.0],[-71.422659,41.827207,0.0],[-71.423245,41.827092,0.0],[-71.423235,41.827062,0.0]]]}},{"type":"Feature","properties":{"ring":"coastal","addr":"105 Terminal Rd","cls":"Municipal","assessed":4802400,"billed":0,"accounts":1,"owner":"Provport Inc"},"geometry":{"type":"Polygon","coordinates":[[[-71.389738,41.79811,0.0],[-71.38982,41.798055,0.0],[-71.388871,41.797276,0.0],[-71.389792,41.796647,0.0],[-71.389822,41.79626,0.0],[-71.389516,41.796246,0.0],[-71.389226,41.796213,0.0],[-71.388798,41.796111,0.0],[-71.388536,41.796012,0.0],[-71.388399,41.795947,0.0],[-71.388169,41.795811,0.0],[-71.388002,41.795688,0.0],[-71.387257,41.796196,0.0],[-71.388708,41.797387,0.0],[-71.388789,41.797332,0.0],[-71.389738,41.79811,0.0]]]}},{"type":"Feature","properties":{"ring":"inside","addr":"555 Harris Ave","cls":"Farm Forest","assessed":1857903,"billed":54251,"accounts":2,"owner":"Gotham Greens Providence LLC"},"geometry":{"type":"Polygon","coordinates":[[[-71.437926,41.824008,0.0],[-71.437893,41.823882,0.0],[-71.437929,41.823487,0.0],[-71.437966,41.823415,0.0],[-71.43795,41.823339,0.0],[-71.437886,41.823278,0.0],[-71.437824,41.823255,0.0],[-71.437595,41.823253,0.0],[-71.437415,41.823218,0.0],[-71.437315,41.823177,0.0],[-71.437204,41.82308,0.0],[-71.437156,41.822952,0.0],[-71.437162,41.822858,0.0],[-71.4372,41.822768,0.0],[-71.437357,41.82257,0.0],[-71.437658,41.822275,0.0],[-71.437727,41.822241,0.0],[-71.437807,41.822226,0.0],[-71.438015,41.821895,0.0],[-71.437621,41.821756,0.0],[-71.437131,41.822185,0.0],[-71.436946,41.82236,0.0],[-71.436857,41.822463,0.0],[-71.436034,41.82376,0.0],[-71.436406,41.823889,0.0],[-71.436087,41.824403,0.0],[-71.437563,41.824431,0.0],[-71.437544,41.824193,0.0],[-71.437695,41.824045,0.0],[-71.437926,41.824008,0.0]]]}},{"type":"Feature","properties":{"ring":"inside","addr":"45 De Soto St","cls":"CI Vacant Land","assessed":798500,"billed":23316,"accounts":1,"owner":"Providence Redevelopment Agency"},"geometry":{"type":"Polygon","coordinates":[[[-71.437544,41.824193,0.0],[-71.437563,41.824431,0.0],[-71.437633,41.824433,0.0],[-71.437645,41.824185,0.0],[-71.438086,41.82419,0.0],[-71.43801,41.823991,0.0],[-71.437996,41.823896,0.0],[-71.438024,41.823461,0.0],[-71.438051,41.823322,0.0],[-71.438033,41.823259,0.0],[-71.437986,41.823224,0.0],[-71.437942,41.823211,0.0],[-71.437546,41.823191,0.0],[-71.437431,41.823168,0.0],[-71.437322,41.8231,0.0],[-71.437279,41.823046,0.0],[-71.437256,41.822979,0.0],[-71.437262,41.822884,0.0],[-71.437333,41.822767,0.0],[-71.437562,41.822502,0.0],[-71.437673,41.82244,0.0],[-71.437807,41.822226,0.0],[-71.437727,41.822241,0.0],[-71.437658,41.822275,0.0],[-71.43741,41.822513,0.0],[-71.4372,41.822768,0.0],[-71.437162,41.822858,0.0],[-71.437155,41.822905,0.0],[-71.437181,41.82304,0.0],[-71.437234,41.823116,0.0],[-71.437315,41.823177,0.0],[-71.437415,41.823218,0.0],[-71.437595,41.823253,0.0],[-71.437824,41.823255,0.0],[-71.437912,41.823296,0.0],[-71.437961,41.823363,0.0],[-71.437966,41.823415,0.0],[-71.437929,41.823487,0.0],[-71.437916,41.82371,0.0],[-71.437896,41.823824,0.0],[-71.437893,41.823882,0.0],[-71.437926,41.824008,0.0],[-71.437695,41.824045,0.0],[-71.437544,41.824193,0.0]]]}},{"type":"Feature","properties":{"ring":"inside","addr":"PR 027-0300-0000"},"geometry":{"type":"Polygon","coordinates":[[[-71.428591,41.829519,0.0],[-71.429347,41.830569,0.0],[-71.429763,41.830725,0.0],[-71.43037,41.830457,0.0],[-71.42921,41.82884,0.0],[-71.428552,41.828974,0.0],[-71.428873,41.829421,0.0],[-71.428591,41.829519,0.0]]]}},{"type":"Feature","properties":{"ring":"inside","addr":"220 Eddy St","cls":"State","assessed":1865700,"billed":0,"accounts":1,"owner":"I-195 REDEVELOPMENT DISTRICT"},"geometry":{"type":"Polygon","coordinates":[[[-71.409504,41.820157,0.0],[-71.408712,41.820505,0.0],[-71.408666,41.820838,0.0],[-71.408506,41.820868,0.0],[-71.408896,41.821051,0.0],[-71.409138,41.820696,0.0],[-71.409582,41.820249,0.0],[-71.409504,41.820157,0.0]]]}},{"type":"Feature","properties":{"ring":"inside","addr":"10 Rathbone St","cls":"State","assessed":1211000,"billed":0,"accounts":1,"owner":"Narragansett Bay Commission"},"geometry":{"type":"Polygon","coordinates":[[[-71.428552,41.828974,0.0],[-71.428244,41.829037,0.0],[-71.428591,41.829519,0.0],[-71.428873,41.829421,0.0],[-71.428552,41.828974,0.0]]]}},{"type":"Feature","properties":{"ring":"inside","addr":"101 Richmond St","cls":"44-3-9 Stb","assessed":830300,"billed":22271,"accounts":1,"owner":"private owner"},"geometry":{"type":"Polygon","coordinates":[[[-71.410696,41.819931,0.0],[-71.411127,41.820167,0.0],[-71.411279,41.820007,0.0],[-71.410963,41.819835,0.0],[-71.410696,41.819931,0.0]]]}},{"type":"Feature","properties":{"ring":"inside","addr":"138 Friendship St","cls":"CI Vacant Land","assessed":653200,"billed":19073,"accounts":1,"owner":"private owner"},"geometry":{"type":"Polygon","coordinates":[[[-71.410963,41.819835,0.0],[-71.411279,41.820007,0.0],[-71.411517,41.819758,0.0],[-71.411383,41.819683,0.0],[-71.410963,41.819835,0.0]]]}}]}