{"type":"FeatureCollection","features":[{"type":"Feature","properties":{"ring":"inside","label":"Inside the line","colour":"#2f6f4f"},"geometry":{"type":"MultiPolygon","coordinates":[[[[-71.41562,41.82703],[-71.41578,41.82702],[-71.4173,41.82738],[-71.41744,41.82737],[-71.41749,41.82729],[-71.41752,41.82711],[-71.41753,41.82677],[-71.41748,41.82669],[-71.41749,41.82656],[-71.4177,41.82646],[-71.41774,41.82637],[-71.41776,41.82616],[-71.41722,41.82589],[-71.41695,41.82585],[-71.41693,41.8259],[-71.41703,41.826],[-71.41705,41.82608],[-71.41695,41.82615],[-71.4164,41.82618],[-71.41596,41.82611],[-71.41587,41.82613],[-71.41566,41.82623],[-71.41562,41.82634],[-71.41567,41.8264],[-71.41566,41.82643],[-71.41536,41.82646],[-71.4153,41.82668],[-71.41516,41.82696],[-71.41526,41.82697],[-71.41532,41.82701],[-71.41532,41.82706],[-71.41442,41.82695],[-71.41439,41.82691],[-71.41446,41.82686],[-71.41448,41.8268],[-71.41435,41.8266],[-71.41418,41.82648],[-71.41378,41.82646],[-71.41368,41.82635],[-71.41362,41.82638],[-71.41369,41.82649],[-71.41357,41.82658],[-71.41251,41.82694],[-71.41363,41.82653],[-71.4135,41.8263],[-71.41335,41.82629],[-71.4133,41.82633],[-71.41277,41.82653],[-71.41276,41.82666],[-71.41252,41.82682],[-71.41227,41.82693],[-71.4123,41.82699],[-71.41208,41.82703],[-71.41132,41.82703],[-71.41075,41.82693],[-71.41055,41.82684],[-71.41,41.82648],[-71.40918,41.82585],[-71.40875,41.82543],[-71.40815,41.82437],[-71.40805,41.82408],[-71.4079,41.82404],[-71.40785,41.82399],[-71.40788,41.82392],[-71.40803,41.82379],[-71.40789,41.82375],[-71.40785,41.82371],[-71.40779,41.82359],[-71.40778,41.82339],[-71.40769,41.8232],[-71.40755,41.82312],[-71.40748,41.82302],[-71.4073,41.8229],[-71.40702,41.82248],[-71.40637,41.82143],[-71.40633,41.82104],[-71.40611,41.82066],[-71.40591,41.82049],[-71.40583,41.82036],[-71.40588,41.82012],[-71.40596,41.82001],[-71.40638,41.81989],[-71.40667,41.81967],[-71.40657,41.81964],[-71.40642,41.81971],[-71.40624,41.81972],[-71.40611,41.8196],[-71.4059,41.81958],[-71.40564,41.81965],[-71.4055,41.81933],[-71.40536,41.81917],[-71.40517,41.81914],[-71.40512,41.8191],[-71.40507,41.81894],[-71.40513,41.8188],[-71.40502,41.81874],[-71.4049,41.81858],[-71.40496,41.81846],[-71.40476,41.81847],[-71.40469,41.81841],[-71.40457,41.81811],[-71.40453,41.81789],[-71.40441,41.81786],[-71.40415,41.81785],[-71.40404,41.81776],[-71.404,41.81753],[-71.40388,41.81723],[-71.40398,41.81701],[-71.40399,41.81684],[-71.40363,41.8163],[-71.40342,41.81582],[-71.40308,41.81522],[-71.40359,41.815],[-71.40319,41.81441],[-71.40319,41.81431],[-71.40346,41.81412],[-71.40384,41.81394],[-71.40419,41.81363],[-71.40408,41.81362],[-71.40411,41.81355],[-71.40411,41.81347],[-71.40407,41.81342],[-71.4041,41.81337],[-71.404,41.81329],[-71.40393,41.81331],[-71.40389,41.81316],[-71.40382,41.81314],[-71.4038,41.81319],[-71.4036,41.81312],[-71.40355,41.81307],[-71.40358,41.81291],[-71.40378,41.81295],[-71.40379,41.81281],[-71.404,41.81268],[-71.40394,41.81265],[-71.40348,41.8126],[-71.40345,41.81249],[-71.40346,41.81234],[-71.40376,41.81228],[-71.40424,41.81226],[-71.40437,41.81229],[-71.40446,41.81238],[-71.40448,41.81253],[-71.40444,41.81258],[-71.40428,41.81264],[-71.40454,41.81269],[-71.40456,41.81271],[-71.40456,41.81278],[-71.40466,41.81283],[-71.40487,41.81282],[-71.40496,41.81301],[-71.40499,41.81317],[-71.40512,41.8131],[-71.40518,41.81295],[-71.40515,41.81292],[-71.40516,41.81283],[-71.40512,41.81276],[-71.40518,41.81273],[-71.40517,41.81263],[-71.40535,41.81262],[-71.40545,41.81266],[-71.40552,41.81278],[-71.40544,41.81296],[-71.40554,41.81323],[-71.40559,41.81347],[-71.40544,41.8138],[-71.40544,41.81396],[-71.40571,41.81374],[-71.40583,41.81357],[-71.40588,41.81329],[-71.40603,41.81338],[-71.40595,41.81311],[-71.4061,41.81303],[-71.4061,41.81294],[-71.40592,41.8127],[-71.40578,41.8126],[-71.40577,41.81248],[-71.40588,41.81254],[-71.40614,41.81253],[-71.40622,41.81263],[-71.40642,41.81274],[-71.40654,41.81286],[-71.40656,41.81296],[-71.40653,41.8131],[-71.40656,41.81321],[-71.40671,41.8134],[-71.40676,41.81351],[-71.40685,41.81358],[-71.40689,41.81379],[-71.40695,41.81381],[-71.40702,41.81394],[-71.40715,41.81401],[-71.40714,41.81425],[-71.40727,41.81429],[-71.40739,41.81425],[-71.40768,41.81429],[-71.4078,41.81428],[-71.40809,41.81439],[-71.40849,41.81449],[-71.40848,41.81453],[-71.40854,41.81461],[-71.40848,41.81479],[-71.40852,41.81492],[-71.40851,41.81505],[-71.40842,41.8153],[-71.4083,41.81538],[-71.40829,41.81545],[-71.40847,41.8157],[-71.40825,41.81581],[-71.40813,41.81581],[-71.408,41.81587],[-71.40795,41.816],[-71.40801,41.81607],[-71.40799,41.81612],[-71.40778,41.81623],[-71.40776,41.81631],[-71.40781,41.81638],[-71.4078,41.81643],[-71.40769,41.81657],[-71.40777,41.81699],[-71.40762,41.81723],[-71.4076,41.81732],[-71.4076,41.81737],[-71.40765,41.8174],[-71.40764,41.81747],[-71.40772,41.81763],[-71.40771,41.81769],[-71.40804,41.81809],[-71.40808,41.81824],[-71.40822,41.81833],[-71.40838,41.81837],[-71.40859,41.8185],[-71.40866,41.81851],[-71.4088,41.81868],[-71.40899,41.81876],[-71.40922,41.81894],[-71.40949,41.81907],[-71.40956,41.81915],[-71.40971,41.8192],[-71.41016,41.81924],[-71.4103,41.81928],[-71.41027,41.81939],[-71.41006,41.81957],[-71.41007,41.81962],[-71.41045,41.81982],[-71.41055,41.81985],[-71.4107,41.81985],[-71.41111,41.81974],[-71.41144,41.81978],[-71.41162,41.81976],[-71.41181,41.81992],[-71.41184,41.82002],[-71.4121,41.82018],[-71.41223,41.82022],[-71.41225,41.82027],[-71.41218,41.82057],[-71.4122,41.82072],[-71.41225,41.82077],[-71.41221,41.82082],[-71.41224,41.82093],[-71.41221,41.82119],[-71.41231,41.82143],[-71.41243,41.82146],[-71.41246,41.82154],[-71.41241,41.82161],[-71.41241,41.82179],[-71.41256,41.82174],[-71.4127,41.82178],[-71.41307,41.82146],[-71.41351,41.82139],[-71.4138,41.82127],[-71.4138,41.82124],[-71.41391,41.82115],[-71.4141,41.82114],[-71.41426,41.8212],[-71.41445,41.82122],[-71.41483,41.82121],[-71.41511,41.82142],[-71.41521,41.82158],[-71.41531,41.82168],[-71.41533,41.82175],[-71.4153,41.82186],[-71.41523,41.82187],[-71.41505,41.82201],[-71.4151,41.82205],[-71.41511,41.82211],[-71.41531,41.82224],[-71.41541,41.82241],[-71.41556,41.82244],[-71.41561,41.82249],[-71.41566,41.8226],[-71.4155,41.82282],[-71.41552,41.82289],[-71.41558,41.82293],[-71.41578,41.82301],[-71.41586,41.823],[-71.41604,41.82288],[-71.41622,41.82296],[-71.41636,41.8231],[-71.41648,41.82312],[-71.41662,41.8232],[-71.41668,41.82337],[-71.41679,41.82357],[-71.41705,41.82373],[-71.41713,41.82371],[-71.41721,41.82376],[-71.41715,41.82383],[-71.41723,41.82388],[-71.4173,41.82388],[-71.41735,41.82382],[-71.41742,41.82381],[-71.41758,41.82387],[-71.41781,41.82386],[-71.41806,41.82392],[-71.41831,41.82381],[-71.41853,41.82377],[-71.41895,41.82377],[-71.41911,41.82382],[-71.41915,41.82394],[-71.41904,41.82413],[-71.41875,41.82441],[-71.41877,41.82443],[-71.41871,41.82451],[-71.4187,41.82462],[-71.41873,41.82468],[-71.41966,41.825],[-71.42003,41.82499],[-71.42026,41.82491],[-71.42029,41.82495],[-71.42031,41.82528],[-71.42026,41.82534],[-71.42009,41.82541],[-71.4198,41.8253],[-71.41945,41.82523],[-71.41913,41.82518],[-71.4189,41.82519],[-71.41871,41.82525],[-71.41874,41.82539],[-71.41883,41.82543],[-71.41914,41.82541],[-71.41933,41.82545],[-71.41935,41.82552],[-71.41957,41.82559],[-71.41976,41.8257],[-71.41997,41.82592],[-71.42004,41.82596],[-71.42019,41.82591],[-71.42039,41.82574],[-71.42025,41.82559],[-71.42034,41.82553],[-71.42059,41.82548],[-71.4209,41.82548],[-71.42092,41.8256],[-71.42081,41.82571],[-71.42081,41.82575],[-71.42125,41.82578],[-71.42152,41.82584],[-71.42151,41.82588],[-71.4211,41.82594],[-71.42106,41.82602],[-71.42101,41.82605],[-71.42022,41.82616],[-71.42021,41.82619],[-71.42011,41.82624],[-71.41992,41.82626],[-71.41992,41.82631],[-71.42034,41.82645],[-71.42036,41.82657],[-71.42026,41.82674],[-71.42087,41.82666],[-71.42166,41.8265],[-71.42221,41.82643],[-71.42241,41.82641],[-71.42255,41.82646],[-71.42343,41.82635],[-71.42351,41.82653],[-71.42341,41.82658],[-71.42339,41.82669],[-71.42323,41.82676],[-71.42304,41.82693],[-71.4229,41.82698],[-71.42257,41.82682],[-71.42235,41.82698],[-71.42232,41.82713],[-71.42267,41.82727],[-71.42269,41.82741],[-71.42256,41.82762],[-71.42248,41.82783],[-71.4227,41.828],[-71.4228,41.82797],[-71.42282,41.82802],[-71.42277,41.82809],[-71.42275,41.82824],[-71.423,41.82782],[-71.42302,41.82782],[-71.42287,41.82818],[-71.42295,41.82825],[-71.42302,41.82824],[-71.42331,41.8278],[-71.42365,41.82781],[-71.42393,41.82765],[-71.42408,41.82761],[-71.42468,41.82766],[-71.425,41.82777],[-71.42519,41.82776],[-71.42543,41.82781],[-71.42547,41.82789],[-71.42581,41.82803],[-71.42584,41.82807],[-71.426,41.82804],[-71.42604,41.82813],[-71.42624,41.82814],[-71.42641,41.82807],[-71.42639,41.82783],[-71.42647,41.82783],[-71.42649,41.82775],[-71.42645,41.82759],[-71.42649,41.8275],[-71.42659,41.8274],[-71.42672,41.82738],[-71.42706,41.82741],[-71.42728,41.82734],[-71.42778,41.82739],[-71.42812,41.82728],[-71.42814,41.82723],[-71.42823,41.82718],[-71.42839,41.82713],[-71.42885,41.82685],[-71.42922,41.82688],[-71.42954,41.82682],[-71.42995,41.82683],[-71.43017,41.8268],[-71.43068,41.82679],[-71.43084,41.82669],[-71.43118,41.82674],[-71.43132,41.82688],[-71.43136,41.82698],[-71.43145,41.82703],[-71.43157,41.827],[-71.43164,41.82693],[-71.43188,41.82693],[-71.43192,41.82687],[-71.43191,41.82681],[-71.43195,41.8268],[-71.43191,41.82671],[-71.43193,41.82669],[-71.43201,41.82669],[-71.43205,41.82678],[-71.43211,41.82679],[-71.43237,41.82669],[-71.43262,41.82667],[-71.43271,41.82663],[-71.43283,41.82643],[-71.43272,41.82624],[-71.43283,41.82616],[-71.43288,41.82621],[-71.43306,41.82617],[-71.43313,41.8262],[-71.43326,41.82618],[-71.43325,41.82613],[-71.43329,41.82607],[-71.4334,41.82604],[-71.43354,41.82609],[-71.43369,41.8261],[-71.43385,41.82606],[-71.43403,41.82589],[-71.4342,41.82585],[-71.43436,41.82574],[-71.43448,41.82577],[-71.43464,41.82575],[-71.43469,41.82568],[-71.43463,41.8255],[-71.43466,41.82541],[-71.43495,41.82527],[-71.43494,41.82503],[-71.43502,41.82482],[-71.43514,41.82475],[-71.43538,41.82448],[-71.43541,41.82428],[-71.43537,41.82395],[-71.43541,41.82381],[-71.43574,41.82347],[-71.43609,41.82304],[-71.43665,41.82258],[-71.43676,41.82237],[-71.43688,41.82203],[-71.43729,41.82173],[-71.43736,41.82175],[-71.43743,41.82183],[-71.43751,41.82183],[-71.43772,41.82171],[-71.43781,41.82184],[-71.43789,41.82184],[-71.43815,41.82155],[-71.43834,41.82142],[-71.43857,41.82107],[-71.43856,41.82096],[-71.43846,41.8209],[-71.43843,41.82084],[-71.43851,41.82064],[-71.43872,41.82024],[-71.43875,41.8198],[-71.43885,41.81979],[-71.43894,41.81993],[-71.43925,41.82003],[-71.43964,41.82],[-71.43981,41.81992],[-71.43984,41.81978],[-71.43956,41.81959],[-71.43949,41.8195],[-71.43953,41.81944],[-71.43969,41.81936],[-71.43972,41.81923],[-71.43969,41.81894],[-71.43974,41.81864],[-71.43962,41.81829],[-71.44028,41.8181],[-71.44051,41.81787],[-71.44091,41.81735],[-71.44095,41.81745],[-71.44107,41.81739],[-71.44109,41.81741],[-71.44108,41.81764],[-71.44117,41.81775],[-71.44139,41.8178],[-71.44175,41.81776],[-71.44171,41.81792],[-71.44186,41.81818],[-71.44184,41.81835],[-71.44199,41.81881],[-71.44207,41.81891],[-71.44222,41.81981],[-71.44241,41.82013],[-71.44242,41.8204],[-71.44248,41.82049],[-71.44236,41.82054],[-71.44234,41.82071],[-71.44199,41.8207],[-71.44159,41.82081],[-71.44169,41.82159],[-71.44175,41.82175],[-71.44187,41.8218],[-71.44165,41.82183],[-71.44144,41.82177],[-71.44153,41.82169],[-71.44156,41.82154],[-71.44144,41.82124],[-71.44147,41.82102],[-71.4414,41.82102],[-71.44131,41.82117],[-71.4412,41.82118],[-71.44086,41.82099],[-71.44063,41.82073],[-71.44044,41.82071],[-71.44047,41.82049],[-71.44058,41.82045],[-71.44049,41.82019],[-71.44058,41.82012],[-71.44058,41.82],[-71.44062,41.81991],[-71.44064,41.81966],[-71.44074,41.81954],[-71.4406,41.81941],[-71.44064,41.81907],[-71.44052,41.81906],[-71.44036,41.81942],[-71.44016,41.81949],[-71.44027,41.81961],[-71.4403,41.81986],[-71.44024,41.81994],[-71.44026,41.82009],[-71.44014,41.82016],[-71.43958,41.82015],[-71.43951,41.82021],[-71.43991,41.8203],[-71.44012,41.8203],[-71.44016,41.82034],[-71.44007,41.82046],[-71.44019,41.82053],[-71.44019,41.82059],[-71.44008,41.82073],[-71.43989,41.82082],[-71.4399,41.821],[-71.44002,41.82115],[-71.44,41.8212],[-71.43989,41.82125],[-71.43992,41.82141],[-71.43948,41.82146],[-71.43921,41.8216],[-71.43898,41.82165],[-71.43882,41.82189],[-71.43864,41.82181],[-71.43849,41.82182],[-71.43848,41.82198],[-71.43827,41.82212],[-71.43821,41.82223],[-71.43799,41.82235],[-71.43786,41.82231],[-71.43757,41.82245],[-71.43725,41.82286],[-71.43726,41.82305],[-71.43743,41.82318],[-71.43802,41.82324],[-71.43796,41.82391],[-71.43802,41.82418],[-71.43794,41.82428],[-71.43774,41.82431],[-71.43758,41.82439],[-71.43714,41.82436],[-71.43643,41.82443],[-71.43642,41.82454],[-71.43654,41.8246],[-71.43654,41.82463],[-71.43639,41.82484],[-71.43623,41.82492],[-71.43609,41.82514],[-71.43621,41.82558],[-71.43614,41.82561],[-71.43605,41.82558],[-71.43572,41.8256],[-71.43544,41.82554],[-71.43536,41.82544],[-71.43525,41.82553],[-71.43516,41.82554],[-71.43519,41.82609],[-71.43517,41.82623],[-71.43507,41.82641],[-71.43486,41.82647],[-71.43482,41.8266],[-71.43467,41.82669],[-71.43456,41.82672],[-71.43444,41.82669],[-71.43428,41.82672],[-71.43419,41.82688],[-71.43384,41.82704],[-71.43378,41.82705],[-71.4337,41.827],[-71.43358,41.82699],[-71.43353,41.82717],[-71.43241,41.82768],[-71.43233,41.82783],[-71.43217,41.82791],[-71.43174,41.82804],[-71.43172,41.82791],[-71.43167,41.8279],[-71.4308,41.82807],[-71.43067,41.82812],[-71.43062,41.82823],[-71.43058,41.82826],[-71.43035,41.82823],[-71.42991,41.82833],[-71.42901,41.82845],[-71.42862,41.82855],[-71.42788,41.82863],[-71.42555,41.82911],[-71.42514,41.82914],[-71.42457,41.82909],[-71.42376,41.82895],[-71.42062,41.82835],[-71.41899,41.82794],[-71.41834,41.8277],[-71.41761,41.82756],[-71.41744,41.82749],[-71.41705,41.82741],[-71.41691,41.82731],[-71.41672,41.82725],[-71.4156,41.82709],[-71.41562,41.82703]],[[-71.40897,41.82057],[-71.40903,41.82065],[-71.4091,41.82061],[-71.40942,41.82039],[-71.40953,41.82027],[-71.40966,41.82027],[-71.4102,41.82003],[-71.41024,41.81992],[-71.41032,41.81986],[-71.41001,41.8197],[-71.40973,41.81963],[-71.40858,41.81993],[-71.40848,41.82],[-71.40843,41.82006],[-71.40847,41.82049],[-71.40865,41.82052],[-71.409,41.82046],[-71.40902,41.8205],[-71.40897,41.82057]],[[-71.41416,41.82645],[-71.41464,41.82626],[-71.41464,41.82622],[-71.41474,41.82613],[-71.41485,41.82608],[-71.41509,41.82586],[-71.41522,41.8258],[-71.41538,41.8258],[-71.41567,41.82569],[-71.41631,41.82566],[-71.41639,41.82566],[-71.4164,41.82572],[-71.41605,41.82574],[-71.41604,41.82577],[-71.41788,41.8258],[-71.41794,41.82574],[-71.41796,41.82563],[-71.41775,41.82559],[-71.41815,41.82543],[-71.41837,41.82526],[-71.41835,41.82521],[-71.41823,41.82513],[-71.41777,41.8254],[-71.4174,41.8255],[-71.41592,41.82555],[-71.41552,41.82558],[-71.4155,41.82563],[-71.41526,41.8257],[-71.41511,41.8257],[-71.41495,41.82543],[-71.41486,41.82539],[-71.41447,41.82552],[-71.41439,41.82534],[-71.41423,41.82525],[-71.41413,41.82512],[-71.41392,41.82513],[-71.41384,41.82508],[-71.41372,41.82508],[-71.41363,41.82504],[-71.41344,41.82501],[-71.41326,41.82509],[-71.41323,41.82514],[-71.41322,41.82519],[-71.41328,41.82529],[-71.41319,41.82531],[-71.41324,41.82538],[-71.41319,41.82541],[-71.41296,41.82548],[-71.41293,41.82541],[-71.41284,41.82543],[-71.41274,41.82526],[-71.41258,41.8252],[-71.41254,41.82531],[-71.41239,41.8253],[-71.41228,41.82537],[-71.41203,41.82542],[-71.41188,41.82567],[-71.41162,41.82579],[-71.41159,41.82584],[-71.41163,41.8259],[-71.41189,41.82597],[-71.4119,41.82605],[-71.41203,41.82617],[-71.41223,41.82628],[-71.4126,41.82617],[-71.41292,41.82585],[-71.41332,41.82582],[-71.4136,41.82575],[-71.41369,41.8256],[-71.41383,41.82558],[-71.4138,41.82578],[-71.4136,41.82593],[-71.41361,41.826],[-71.41374,41.82613],[-71.41384,41.8261],[-71.41379,41.82619],[-71.41373,41.82622],[-71.41387,41.82646],[-71.41403,41.82643],[-71.41416,41.82645]],[[-71.41803,41.82649],[-71.4179,41.82663],[-71.4179,41.82669],[-71.41801,41.82677],[-71.41849,41.82688],[-71.41903,41.82685],[-71.41922,41.82677],[-71.41923,41.82673],[-71.4192,41.8266],[-71.41911,41.82653],[-71.41857,41.82648],[-71.41812,41.82632],[-71.41808,41.82634],[-71.41802,41.82633],[-71.41794,41.8264],[-71.41803,41.82649]],[[-71.42455,41.82821],[-71.42474,41.82831],[-71.42489,41.82855],[-71.42503,41.82859],[-71.4251,41.82857],[-71.42521,41.82848],[-71.42541,41.82821],[-71.42538,41.82813],[-71.42523,41.82809],[-71.42509,41.828],[-71.425,41.82797],[-71.42485,41.828],[-71.42479,41.82797],[-71.42451,41.828],[-71.42455,41.82821]]],[[[-71.44125,41.82157],[-71.44126,41.82149],[-71.44118,41.82139],[-71.44122,41.82138],[-71.44138,41.82148],[-71.44138,41.82162],[-71.44132,41.82174],[-71.44121,41.8216],[-71.44125,41.82157]]],[[[-71.44126,41.82243],[-71.44132,41.82234],[-71.44124,41.82227],[-71.44125,41.82216],[-71.44116,41.82213],[-71.44098,41.82227],[-71.44104,41.82243],[-71.4408,41.8224],[-71.44066,41.82234],[-71.44042,41.82211],[-71.4404,41.82203],[-71.44043,41.822],[-71.44061,41.82194],[-71.44052,41.82186],[-71.44059,41.82164],[-71.44079,41.8216],[-71.44077,41.82175],[-71.44085,41.82186],[-71.44094,41.82188],[-71.44087,41.8216],[-71.4411,41.8216],[-71.4413,41.82182],[-71.44186,41.82204],[-71.44175,41.82219],[-71.44151,41.82238],[-71.44138,41.82243],[-71.44126,41.82243]]],[[[-71.43701,41.82503],[-71.43708,41.82532],[-71.43681,41.8253],[-71.43677,41.82516],[-71.43686,41.82503],[-71.43701,41.82503]]],[[[-71.41327,41.82697],[-71.41342,41.82697],[-71.41381,41.82717],[-71.41588,41.82738],[-71.41657,41.82758],[-71.41691,41.8276],[-71.41823,41.82799],[-71.42116,41.82877],[-71.42264,41.82901],[-71.42295,41.8291],[-71.42412,41.82931],[-71.42484,41.82941],[-71.42526,41.82942],[-71.42697,41.82912],[-71.42945,41.82857],[-71.43188,41.82822],[-71.43294,41.82788],[-71.43313,41.82792],[-71.4333,41.82804],[-71.43353,41.82799],[-71.4337,41.82804],[-71.43372,41.82788],[-71.43381,41.82787],[-71.43399,41.82798],[-71.43424,41.82799],[-71.43443,41.82784],[-71.43492,41.82764],[-71.43525,41.82759],[-71.43547,41.82751],[-71.43556,41.82744],[-71.43571,41.82716],[-71.43583,41.82708],[-71.43601,41.82709],[-71.43609,41.82722],[-71.43639,41.82748],[-71.43652,41.82745],[-71.43676,41.82734],[-71.43679,41.82725],[-71.43674,41.82723],[-71.43646,41.8273],[-71.4363,41.82714],[-71.43631,41.82701],[-71.43648,41.82698],[-71.43671,41.82701],[-71.43701,41.82674],[-71.43727,41.82663],[-71.43735,41.8265],[-71.43784,41.82658],[-71.43789,41.82655],[-71.43782,41.82644],[-71.43793,41.82633],[-71.43763,41.82606],[-71.43755,41.82594],[-71.43725,41.82569],[-71.43721,41.82558],[-71.43724,41.82553],[-71.43744,41.82541],[-71.43844,41.82514],[-71.4385,41.82505],[-71.43848,41.82496],[-71.43849,41.825],[-71.43855,41.82493],[-71.43854,41.82473],[-71.43881,41.82459],[-71.43882,41.82447],[-71.43908,41.82448],[-71.43916,41.82451],[-71.43918,41.82466],[-71.43931,41.82477],[-71.43929,41.82483],[-71.43912,41.82486],[-71.43887,41.82497],[-71.43877,41.82509],[-71.43862,41.82513],[-71.43866,41.82544],[-71.43884,41.82575],[-71.43886,41.82591],[-71.43871,41.8261],[-71.43836,41.82642],[-71.43839,41.82657],[-71.4383,41.82666],[-71.43829,41.82675],[-71.43814,41.82678],[-71.43809,41.82683],[-71.43806,41.82691],[-71.43788,41.82699],[-71.43778,41.82712],[-71.43775,41.82725],[-71.43753,41.82722],[-71.43746,41.82731],[-71.43729,41.82739],[-71.43716,41.82754],[-71.43697,41.82766],[-71.43681,41.82772],[-71.43642,41.82777],[-71.43619,41.82787],[-71.43587,41.82795],[-71.4357,41.82793],[-71.43534,41.82801],[-71.43492,41.82825],[-71.43482,41.82835],[-71.4346,41.82845],[-71.43454,41.82855],[-71.43463,41.82868],[-71.43473,41.82869],[-71.43494,41.82861],[-71.43503,41.82862],[-71.43523,41.82881],[-71.43527,41.82889],[-71.43527,41.82896],[-71.43523,41.82901],[-71.43478,41.82928],[-71.43471,41.82935],[-71.43448,41.82936],[-71.43445,41.82922],[-71.43433,41.82911],[-71.4341,41.8291],[-71.43393,41.829],[-71.43372,41.82901],[-71.43342,41.82919],[-71.43342,41.82924],[-71.43349,41.82932],[-71.43342,41.82942],[-71.43311,41.82964],[-71.43269,41.82983],[-71.43261,41.82992],[-71.43245,41.82996],[-71.43224,41.82994],[-71.4322,41.8299],[-71.43223,41.82981],[-71.43218,41.82979],[-71.43195,41.82992],[-71.43194,41.83009],[-71.43191,41.83013],[-71.43147,41.83031],[-71.43124,41.83029],[-71.43112,41.83031],[-71.4301,41.83071],[-71.43004,41.83068],[-71.43005,41.83058],[-71.42991,41.83046],[-71.42977,41.83046],[-71.42977,41.83067],[-71.42971,41.83068],[-71.42941,41.83046],[-71.42922,41.83043],[-71.42905,41.83034],[-71.42881,41.83016],[-71.42872,41.83003],[-71.42857,41.82999],[-71.4285,41.82991],[-71.42817,41.82994],[-71.42801,41.82967],[-71.42795,41.82965],[-71.42737,41.82989],[-71.42736,41.82991],[-71.42739,41.82997],[-71.42736,41.82999],[-71.42708,41.82985],[-71.42697,41.82989],[-71.42691,41.82989],[-71.42663,41.82974],[-71.42595,41.82971],[-71.42584,41.82979],[-71.42587,41.82988],[-71.42597,41.82996],[-71.42593,41.83012],[-71.42597,41.8304],[-71.42576,41.83052],[-71.42538,41.8306],[-71.42517,41.83061],[-71.42494,41.83058],[-71.42477,41.83024],[-71.42459,41.83013],[-71.42441,41.83007],[-71.4243,41.8299],[-71.42419,41.82987],[-71.42407,41.82976],[-71.42376,41.82972],[-71.42358,41.82993],[-71.42341,41.82999],[-71.42336,41.83015],[-71.42325,41.83031],[-71.42308,41.83044],[-71.42293,41.83047],[-71.42285,41.83029],[-71.4226,41.83011],[-71.42231,41.83005],[-71.42209,41.82997],[-71.42185,41.82995],[-71.42173,41.82999],[-71.42151,41.82998],[-71.4214,41.82989],[-71.42114,41.8298],[-71.42092,41.82983],[-71.42067,41.82954],[-71.42045,41.82937],[-71.42048,41.82924],[-71.42046,41.8292],[-71.4199,41.829],[-71.41994,41.82883],[-71.4199,41.82876],[-71.41976,41.82879],[-71.41943,41.82905],[-71.41929,41.82902],[-71.41901,41.82882],[-71.41865,41.82876],[-71.41868,41.82853],[-71.41864,41.82836],[-71.41861,41.82829],[-71.4185,41.82821],[-71.41798,41.8281],[-71.41779,41.8281],[-71.41765,41.82816],[-71.41715,41.82799],[-71.41655,41.82798],[-71.41601,41.82762],[-71.41581,41.82744],[-71.41573,41.82741],[-71.41512,41.82733],[-71.41484,41.82737],[-71.4145,41.82732],[-71.41426,41.82735],[-71.41391,41.82733],[-71.41333,41.82715],[-71.41298,41.82723],[-71.41225,41.82729],[-71.41234,41.82752],[-71.41252,41.82774],[-71.41251,41.82786],[-71.41227,41.82806],[-71.4121,41.82814],[-71.41204,41.82815],[-71.41189,41.82807],[-71.41181,41.82813],[-71.41182,41.82818],[-71.41178,41.8282],[-71.41188,41.82829],[-71.41184,41.82838],[-71.41172,41.82845],[-71.41153,41.8284],[-71.41146,41.82842],[-71.4114,41.82854],[-71.41148,41.82866],[-71.41192,41.82904],[-71.4121,41.82906],[-71.4127,41.82947],[-71.41283,41.82951],[-71.41258,41.82979],[-71.41265,41.82982],[-71.41293,41.82952],[-71.413,41.82958],[-71.41275,41.82987],[-71.41282,41.82991],[-71.41308,41.82963],[-71.41318,41.82969],[-71.41273,41.8302],[-71.4125,41.83061],[-71.41245,41.83084],[-71.41256,41.83101],[-71.41261,41.83118],[-71.41261,41.83145],[-71.41253,41.83147],[-71.41247,41.83125],[-71.41159,41.83119],[-71.41114,41.8287],[-71.41053,41.82747],[-71.41018,41.82706],[-71.41005,41.82684],[-71.41011,41.82683],[-71.41061,41.82712],[-71.41135,41.82729],[-71.41214,41.82727],[-71.41256,41.82719],[-71.41327,41.82697]],[[-71.42177,41.82946],[-71.42145,41.82979],[-71.42174,41.82993],[-71.42176,41.82991],[-71.42174,41.82976],[-71.42184,41.82956],[-71.42186,41.82942],[-71.42179,41.82939],[-71.42177,41.82946]],[[-71.43341,41.82806],[-71.4334,41.82814],[-71.43352,41.82831],[-71.43359,41.82829],[-71.43373,41.82813],[-71.43346,41.82803],[-71.43341,41.82806]],[[-71.43376,41.82795],[-71.43387,41.82811],[-71.43392,41.82812],[-71.43399,41.82809],[-71.43397,41.82801],[-71.4339,41.82793],[-71.4338,41.82791],[-71.43376,41.82795]]],[[[-71.38636,41.82433],[-71.3866,41.82414],[-71.38685,41.82403],[-71.38732,41.82387],[-71.38745,41.82377],[-71.38769,41.82352],[-71.38833,41.8226],[-71.38852,41.82249],[-71.3886,41.82231],[-71.38869,41.82224],[-71.38861,41.8221],[-71.38865,41.82202],[-71.38882,41.82194],[-71.38889,41.82199],[-71.38893,41.82211],[-71.38901,41.82212],[-71.38913,41.82207],[-71.38924,41.82193],[-71.38939,41.82185],[-71.38942,41.82174],[-71.38951,41.82162],[-71.38953,41.82153],[-71.38941,41.82153],[-71.38936,41.82149],[-71.38933,41.8214],[-71.38937,41.82131],[-71.38949,41.82129],[-71.38964,41.82133],[-71.38973,41.82156],[-71.3898,41.82147],[-71.38976,41.82143],[-71.38979,41.82132],[-71.38979,41.82089],[-71.38974,41.82056],[-71.38982,41.82042],[-71.38971,41.82025],[-71.38972,41.82015],[-71.38963,41.82003],[-71.38958,41.81978],[-71.38955,41.81975],[-71.38947,41.81978],[-71.38938,41.81994],[-71.38931,41.82001],[-71.38904,41.8199],[-71.38887,41.81973],[-71.38882,41.8194],[-71.38881,41.81882],[-71.38893,41.81843],[-71.38902,41.8183],[-71.38926,41.81808],[-71.38933,41.81786],[-71.38941,41.81779],[-71.39026,41.81749],[-71.39042,41.81749],[-71.39075,41.81757],[-71.39102,41.81757],[-71.39151,41.81777],[-71.39156,41.81782],[-71.39148,41.81807],[-71.39118,41.81813],[-71.39118,41.81816],[-71.39155,41.81827],[-71.39182,41.81842],[-71.39182,41.81836],[-71.39169,41.81815],[-71.39173,41.81796],[-71.39178,41.8179],[-71.39197,41.81796],[-71.3922,41.81797],[-71.39262,41.81793],[-71.39283,41.81784],[-71.3937,41.81803],[-71.39386,41.81804],[-71.39582,41.81777],[-71.39648,41.81755],[-71.39681,41.81735],[-71.39698,41.81731],[-71.39678,41.81748],[-71.39678,41.81755],[-71.39686,41.81754],[-71.39748,41.81719],[-71.39743,41.81712],[-71.3973,41.81712],[-71.39733,41.81708],[-71.39838,41.81648],[-71.39822,41.81629],[-71.39817,41.81618],[-71.39828,41.81617],[-71.39825,41.81604],[-71.39828,41.81599],[-71.39842,41.816],[-71.39851,41.81606],[-71.39871,41.81628],[-71.39878,41.81641],[-71.39887,41.81643],[-71.39912,41.81638],[-71.39875,41.81668],[-71.39875,41.81671],[-71.39897,41.81665],[-71.39952,41.81643],[-71.39965,41.81635],[-71.39966,41.81625],[-71.40002,41.81605],[-71.40049,41.81622],[-71.40061,41.81635],[-71.40099,41.81616],[-71.40168,41.81703],[-71.40248,41.81792],[-71.4027,41.81814],[-71.40293,41.81831],[-71.403,41.81855],[-71.40317,41.81882],[-71.40352,41.81922],[-71.40416,41.81985],[-71.40436,41.81999],[-71.40438,41.82007],[-71.40457,41.82024],[-71.4046,41.82032],[-71.40455,41.82041],[-71.40455,41.82048],[-71.40464,41.82063],[-71.40473,41.82066],[-71.4048,41.82056],[-71.40469,41.82045],[-71.40472,41.82039],[-71.40488,41.82038],[-71.405,41.82045],[-71.4049,41.82064],[-71.40495,41.82081],[-71.40522,41.82101],[-71.4053,41.82116],[-71.40591,41.82192],[-71.40585,41.82199],[-71.40587,41.82204],[-71.40602,41.82219],[-71.40616,41.82225],[-71.4064,41.82251],[-71.40676,41.82276],[-71.40731,41.82351],[-71.40742,41.82373],[-71.40751,41.82384],[-71.40753,41.82397],[-71.40776,41.82401],[-71.40777,41.82405],[-71.40767,41.8241],[-71.40767,41.82415],[-71.40783,41.82446],[-71.40839,41.82539],[-71.40857,41.82561],[-71.4093,41.82621],[-71.40937,41.82634],[-71.40994,41.82699],[-71.41038,41.82777],[-71.41063,41.82805],[-71.41088,41.82856],[-71.41083,41.82865],[-71.41094,41.82873],[-71.41125,41.83028],[-71.41147,41.8312],[-71.41151,41.83124],[-71.41142,41.8319],[-71.41132,41.83232],[-71.41128,41.83292],[-71.41111,41.83323],[-71.41111,41.83354],[-71.41102,41.83386],[-71.41095,41.83389],[-71.41092,41.83418],[-71.41084,41.83383],[-71.41092,41.83344],[-71.41089,41.83327],[-71.41088,41.83279],[-71.41094,41.83262],[-71.41114,41.83235],[-71.41109,41.83206],[-71.41123,41.83167],[-71.41124,41.83151],[-71.41117,41.83135],[-71.4108,41.83088],[-71.41066,41.83078],[-71.41047,41.83072],[-71.41043,41.83061],[-71.41052,41.83055],[-71.41055,41.83045],[-71.41045,41.83],[-71.41038,41.82975],[-71.41029,41.8297],[-71.41022,41.82959],[-71.41024,41.82932],[-71.41019,41.82921],[-71.41006,41.82909],[-71.41013,41.82895],[-71.4103,41.82883],[-71.4103,41.82877],[-71.40992,41.82877],[-71.40977,41.82872],[-71.40964,41.82829],[-71.40951,41.82803],[-71.40948,41.82798],[-71.4094,41.82794],[-71.40933,41.82777],[-71.40907,41.82755],[-71.40889,41.82723],[-71.40907,41.82723],[-71.40913,41.82731],[-71.40929,41.82733],[-71.4094,41.82729],[-71.40938,41.82725],[-71.40941,41.82724],[-71.40945,41.82727],[-71.40957,41.82723],[-71.4096,41.82717],[-71.40956,41.8271],[-71.40946,41.82705],[-71.40921,41.8271],[-71.40883,41.82708],[-71.40884,41.82692],[-71.40879,41.82685],[-71.40864,41.82672],[-71.40847,41.82667],[-71.40838,41.82655],[-71.4083,41.82652],[-71.40817,41.82633],[-71.408,41.82629],[-71.40788,41.826],[-71.40779,41.82591],[-71.40773,41.82576],[-71.4075,41.82542],[-71.40716,41.82502],[-71.40716,41.82492],[-71.40701,41.82472],[-71.40704,41.82467],[-71.40669,41.82401],[-71.40669,41.82395],[-71.40642,41.82359],[-71.40642,41.82346],[-71.40632,41.82347],[-71.40627,41.82344],[-71.40628,41.82341],[-71.40643,41.82332],[-71.40635,41.82326],[-71.40641,41.82315],[-71.40613,41.82314],[-71.40579,41.82297],[-71.40567,41.82284],[-71.40566,41.82272],[-71.40557,41.82261],[-71.4055,41.82259],[-71.40517,41.82227],[-71.40484,41.82191],[-71.40473,41.82175],[-71.40447,41.82153],[-71.40442,41.82144],[-71.40447,41.82128],[-71.40443,41.82126],[-71.40433,41.82128],[-71.40416,41.82118],[-71.40412,41.82108],[-71.40414,41.82101],[-71.4041,41.82092],[-71.4038,41.82082],[-71.40371,41.82072],[-71.40371,41.82064],[-71.40366,41.82062],[-71.40348,41.82041],[-71.40355,41.82038],[-71.40371,41.82036],[-71.40378,41.82043],[-71.40409,41.82045],[-71.40426,41.82039],[-71.40422,41.82027],[-71.40399,41.81997],[-71.40383,41.81991],[-71.40324,41.81955],[-71.40285,41.8193],[-71.40258,41.81909],[-71.40249,41.81911],[-71.40242,41.81909],[-71.40219,41.81887],[-71.40194,41.81875],[-71.40155,41.81889],[-71.4021,41.81931],[-71.40204,41.81936],[-71.40162,41.81908],[-71.40147,41.81905],[-71.40148,41.81908],[-71.40139,41.8191],[-71.40119,41.81909],[-71.40114,41.81898],[-71.40087,41.81881],[-71.40082,41.81873],[-71.40103,41.81866],[-71.40107,41.81868],[-71.40153,41.81851],[-71.40078,41.81807],[-71.4008,41.81803],[-71.40087,41.81802],[-71.40083,41.81796],[-71.40075,41.81791],[-71.40058,41.81789],[-71.4005,41.81784],[-71.40015,41.81721],[-71.39992,41.81699],[-71.3999,41.81684],[-71.39986,41.81678],[-71.39969,41.81684],[-71.39942,41.81701],[-71.39922,41.81696],[-71.39909,41.817],[-71.39897,41.8171],[-71.39889,41.81729],[-71.39844,41.81723],[-71.39818,41.81726],[-71.39736,41.81769],[-71.39686,41.81787],[-71.39671,41.8179],[-71.39642,41.81804],[-71.3962,41.81808],[-71.39588,41.81805],[-71.39502,41.81823],[-71.39418,41.81836],[-71.39412,41.81833],[-71.39418,41.81823],[-71.39464,41.81809],[-71.39444,41.81805],[-71.39346,41.8181],[-71.39331,41.81814],[-71.39322,41.81823],[-71.39353,41.81829],[-71.39368,41.81843],[-71.39368,41.81848],[-71.39364,41.81851],[-71.39282,41.81865],[-71.39241,41.81862],[-71.39205,41.81849],[-71.39207,41.81861],[-71.39195,41.81865],[-71.39166,41.81857],[-71.3913,41.81858],[-71.39104,41.81851],[-71.39066,41.81869],[-71.39061,41.81879],[-71.39048,41.81883],[-71.39033,41.81881],[-71.39005,41.81896],[-71.38996,41.81903],[-71.38993,41.81914],[-71.38995,41.81955],[-71.3901,41.81971],[-71.39019,41.82007],[-71.39021,41.82025],[-71.39032,41.82039],[-71.39007,41.82066],[-71.39011,41.82095],[-71.3901,41.82122],[-71.3902,41.82137],[-71.39027,41.82174],[-71.39024,41.82183],[-71.39014,41.82194],[-71.39016,41.82223],[-71.39027,41.82249],[-71.3902,41.82281],[-71.39011,41.82293],[-71.39006,41.82309],[-71.38998,41.82318],[-71.38969,41.82333],[-71.38944,41.82336],[-71.38922,41.82353],[-71.3891,41.82351],[-71.38893,41.82374],[-71.38888,41.82378],[-71.38829,41.82394],[-71.38789,41.82376],[-71.38774,41.82376],[-71.38729,41.82402],[-71.38721,41.82413],[-71.38731,41.82427],[-71.38751,41.82442],[-71.38757,41.82454],[-71.3878,41.82462],[-71.3879,41.82457],[-71.3879,41.82451],[-71.38815,41.82449],[-71.3886,41.82481],[-71.38867,41.8249],[-71.38874,41.82486],[-71.38897,41.82483],[-71.38929,41.82488],[-71.38934,41.8249],[-71.38938,41.82503],[-71.38945,41.82511],[-71.38906,41.82506],[-71.38893,41.82502],[-71.38877,41.82491],[-71.38879,41.82499],[-71.38872,41.82498],[-71.38787,41.82474],[-71.38665,41.82432],[-71.38636,41.82433]]],[[[-71.41154,41.83191],[-71.41182,41.83233],[-71.41188,41.8326],[-71.41194,41.83269],[-71.41171,41.83307],[-71.41131,41.83319],[-71.41142,41.83284],[-71.41144,41.83234],[-71.41154,41.83191]]]]}},{"type":"Feature","properties":{"ring":"coastal","label":"Coastal flood zone, outside the line","colour":"#b3362c"},"geometry":{"type":"MultiPolygon","coordinates":[[[[-71.38862,41.78652],[-71.38895,41.78709],[-71.389,41.78713],[-71.38907,41.78714],[-71.39136,41.78633],[-71.39169,41.78611],[-71.39194,41.78604],[-71.39186,41.78593],[-71.39188,41.78589],[-71.39215,41.78592],[-71.39236,41.78589],[-71.39311,41.78602],[-71.3931,41.78609],[-71.393,41.7861],[-71.39287,41.78609],[-71.3927,41.78602],[-71.39265,41.78606],[-71.39271,41.78611],[-71.39257,41.7862],[-71.39176,41.78637],[-71.39158,41.78663],[-71.39162,41.78678],[-71.3916,41.78689],[-71.39143,41.78707],[-71.3912,41.7874],[-71.39125,41.78761],[-71.39137,41.7879],[-71.39146,41.78792],[-71.39173,41.78786],[-71.39188,41.78798],[-71.39201,41.7886],[-71.39194,41.78869],[-71.39175,41.78875],[-71.39175,41.78888],[-71.39133,41.78884],[-71.39117,41.78885],[-71.39109,41.78889],[-71.39071,41.78921],[-71.3907,41.78928],[-71.39077,41.78948],[-71.39086,41.78956],[-71.39125,41.78952],[-71.39138,41.78949],[-71.3915,41.7894],[-71.39156,41.78941],[-71.39159,41.78945],[-71.39169,41.78943],[-71.39196,41.78928],[-71.39204,41.78927],[-71.39211,41.78938],[-71.3921,41.78948],[-71.39216,41.7895],[-71.39219,41.78954],[-71.39216,41.78962],[-71.39205,41.78961],[-71.39205,41.78967],[-71.3921,41.78976],[-71.39223,41.78984],[-71.39213,41.78995],[-71.39223,41.79018],[-71.39218,41.7904],[-71.39199,41.79026],[-71.39184,41.79043],[-71.39151,41.79044],[-71.39152,41.7905],[-71.39148,41.79059],[-71.39152,41.79071],[-71.39149,41.79085],[-71.39128,41.79101],[-71.39124,41.79111],[-71.39125,41.79123],[-71.39132,41.79138],[-71.3913,41.79143],[-71.39119,41.79143],[-71.39103,41.7912],[-71.39061,41.79126],[-71.39041,41.79143],[-71.39036,41.79159],[-71.39022,41.79161],[-71.39015,41.79169],[-71.39002,41.79168],[-71.3897,41.79154],[-71.389,41.79135],[-71.38843,41.79112],[-71.3884,41.79107],[-71.38844,41.79099],[-71.38827,41.79078],[-71.38788,41.79037],[-71.38754,41.79011],[-71.38735,41.79015],[-71.38717,41.7903],[-71.38705,41.79026],[-71.38671,41.79003],[-71.3868,41.79017],[-71.38666,41.79011],[-71.3865,41.7901],[-71.38632,41.79001],[-71.38618,41.79012],[-71.38625,41.79026],[-71.38636,41.79034],[-71.3863,41.79036],[-71.38639,41.79042],[-71.38638,41.79046],[-71.38647,41.79048],[-71.3865,41.79052],[-71.38634,41.79066],[-71.38615,41.79074],[-71.38605,41.79087],[-71.38595,41.79083],[-71.38595,41.7907],[-71.38591,41.79062],[-71.3856,41.79056],[-71.38536,41.79042],[-71.38503,41.79017],[-71.38489,41.79012],[-71.38331,41.79118],[-71.38324,41.79126],[-71.38327,41.79134],[-71.3839,41.79214],[-71.38403,41.79222],[-71.38591,41.79096],[-71.386,41.79094],[-71.38666,41.79059],[-71.38686,41.79064],[-71.38698,41.79077],[-71.387,41.79085],[-71.38675,41.79089],[-71.38667,41.79099],[-71.38662,41.79114],[-71.38695,41.79101],[-71.3868,41.79127],[-71.38703,41.79138],[-71.38659,41.79173],[-71.38679,41.79211],[-71.38665,41.79211],[-71.38638,41.79203],[-71.38602,41.79219],[-71.38608,41.79232],[-71.38579,41.79232],[-71.38567,41.79237],[-71.38499,41.79292],[-71.38493,41.79302],[-71.38492,41.79313],[-71.38539,41.79331],[-71.38557,41.79342],[-71.38583,41.79332],[-71.38593,41.79334],[-71.38595,41.79343],[-71.38588,41.79346],[-71.3858,41.7936],[-71.38569,41.79364],[-71.38554,41.7936],[-71.38523,41.7934],[-71.38556,41.79369],[-71.38577,41.79378],[-71.38622,41.79402],[-71.38626,41.794],[-71.38626,41.79393],[-71.38612,41.79386],[-71.38613,41.79381],[-71.38651,41.7938],[-71.38653,41.79361],[-71.38675,41.79347],[-71.38685,41.79347],[-71.38714,41.79364],[-71.38724,41.79367],[-71.38736,41.79365],[-71.38756,41.79351],[-71.38771,41.79351],[-71.38766,41.79353],[-71.38766,41.79362],[-71.38745,41.79388],[-71.38713,41.79409],[-71.38699,41.79437],[-71.38692,41.79461],[-71.38694,41.79468],[-71.38725,41.79497],[-71.38796,41.79552],[-71.38834,41.79569],[-71.3886,41.79575],[-71.38885,41.79589],[-71.38922,41.79591],[-71.38942,41.79605],[-71.38957,41.79606],[-71.38976,41.79601],[-71.38979,41.79604],[-71.3898,41.79616],[-71.39034,41.79623],[-71.39038,41.79628],[-71.39037,41.79631],[-71.3906,41.79638],[-71.38916,41.79631],[-71.38907,41.79634],[-71.38898,41.7965],[-71.38885,41.79657],[-71.38896,41.79669],[-71.38914,41.79681],[-71.38941,41.79715],[-71.38982,41.79721],[-71.39017,41.79747],[-71.39028,41.79762],[-71.39027,41.79776],[-71.39023,41.79785],[-71.39025,41.79791],[-71.39045,41.79808],[-71.39071,41.79821],[-71.39102,41.79846],[-71.39114,41.79846],[-71.39166,41.79814],[-71.39205,41.79806],[-71.39225,41.7981],[-71.39223,41.79815],[-71.39195,41.79837],[-71.39185,41.79851],[-71.39161,41.79869],[-71.39153,41.7987],[-71.39137,41.79865],[-71.39142,41.79876],[-71.39167,41.79879],[-71.39169,41.79881],[-71.39138,41.7991],[-71.39136,41.79916],[-71.39236,41.79999],[-71.39272,41.80012],[-71.3929,41.80023],[-71.39294,41.80027],[-71.39296,41.80037],[-71.39307,41.80037],[-71.39329,41.80023],[-71.3939,41.79975],[-71.39391,41.79972],[-71.39389,41.79967],[-71.39354,41.79935],[-71.39366,41.79932],[-71.39374,41.79921],[-71.39412,41.79892],[-71.39423,41.79877],[-71.39419,41.7986],[-71.39392,41.7982],[-71.39389,41.79822],[-71.39391,41.79831],[-71.39409,41.7987],[-71.39408,41.79876],[-71.394,41.79883],[-71.39384,41.79894],[-71.39367,41.79895],[-71.39332,41.7987],[-71.39328,41.79855],[-71.39353,41.79828],[-71.39336,41.79825],[-71.39357,41.79805],[-71.39357,41.79795],[-71.39352,41.79784],[-71.3937,41.79782],[-71.39464,41.79715],[-71.39474,41.79706],[-71.39471,41.79694],[-71.39472,41.79686],[-71.39475,41.79684],[-71.39532,41.79677],[-71.39554,41.79663],[-71.39559,41.7967],[-71.39581,41.79665],[-71.39579,41.79659],[-71.39586,41.79649],[-71.39586,41.79644],[-71.3957,41.79632],[-71.39563,41.79633],[-71.39566,41.79628],[-71.39581,41.79628],[-71.39602,41.79642],[-71.39604,41.79655],[-71.39601,41.79674],[-71.39609,41.79675],[-71.39615,41.79671],[-71.39624,41.7968],[-71.39631,41.79679],[-71.39641,41.79689],[-71.39638,41.79681],[-71.39623,41.7967],[-71.39623,41.79664],[-71.39644,41.79624],[-71.39654,41.79618],[-71.39666,41.79618],[-71.39669,41.79622],[-71.39667,41.79634],[-71.39669,41.79639],[-71.39675,41.79641],[-71.39679,41.79637],[-71.39695,41.79641],[-71.39704,41.79645],[-71.39706,41.7965],[-71.39698,41.79659],[-71.39664,41.79673],[-71.39661,41.79679],[-71.39665,41.79688],[-71.39687,41.79692],[-71.39719,41.79687],[-71.3973,41.79697],[-71.39762,41.79697],[-71.39788,41.79714],[-71.39806,41.79721],[-71.39839,41.7971],[-71.39868,41.79727],[-71.39867,41.79708],[-71.39869,41.79703],[-71.39884,41.79699],[-71.399,41.79714],[-71.39892,41.79697],[-71.39897,41.79691],[-71.3998,41.7967],[-71.39989,41.79671],[-71.39993,41.7968],[-71.39993,41.79687],[-71.39964,41.79699],[-71.3997,41.79727],[-71.39946,41.79736],[-71.39917,41.79734],[-71.39908,41.79741],[-71.3992,41.79762],[-71.39946,41.79763],[-71.39926,41.79779],[-71.39951,41.79793],[-71.39936,41.79793],[-71.39935,41.79801],[-71.39947,41.79825],[-71.39967,41.79843],[-71.39981,41.79876],[-71.39995,41.79884],[-71.40024,41.79871],[-71.40038,41.79868],[-71.40037,41.79872],[-71.4004,41.79878],[-71.40035,41.79887],[-71.39994,41.79911],[-71.3999,41.79917],[-71.40027,41.80007],[-71.40034,41.80018],[-71.4004,41.80044],[-71.40049,41.80063],[-71.40054,41.80062],[-71.40061,41.80038],[-71.40069,41.80025],[-71.40084,41.80013],[-71.40098,41.80009],[-71.40093,41.80003],[-71.40102,41.8],[-71.40105,41.80003],[-71.40103,41.80015],[-71.40092,41.80017],[-71.40104,41.80023],[-71.40094,41.8005],[-71.40081,41.80071],[-71.40074,41.80098],[-71.40083,41.80112],[-71.40082,41.80122],[-71.40089,41.80133],[-71.40095,41.80163],[-71.40106,41.80179],[-71.40113,41.80214],[-71.40101,41.80207],[-71.40106,41.80234],[-71.40103,41.80239],[-71.40098,41.80236],[-71.40089,41.80219],[-71.40083,41.80219],[-71.40083,41.80243],[-71.40074,41.80259],[-71.40101,41.80261],[-71.40107,41.80267],[-71.4011,41.80284],[-71.40109,41.80297],[-71.40098,41.80315],[-71.40103,41.80331],[-71.40125,41.80339],[-71.40136,41.80347],[-71.40143,41.80358],[-71.40139,41.80372],[-71.40146,41.80373],[-71.40158,41.80386],[-71.40171,41.80389],[-71.40189,41.80405],[-71.4019,41.80396],[-71.40195,41.80397],[-71.40232,41.80457],[-71.40232,41.80475],[-71.40247,41.80503],[-71.40253,41.80527],[-71.40235,41.80517],[-71.40237,41.80545],[-71.40235,41.80548],[-71.40229,41.80548],[-71.4023,41.80562],[-71.40237,41.80569],[-71.40234,41.80584],[-71.40248,41.80601],[-71.40262,41.8064],[-71.40257,41.80644],[-71.4023,41.80641],[-71.40229,41.80647],[-71.40234,41.80657],[-71.40245,41.80663],[-71.40268,41.80664],[-71.40279,41.80668],[-71.40287,41.80679],[-71.40285,41.80701],[-71.40291,41.80719],[-71.40314,41.80732],[-71.40315,41.80719],[-71.40324,41.80716],[-71.4033,41.80708],[-71.40345,41.80736],[-71.40358,41.80752],[-71.40365,41.80755],[-71.4037,41.80765],[-71.40388,41.80772],[-71.40409,41.80792],[-71.40409,41.808],[-71.40393,41.80806],[-71.40389,41.80811],[-71.40396,41.80828],[-71.40414,41.80859],[-71.4042,41.80881],[-71.40426,41.80887],[-71.40424,41.80923],[-71.40414,41.80918],[-71.40405,41.80926],[-71.4039,41.80915],[-71.40385,41.80903],[-71.40372,41.80897],[-71.40366,41.80904],[-71.40367,41.80911],[-71.40372,41.80917],[-71.40394,41.80931],[-71.40399,41.80946],[-71.40415,41.80962],[-71.40421,41.8096],[-71.40437,41.80974],[-71.40439,41.80952],[-71.40478,41.81032],[-71.40485,41.81039],[-71.405,41.81045],[-71.40491,41.81069],[-71.40515,41.8111],[-71.40525,41.81167],[-71.40548,41.81185],[-71.40572,41.81193],[-71.40578,41.81202],[-71.40578,41.81223],[-71.40585,41.81235],[-71.40577,41.81248],[-71.40577,41.81258],[-71.40602,41.81282],[-71.40611,41.81299],[-71.4061,41.81303],[-71.40595,41.81311],[-71.40603,41.81338],[-71.40588,41.81329],[-71.40583,41.81356],[-71.40573,41.81371],[-71.40543,41.81396],[-71.40544,41.8138],[-71.40559,41.81347],[-71.40554,41.81323],[-71.40544,41.81296],[-71.40552,41.81278],[-71.40545,41.81266],[-71.40535,41.81262],[-71.40517,41.81263],[-71.40518,41.81273],[-71.40512,41.81276],[-71.40516,41.81283],[-71.40515,41.81292],[-71.40518,41.81295],[-71.40512,41.8131],[-71.40499,41.81317],[-71.40496,41.81301],[-71.40487,41.81282],[-71.40466,41.81283],[-71.40456,41.81278],[-71.40456,41.81271],[-71.40454,41.81269],[-71.40428,41.81264],[-71.40444,41.81258],[-71.40448,41.81253],[-71.40446,41.81238],[-71.40437,41.81229],[-71.4042,41.81226],[-71.40352,41.81231],[-71.40345,41.81238],[-71.40348,41.8126],[-71.40394,41.81265],[-71.404,41.81269],[-71.40379,41.81281],[-71.40378,41.81295],[-71.40358,41.81291],[-71.40355,41.81309],[-71.4038,41.81319],[-71.40382,41.81314],[-71.40389,41.81316],[-71.40393,41.81331],[-71.404,41.81329],[-71.4041,41.81337],[-71.40407,41.81342],[-71.40411,41.81347],[-71.40411,41.81355],[-71.40408,41.81362],[-71.40419,41.81363],[-71.40384,41.81394],[-71.40346,41.81412],[-71.40318,41.81432],[-71.4032,41.81443],[-71.40359,41.815],[-71.40093,41.81619],[-71.40061,41.81635],[-71.40049,41.81622],[-71.40002,41.81605],[-71.39966,41.81625],[-71.39965,41.81635],[-71.39952,41.81643],[-71.39897,41.81665],[-71.39875,41.81671],[-71.39875,41.81668],[-71.39912,41.81638],[-71.39887,41.81643],[-71.39878,41.81641],[-71.39871,41.81628],[-71.39851,41.81606],[-71.39842,41.816],[-71.39828,41.81599],[-71.39825,41.81604],[-71.39828,41.81617],[-71.39817,41.81618],[-71.39822,41.81629],[-71.39838,41.81648],[-71.39733,41.81708],[-71.3973,41.81712],[-71.39743,41.81712],[-71.39748,41.81719],[-71.39686,41.81754],[-71.39678,41.81755],[-71.39678,41.81748],[-71.39698,41.81731],[-71.39681,41.81735],[-71.39648,41.81755],[-71.39582,41.81777],[-71.39386,41.81804],[-71.3937,41.81803],[-71.39283,41.81784],[-71.39262,41.81793],[-71.3922,41.81797],[-71.39197,41.81796],[-71.39178,41.8179],[-71.39173,41.81796],[-71.39169,41.81815],[-71.39182,41.81836],[-71.39182,41.81842],[-71.39155,41.81827],[-71.39118,41.81816],[-71.39118,41.81813],[-71.39148,41.81807],[-71.39156,41.81782],[-71.39151,41.81777],[-71.39101,41.81757],[-71.39075,41.81757],[-71.39042,41.81749],[-71.39026,41.81749],[-71.38993,41.81762],[-71.38959,41.81771],[-71.38935,41.81783],[-71.38926,41.81808],[-71.38895,41.8184],[-71.38882,41.81879],[-71.38881,41.81934],[-71.38884,41.81961],[-71.38887,41.81973],[-71.38897,41.81985],[-71.38928,41.82001],[-71.38937,41.81996],[-71.38947,41.81978],[-71.38955,41.81975],[-71.38958,41.81978],[-71.38963,41.82003],[-71.38972,41.82015],[-71.38971,41.82025],[-71.38982,41.82042],[-71.38974,41.82056],[-71.38979,41.82087],[-71.38979,41.82132],[-71.38976,41.82143],[-71.3898,41.82144],[-71.38979,41.82148],[-71.38973,41.82156],[-71.38964,41.82133],[-71.38949,41.82129],[-71.38937,41.82131],[-71.38933,41.8214],[-71.38936,41.82149],[-71.38941,41.82153],[-71.38953,41.82153],[-71.38951,41.82162],[-71.38942,41.82174],[-71.38939,41.82185],[-71.38924,41.82193],[-71.38913,41.82207],[-71.38901,41.82212],[-71.38893,41.82211],[-71.38889,41.82199],[-71.38882,41.82194],[-71.38865,41.82202],[-71.38861,41.8221],[-71.38869,41.82224],[-71.3886,41.82231],[-71.38852,41.82249],[-71.38833,41.8226],[-71.38769,41.82352],[-71.38745,41.82377],[-71.38732,41.82387],[-71.38685,41.82403],[-71.38659,41.82415],[-71.38636,41.82433],[-71.38635,41.82439],[-71.38641,41.82443],[-71.38725,41.82474],[-71.38696,41.82473],[-71.3867,41.8246],[-71.38649,41.8246],[-71.38598,41.82482],[-71.38558,41.82509],[-71.38511,41.82529],[-71.38499,41.8253],[-71.38506,41.8252],[-71.38503,41.82512],[-71.38496,41.8251],[-71.38484,41.82512],[-71.38432,41.82539],[-71.38426,41.82557],[-71.38414,41.82559],[-71.38389,41.82576],[-71.38372,41.82582],[-71.38369,41.82602],[-71.3836,41.8261],[-71.38344,41.82614],[-71.38302,41.82614],[-71.38254,41.82629],[-71.38217,41.82632],[-71.38226,41.82637],[-71.38194,41.82668],[-71.38176,41.8267],[-71.38155,41.82661],[-71.38141,41.8267],[-71.38116,41.82696],[-71.38107,41.82713],[-71.38093,41.82731],[-71.38071,41.82747],[-71.38046,41.8279],[-71.38043,41.82802],[-71.38043,41.82862],[-71.37995,41.8288],[-71.37981,41.82895],[-71.37977,41.82906],[-71.37974,41.82938],[-71.37992,41.82947],[-71.37997,41.82955],[-71.38005,41.82979],[-71.38007,41.83003],[-71.38013,41.83018],[-71.38035,41.83033],[-71.38065,41.83043],[-71.38079,41.8305],[-71.38083,41.83056],[-71.38082,41.83068],[-71.38078,41.83072],[-71.38044,41.83084],[-71.37949,41.83127],[-71.37931,41.83141],[-71.37913,41.83164],[-71.37899,41.83173],[-71.37883,41.83196],[-71.37855,41.83221],[-71.37839,41.83246],[-71.37837,41.83269],[-71.37849,41.8329],[-71.3785,41.83302],[-71.37846,41.83309],[-71.37833,41.83318],[-71.37807,41.83352],[-71.37808,41.83369],[-71.3782,41.83406],[-71.37844,41.83447],[-71.37907,41.83501],[-71.37915,41.83505],[-71.37924,41.83506],[-71.37944,41.83496],[-71.37984,41.83485],[-71.38054,41.83475],[-71.381,41.83452],[-71.38146,41.83437],[-71.38162,41.83438],[-71.38153,41.8345],[-71.38184,41.83445],[-71.38141,41.83463],[-71.38089,41.83506],[-71.38045,41.83514],[-71.38041,41.8352],[-71.38037,41.83542],[-71.38019,41.83559],[-71.38012,41.83577],[-71.37979,41.83591],[-71.3795,41.83594],[-71.37943,41.83601],[-71.37985,41.83654],[-71.38,41.83686],[-71.38003,41.83722],[-71.37996,41.83769],[-71.37985,41.83798],[-71.37986,41.83814],[-71.37991,41.83822],[-71.38,41.83829],[-71.38033,41.83838],[-71.3805,41.83851],[-71.38101,41.8386],[-71.38137,41.83857],[-71.3815,41.83859],[-71.38202,41.83894],[-71.38209,41.83902],[-71.38217,41.8392],[-71.38213,41.83943],[-71.38214,41.83966],[-71.38222,41.83973],[-71.3824,41.83976],[-71.38243,41.83982],[-71.38248,41.84018],[-71.38239,41.84055],[-71.38261,41.84088],[-71.38265,41.84117],[-71.38258,41.8415],[-71.38274,41.84168],[-71.38276,41.84185],[-71.38266,41.8419],[-71.38253,41.84187],[-71.38235,41.84163],[-71.38234,41.84158],[-71.38242,41.84141],[-71.38246,41.84107],[-71.38246,41.84099],[-71.38241,41.8409],[-71.38235,41.84088],[-71.38218,41.84092],[-71.38205,41.8409],[-71.38177,41.84076],[-71.38163,41.84064],[-71.3816,41.84048],[-71.38173,41.84031],[-71.38174,41.84024],[-71.38162,41.83994],[-71.38145,41.83973],[-71.38137,41.83935],[-71.38122,41.83917],[-71.38107,41.83907],[-71.38097,41.83903],[-71.38079,41.83902],[-71.3806,41.83907],[-71.38026,41.8394],[-71.37956,41.83953],[-71.37945,41.83961],[-71.37937,41.83975],[-71.37938,41.84004],[-71.37957,41.84036],[-71.37958,41.84052],[-71.37942,41.84079],[-71.379,41.84116],[-71.37892,41.84146],[-71.37883,41.84164],[-71.37876,41.84169],[-71.37857,41.84182],[-71.37829,41.8419],[-71.37818,41.842],[-71.37677,41.842],[-71.37686,41.84174],[-71.37696,41.84157],[-71.37741,41.84107],[-71.37758,41.84083],[-71.37793,41.84019],[-71.37811,41.83978],[-71.37831,41.83917],[-71.37843,41.83844],[-71.37848,41.83791],[-71.37844,41.83754],[-71.37827,41.83698],[-71.37799,41.83636],[-71.37716,41.83475],[-71.37695,41.83414],[-71.37688,41.83383],[-71.37684,41.83336],[-71.37689,41.83305],[-71.37701,41.83272],[-71.37714,41.83249],[-71.37753,41.83205],[-71.37828,41.83134],[-71.37875,41.83071],[-71.379,41.83028],[-71.37916,41.82952],[-71.3794,41.82885],[-71.37993,41.82778],[-71.3802,41.82733],[-71.38091,41.82659],[-71.38126,41.82634],[-71.38234,41.82594],[-71.38339,41.82537],[-71.38369,41.82503],[-71.38433,41.82414],[-71.3849,41.82365],[-71.38512,41.82357],[-71.38661,41.82336],[-71.38716,41.82322],[-71.38754,41.82308],[-71.38775,41.82282],[-71.38793,41.82253],[-71.38809,41.82216],[-71.38828,41.82167],[-71.38834,41.82137],[-71.38832,41.82082],[-71.38816,41.81961],[-71.38801,41.81881],[-71.38784,41.81822],[-71.38781,41.818],[-71.38783,41.81773],[-71.38793,41.81736],[-71.38805,41.81706],[-71.38816,41.81687],[-71.38833,41.81674],[-71.38861,41.81662],[-71.38898,41.81652],[-71.3893,41.81649],[-71.38965,41.8165],[-71.39006,41.81655],[-71.39136,41.81687],[-71.3927,41.81699],[-71.39348,41.817],[-71.39432,41.81693],[-71.39509,41.81682],[-71.39553,41.8167],[-71.39625,41.81636],[-71.39688,41.81596],[-71.39837,41.81473],[-71.39943,41.8141],[-71.39996,41.81371],[-71.4002,41.81343],[-71.40031,41.8132],[-71.40034,41.81296],[-71.4003,41.81251],[-71.40037,41.81224],[-71.40055,41.81204],[-71.40098,41.81173],[-71.40084,41.81144],[-71.40012,41.81047],[-71.39752,41.80636],[-71.39728,41.80525],[-71.39699,41.80474],[-71.39658,41.80427],[-71.39606,41.80389],[-71.39546,41.80354],[-71.39474,41.8032],[-71.39396,41.80274],[-71.39176,41.80182],[-71.39124,41.80153],[-71.38165,41.79364],[-71.37804,41.7891],[-71.37784,41.78769],[-71.37783,41.78736],[-71.37787,41.78709],[-71.37805,41.78651],[-71.37838,41.7858],[-71.37869,41.7854],[-71.37908,41.785],[-71.39147,41.785],[-71.39144,41.78511],[-71.39138,41.78517],[-71.39079,41.78534],[-71.38852,41.78615],[-71.38847,41.7862],[-71.38868,41.78622],[-71.38856,41.78634],[-71.38862,41.78652]],[[-71.37983,41.78806],[-71.38,41.78809],[-71.38005,41.78827],[-71.38016,41.78836],[-71.38046,41.78836],[-71.3808,41.78828],[-71.38117,41.78844],[-71.38138,41.78836],[-71.3812,41.78859],[-71.38117,41.78867],[-71.38125,41.7888],[-71.38143,41.78889],[-71.38154,41.78887],[-71.38193,41.78865],[-71.38248,41.78856],[-71.38289,41.78861],[-71.38295,41.78858],[-71.38298,41.7885],[-71.38311,41.78842],[-71.38324,41.78845],[-71.38315,41.7885],[-71.38321,41.78851],[-71.38332,41.78847],[-71.38332,41.78841],[-71.38353,41.7884],[-71.38354,41.7883],[-71.3839,41.7881],[-71.3839,41.78802],[-71.38397,41.78796],[-71.384,41.78788],[-71.38399,41.7877],[-71.38402,41.78758],[-71.38394,41.78755],[-71.38391,41.78732],[-71.38382,41.78713],[-71.38396,41.78711],[-71.38385,41.78694],[-71.38374,41.78644],[-71.38371,41.78627],[-71.38377,41.78612],[-71.38376,41.78602],[-71.38363,41.78588],[-71.3835,41.7858],[-71.38296,41.78571],[-71.38241,41.78549],[-71.3815,41.78534],[-71.38119,41.78538],[-71.38097,41.78571],[-71.38043,41.78615],[-71.38033,41.78619],[-71.37995,41.78624],[-71.37976,41.78639],[-71.37979,41.78645],[-71.38016,41.78669],[-71.38028,41.78686],[-71.3802,41.78707],[-71.37997,41.7873],[-71.37987,41.78736],[-71.37961,41.78744],[-71.37952,41.78754],[-71.37956,41.78767],[-71.37976,41.78799],[-71.37983,41.78806]],[[-71.40318,41.81007],[-71.40324,41.81011],[-71.40327,41.81032],[-71.40336,41.81038],[-71.40345,41.81037],[-71.40402,41.80999],[-71.40407,41.80989],[-71.40407,41.8098],[-71.40395,41.80964],[-71.40377,41.80959],[-71.40299,41.80984],[-71.4028,41.80994],[-71.40275,41.81002],[-71.40279,41.81005],[-71.40318,41.81007]],[[-71.38866,41.82014],[-71.38863,41.82025],[-71.38878,41.82082],[-71.38884,41.82094],[-71.38888,41.82095],[-71.38895,41.82087],[-71.38896,41.82017],[-71.38893,41.82012],[-71.38884,41.82009],[-71.38866,41.82014]]],[[[-71.39327,41.81367],[-71.39339,41.81433],[-71.39335,41.81542],[-71.39332,41.81566],[-71.39328,41.81578],[-71.39319,41.81589],[-71.39301,41.81599],[-71.39172,41.81626],[-71.39137,41.81623],[-71.39077,41.81609],[-71.38983,41.81601],[-71.38936,41.816],[-71.38889,41.81604],[-71.3885,41.81612],[-71.3882,41.81624],[-71.388,41.81638],[-71.38771,41.81666],[-71.38733,41.81741],[-71.38706,41.81804],[-71.38677,41.81856],[-71.38608,41.81948],[-71.38578,41.82024],[-71.38557,41.82066],[-71.38536,41.82091],[-71.38457,41.82148],[-71.38439,41.82169],[-71.38425,41.82192],[-71.38421,41.8221],[-71.38419,41.82233],[-71.38461,41.82269],[-71.38516,41.82294],[-71.38529,41.82303],[-71.38534,41.82313],[-71.3853,41.82329],[-71.38516,41.82344],[-71.38441,41.82389],[-71.383,41.82426],[-71.38217,41.8245],[-71.38175,41.8247],[-71.38147,41.82491],[-71.38109,41.82527],[-71.38035,41.82624],[-71.38015,41.82645],[-71.37949,41.82698],[-71.37888,41.82736],[-71.37853,41.82761],[-71.37738,41.82859],[-71.37682,41.8292],[-71.37669,41.82967],[-71.37664,41.83002],[-71.37668,41.83062],[-71.37683,41.83126],[-71.37684,41.83162],[-71.37671,41.83196],[-71.37635,41.83221],[-71.375,41.8329],[-71.375,41.82924],[-71.37513,41.82911],[-71.37528,41.82906],[-71.37538,41.82887],[-71.37564,41.82861],[-71.37596,41.82844],[-71.37605,41.8283],[-71.37651,41.82793],[-71.37673,41.82748],[-71.37706,41.82715],[-71.37731,41.82706],[-71.37742,41.82693],[-71.37753,41.82687],[-71.378,41.82689],[-71.37829,41.8267],[-71.37843,41.82669],[-71.37851,41.82665],[-71.37892,41.82617],[-71.37903,41.826],[-71.37906,41.82577],[-71.37933,41.82543],[-71.37952,41.82527],[-71.37966,41.82508],[-71.37981,41.82495],[-71.38023,41.82465],[-71.38034,41.82453],[-71.38058,41.82435],[-71.38072,41.82429],[-71.38098,41.82426],[-71.38117,41.82416],[-71.38142,41.82407],[-71.38154,41.82395],[-71.38163,41.82376],[-71.38175,41.82367],[-71.38194,41.82359],[-71.38257,41.82347],[-71.38362,41.82343],[-71.38372,41.82322],[-71.38372,41.82314],[-71.38324,41.82273],[-71.38294,41.82232],[-71.38281,41.82193],[-71.38273,41.82137],[-71.38274,41.82126],[-71.38291,41.82085],[-71.3829,41.82075],[-71.38298,41.82064],[-71.38313,41.82024],[-71.38321,41.82012],[-71.38313,41.82009],[-71.38314,41.82004],[-71.38335,41.81967],[-71.38376,41.81928],[-71.38397,41.81889],[-71.38411,41.8188],[-71.38405,41.81874],[-71.38406,41.8187],[-71.38431,41.81852],[-71.38472,41.81795],[-71.38484,41.81767],[-71.38467,41.81772],[-71.38471,41.81762],[-71.38487,41.81745],[-71.38522,41.81721],[-71.38532,41.81702],[-71.38557,41.81692],[-71.38559,41.8167],[-71.38565,41.8166],[-71.38616,41.81627],[-71.38631,41.81631],[-71.38637,41.81616],[-71.38646,41.81625],[-71.38653,41.81623],[-71.38655,41.81615],[-71.38663,41.81606],[-71.38703,41.81585],[-71.38739,41.81573],[-71.38811,41.81558],[-71.38845,41.81544],[-71.38861,41.81533],[-71.38885,41.81505],[-71.38921,41.81472],[-71.38942,41.81439],[-71.38958,41.81428],[-71.38961,41.81422],[-71.38958,41.81409],[-71.38923,41.81384],[-71.38918,41.81376],[-71.38916,41.81364],[-71.38902,41.81352],[-71.38907,41.81329],[-71.38914,41.81325],[-71.38924,41.81326],[-71.38924,41.81321],[-71.38851,41.81266],[-71.38848,41.81259],[-71.38855,41.81247],[-71.38853,41.81241],[-71.38836,41.81226],[-71.38817,41.8122],[-71.388,41.81191],[-71.38796,41.81132],[-71.38802,41.81108],[-71.38814,41.81095],[-71.38818,41.81081],[-71.38828,41.81078],[-71.38826,41.81065],[-71.38831,41.81058],[-71.3884,41.81053],[-71.3884,41.81039],[-71.38877,41.81019],[-71.3888,41.81012],[-71.38839,41.80935],[-71.38787,41.80853],[-71.38698,41.80738],[-71.38698,41.80728],[-71.38725,41.80747],[-71.38687,41.80694],[-71.38666,41.80654],[-71.38661,41.8063],[-71.38667,41.80616],[-71.38666,41.80611],[-71.38648,41.80588],[-71.38603,41.80553],[-71.38477,41.80406],[-71.38457,41.80396],[-71.3844,41.8038],[-71.38429,41.80375],[-71.3842,41.80377],[-71.38414,41.80367],[-71.38387,41.80342],[-71.38334,41.80271],[-71.38325,41.80265],[-71.38303,41.80259],[-71.38295,41.80246],[-71.38233,41.8028],[-71.38219,41.80276],[-71.38211,41.8028],[-71.38167,41.80277],[-71.3813,41.80266],[-71.38066,41.8026],[-71.38034,41.80252],[-71.38024,41.80254],[-71.38012,41.80263],[-71.38009,41.80269],[-71.38022,41.80292],[-71.38032,41.80302],[-71.38021,41.80358],[-71.38024,41.80366],[-71.38037,41.80378],[-71.38037,41.80384],[-71.38025,41.80397],[-71.37999,41.804],[-71.37966,41.80415],[-71.37934,41.80436],[-71.37891,41.80473],[-71.37885,41.80483],[-71.37884,41.80499],[-71.37897,41.80506],[-71.37901,41.80523],[-71.37877,41.8053],[-71.37852,41.8053],[-71.37828,41.80558],[-71.37826,41.80575],[-71.37821,41.80581],[-71.37803,41.80593],[-71.3779,41.80593],[-71.37774,41.80604],[-71.37744,41.80618],[-71.37709,41.80605],[-71.37705,41.80577],[-71.37694,41.80566],[-71.37663,41.80589],[-71.37648,41.80608],[-71.37639,41.80612],[-71.37634,41.80611],[-71.37623,41.80593],[-71.3758,41.80577],[-71.37578,41.80588],[-71.37588,41.80606],[-71.37614,41.80624],[-71.37609,41.80626],[-71.37607,41.80631],[-71.37571,41.80647],[-71.375,41.80645],[-71.375,41.80208],[-71.37519,41.80162],[-71.37531,41.80112],[-71.37545,41.80098],[-71.37551,41.80083],[-71.37507,41.80048],[-71.37503,41.80039],[-71.375,41.80029],[-71.375,41.79895],[-71.37516,41.7988],[-71.37527,41.79861],[-71.37531,41.79831],[-71.3754,41.7981],[-71.37546,41.79783],[-71.37541,41.79753],[-71.37551,41.79728],[-71.37571,41.79726],[-71.37584,41.79733],[-71.37588,41.79749],[-71.37596,41.7976],[-71.37616,41.79768],[-71.37628,41.79766],[-71.3764,41.79756],[-71.37647,41.79734],[-71.37664,41.79717],[-71.37712,41.79714],[-71.37757,41.79697],[-71.3776,41.79672],[-71.37772,41.7966],[-71.37797,41.79618],[-71.37792,41.79607],[-71.37761,41.79569],[-71.37737,41.79551],[-71.37711,41.79523],[-71.37689,41.79513],[-71.37654,41.79509],[-71.37653,41.79491],[-71.37664,41.79472],[-71.37662,41.79461],[-71.37656,41.7945],[-71.37621,41.79415],[-71.37605,41.79412],[-71.37583,41.79424],[-71.3756,41.79429],[-71.375,41.79419],[-71.375,41.79026],[-71.37572,41.79211],[-71.37593,41.79249],[-71.37625,41.7929],[-71.37717,41.79379],[-71.37776,41.7942],[-71.37836,41.79453],[-71.3801,41.79526],[-71.38048,41.79551],[-71.3816,41.79684],[-71.38145,41.79698],[-71.38121,41.79728],[-71.38357,41.80015],[-71.38437,41.80118],[-71.38463,41.80138],[-71.3853,41.80181],[-71.3858,41.80243],[-71.38591,41.80262],[-71.38612,41.8028],[-71.38621,41.80291],[-71.38646,41.80304],[-71.38683,41.80339],[-71.3871,41.80374],[-71.38756,41.80414],[-71.38802,41.8047],[-71.38834,41.805],[-71.38943,41.80565],[-71.38979,41.80578],[-71.39081,41.80592],[-71.39165,41.80609],[-71.39245,41.80677],[-71.39307,41.80778],[-71.39401,41.80909],[-71.3943,41.80961],[-71.39482,41.81029],[-71.39501,41.81064],[-71.39509,41.81092],[-71.39509,41.81119],[-71.39492,41.8115],[-71.39437,41.81199],[-71.39386,41.81257],[-71.39367,41.81315],[-71.39352,41.8132],[-71.39337,41.81335],[-71.39327,41.81367]],[[-71.37915,41.80177],[-71.37821,41.80131],[-71.37799,41.80129],[-71.37789,41.80135],[-71.37801,41.80147],[-71.3785,41.80176],[-71.37911,41.8019],[-71.37925,41.80192],[-71.37929,41.80189],[-71.37915,41.80177]],[[-71.37913,41.82654],[-71.3794,41.82652],[-71.37948,41.82639],[-71.37934,41.82631],[-71.37929,41.82621],[-71.37931,41.82607],[-71.37919,41.826],[-71.37904,41.82616],[-71.37884,41.8265],[-71.37867,41.82668],[-71.3787,41.82673],[-71.37878,41.82673],[-71.37913,41.82654]]],[[[-71.41862,41.83901],[-71.41871,41.83893],[-71.41904,41.83884],[-71.4191,41.83885],[-71.41915,41.83888],[-71.41914,41.83891],[-71.41934,41.83901],[-71.41951,41.83906],[-71.41936,41.83917],[-71.41931,41.83925],[-71.41909,41.83914],[-71.41906,41.83921],[-71.41882,41.83944],[-71.41875,41.8394],[-71.41875,41.83927],[-71.41885,41.83916],[-71.41884,41.83909],[-71.41877,41.83909],[-71.41862,41.83925],[-71.41842,41.83934],[-71.41816,41.83974],[-71.41805,41.84006],[-71.41799,41.84012],[-71.41786,41.83999],[-71.4175,41.83931],[-71.41739,41.83886],[-71.41744,41.83879],[-71.41819,41.83882],[-71.41841,41.83894],[-71.41862,41.83901]]]]}},{"type":"Feature","properties":{"ring":"riverine","label":"River flood zone","colour":"#d98b2b"},"geometry":{"type":"MultiPolygon","coordinates":[[[[-71.44146,41.79424],[-71.44125,41.79412],[-71.44119,41.79403],[-71.44084,41.79321],[-71.44076,41.79295],[-71.44105,41.79296],[-71.44124,41.79286],[-71.44168,41.79246],[-71.44179,41.79218],[-71.44191,41.79202],[-71.44191,41.79192],[-71.44187,41.79182],[-71.44168,41.79181],[-71.44147,41.79165],[-71.44151,41.79154],[-71.44152,41.79114],[-71.44166,41.7911],[-71.44177,41.79097],[-71.44171,41.79052],[-71.44173,41.79041],[-71.4417,41.7903],[-71.44171,41.79015],[-71.44161,41.79006],[-71.44142,41.79002],[-71.44139,41.78994],[-71.44124,41.78988],[-71.44118,41.7898],[-71.44122,41.78971],[-71.44119,41.78954],[-71.4412,41.78944],[-71.44136,41.78918],[-71.44156,41.78895],[-71.44162,41.7886],[-71.44162,41.78855],[-71.44153,41.78842],[-71.44152,41.78814],[-71.4413,41.78781],[-71.44147,41.78767],[-71.44145,41.78748],[-71.44148,41.78741],[-71.4414,41.78736],[-71.44181,41.7873],[-71.4421,41.78738],[-71.44272,41.78749],[-71.44286,41.78759],[-71.44293,41.78781],[-71.443,41.78785],[-71.44346,41.78791],[-71.44361,41.788],[-71.44378,41.78794],[-71.44392,41.78794],[-71.44431,41.78805],[-71.44437,41.7881],[-71.44446,41.78827],[-71.44468,41.78844],[-71.44482,41.78851],[-71.44519,41.78859],[-71.44549,41.78878],[-71.44551,41.78885],[-71.44545,41.78907],[-71.44532,41.7892],[-71.44517,41.78926],[-71.4449,41.78928],[-71.44473,41.78936],[-71.44444,41.78971],[-71.44439,41.79013],[-71.44405,41.7903],[-71.44385,41.79049],[-71.44385,41.7906],[-71.44403,41.79072],[-71.44406,41.79085],[-71.44428,41.79096],[-71.44426,41.79108],[-71.44417,41.79115],[-71.44419,41.7912],[-71.44441,41.79129],[-71.44452,41.7913],[-71.44464,41.79135],[-71.44465,41.79139],[-71.4446,41.79141],[-71.44434,41.79131],[-71.44417,41.7913],[-71.44397,41.79123],[-71.44395,41.79142],[-71.44348,41.79177],[-71.44344,41.79184],[-71.44343,41.79203],[-71.44333,41.79214],[-71.44327,41.79228],[-71.44334,41.79256],[-71.44333,41.79279],[-71.44317,41.79312],[-71.44294,41.79342],[-71.44279,41.79349],[-71.44268,41.79368],[-71.44226,41.79402],[-71.44223,41.79408],[-71.44228,41.7942],[-71.44223,41.79427],[-71.44213,41.79433],[-71.44212,41.79439],[-71.44194,41.79441],[-71.44182,41.79436],[-71.44186,41.79449],[-71.44179,41.79459],[-71.44184,41.79469],[-71.44173,41.79465],[-71.44169,41.79444],[-71.44146,41.79424]]],[[[-71.44212,41.79962],[-71.44208,41.79959],[-71.44235,41.79946],[-71.44238,41.79926],[-71.44246,41.79904],[-71.4422,41.79863],[-71.44212,41.79816],[-71.44214,41.79792],[-71.44207,41.79761],[-71.44207,41.7975],[-71.4422,41.79721],[-71.4424,41.79728],[-71.4427,41.79728],[-71.44279,41.79732],[-71.44288,41.79743],[-71.44304,41.79777],[-71.44329,41.79792],[-71.4436,41.79793],[-71.44375,41.7981],[-71.44398,41.79817],[-71.44397,41.79829],[-71.44401,41.79842],[-71.44389,41.79859],[-71.44382,41.79875],[-71.44375,41.79881],[-71.44321,41.79893],[-71.4431,41.79899],[-71.44291,41.79925],[-71.44289,41.79952],[-71.44278,41.79966],[-71.44246,41.79969],[-71.44241,41.79968],[-71.44235,41.7996],[-71.44212,41.79962]]],[[[-71.44494,41.8171],[-71.44497,41.81705],[-71.44496,41.8169],[-71.44469,41.81683],[-71.4447,41.81674],[-71.44517,41.81672],[-71.44541,41.81678],[-71.44548,41.81676],[-71.44549,41.81669],[-71.44558,41.81669],[-71.44572,41.81687],[-71.44569,41.8169],[-71.44556,41.81693],[-71.44558,41.81697],[-71.44579,41.81707],[-71.446,41.8171],[-71.44623,41.81722],[-71.44637,41.81736],[-71.44744,41.81777],[-71.44782,41.81804],[-71.44799,41.81833],[-71.44824,41.81839],[-71.44831,41.81836],[-71.44832,41.81825],[-71.44839,41.81824],[-71.44863,41.81829],[-71.44878,41.81847],[-71.44916,41.81853],[-71.44929,41.81867],[-71.44938,41.81867],[-71.4498,41.81904],[-71.4498,41.81913],[-71.44961,41.81927],[-71.4496,41.81946],[-71.45,41.81982],[-71.45,41.82004],[-71.44978,41.81992],[-71.44953,41.81971],[-71.44912,41.81965],[-71.44894,41.81954],[-71.44889,41.81955],[-71.44884,41.81963],[-71.44864,41.81961],[-71.44865,41.81948],[-71.44884,41.81901],[-71.44895,41.81889],[-71.44898,41.81878],[-71.44895,41.81878],[-71.44856,41.81879],[-71.44847,41.81888],[-71.44854,41.81895],[-71.44853,41.819],[-71.44836,41.81915],[-71.44829,41.81927],[-71.44795,41.81932],[-71.44797,41.81947],[-71.44806,41.81955],[-71.44801,41.81964],[-71.4479,41.81971],[-71.44766,41.81962],[-71.44745,41.81941],[-71.44688,41.81944],[-71.44645,41.81902],[-71.44617,41.81864],[-71.446,41.81854],[-71.44595,41.81838],[-71.44586,41.81824],[-71.44573,41.81819],[-71.44538,41.81824],[-71.4453,41.81822],[-71.44543,41.81793],[-71.44548,41.81756],[-71.44542,41.8175],[-71.44515,41.81752],[-71.44494,41.81768],[-71.44468,41.81775],[-71.44413,41.81745],[-71.44411,41.81727],[-71.44376,41.81724],[-71.4432,41.81736],[-71.44294,41.81752],[-71.44237,41.8176],[-71.44222,41.81757],[-71.44212,41.8176],[-71.44207,41.81765],[-71.442,41.81781],[-71.44194,41.818],[-71.44195,41.81808],[-71.44208,41.81829],[-71.44231,41.81844],[-71.44241,41.81867],[-71.44241,41.81873],[-71.44232,41.81888],[-71.44233,41.81941],[-71.44245,41.81982],[-71.44266,41.82029],[-71.44276,41.82069],[-71.44256,41.82137],[-71.44253,41.82168],[-71.44236,41.82199],[-71.44223,41.82206],[-71.44199,41.82241],[-71.4417,41.82265],[-71.44146,41.82272],[-71.44108,41.82274],[-71.44055,41.82268],[-71.4401,41.82268],[-71.43997,41.82279],[-71.43988,41.82312],[-71.4398,41.82316],[-71.43971,41.82313],[-71.43977,41.82269],[-71.43972,41.82261],[-71.43966,41.82262],[-71.43959,41.82271],[-71.4395,41.82274],[-71.43941,41.82262],[-71.43933,41.82257],[-71.43912,41.82259],[-71.43914,41.82267],[-71.43925,41.82278],[-71.43909,41.82286],[-71.43901,41.82304],[-71.43904,41.82317],[-71.43901,41.8232],[-71.43888,41.82312],[-71.43892,41.82268],[-71.43879,41.82271],[-71.43874,41.82285],[-71.43852,41.82279],[-71.43826,41.82281],[-71.43818,41.82285],[-71.43802,41.8228],[-71.43806,41.82263],[-71.43803,41.82259],[-71.43798,41.82261],[-71.43781,41.82291],[-71.43793,41.82307],[-71.43811,41.82314],[-71.43814,41.82318],[-71.43818,41.82337],[-71.43816,41.82374],[-71.43831,41.82381],[-71.43839,41.8239],[-71.43861,41.82395],[-71.43869,41.82387],[-71.43879,41.82361],[-71.43888,41.82363],[-71.43882,41.82382],[-71.43876,41.82439],[-71.43882,41.82447],[-71.43882,41.82457],[-71.43855,41.82472],[-71.43855,41.82493],[-71.43849,41.825],[-71.43848,41.82496],[-71.4385,41.82505],[-71.43842,41.82515],[-71.43744,41.82541],[-71.43724,41.82553],[-71.43721,41.82558],[-71.43725,41.82569],[-71.43755,41.82594],[-71.43763,41.82606],[-71.43793,41.82633],[-71.43782,41.82644],[-71.43789,41.82655],[-71.43784,41.82658],[-71.43735,41.8265],[-71.43727,41.82663],[-71.43701,41.82674],[-71.43671,41.82701],[-71.43648,41.82698],[-71.43631,41.82701],[-71.4363,41.82714],[-71.43646,41.8273],[-71.43674,41.82723],[-71.4368,41.82726],[-71.43675,41.82734],[-71.43646,41.82747],[-71.43639,41.82748],[-71.4363,41.82742],[-71.43609,41.82721],[-71.436,41.82708],[-71.43583,41.82708],[-71.43571,41.82716],[-71.43556,41.82744],[-71.43547,41.82751],[-71.43525,41.82759],[-71.43492,41.82764],[-71.43443,41.82784],[-71.43424,41.82799],[-71.43399,41.82798],[-71.43381,41.82787],[-71.43372,41.82788],[-71.4337,41.82804],[-71.43353,41.82799],[-71.4333,41.82804],[-71.43313,41.82792],[-71.43294,41.82788],[-71.43188,41.82822],[-71.42945,41.82857],[-71.42697,41.82912],[-71.42591,41.82932],[-71.42518,41.82942],[-71.42481,41.82941],[-71.42412,41.82931],[-71.42295,41.8291],[-71.42264,41.82901],[-71.42108,41.82875],[-71.41823,41.82799],[-71.41694,41.82761],[-71.41657,41.82758],[-71.41589,41.82738],[-71.41382,41.82717],[-71.41338,41.82696],[-71.41321,41.82698],[-71.41256,41.82719],[-71.41214,41.82727],[-71.41134,41.82729],[-71.4106,41.82712],[-71.41011,41.82683],[-71.41006,41.82683],[-71.41006,41.82687],[-71.41018,41.82706],[-71.41053,41.82747],[-71.41114,41.8287],[-71.41162,41.83139],[-71.41144,41.83234],[-71.41142,41.83284],[-71.41134,41.83302],[-71.41126,41.83341],[-71.41125,41.83357],[-71.41119,41.83365],[-71.41113,41.83388],[-71.41115,41.83398],[-71.41106,41.83401],[-71.41102,41.83417],[-71.41098,41.83447],[-71.41099,41.83489],[-71.41102,41.83496],[-71.41122,41.8352],[-71.41127,41.83524],[-71.41136,41.83526],[-71.41142,41.83531],[-71.41161,41.83561],[-71.41179,41.83651],[-71.41197,41.83659],[-71.41191,41.83676],[-71.41197,41.83678],[-71.41205,41.83693],[-71.41206,41.83719],[-71.41239,41.8373],[-71.41272,41.83715],[-71.41278,41.83719],[-71.41279,41.83725],[-71.41266,41.83745],[-71.41189,41.83805],[-71.41152,41.83846],[-71.41141,41.83846],[-71.41137,41.83842],[-71.41123,41.83846],[-71.41102,41.8389],[-71.41069,41.83941],[-71.41044,41.83999],[-71.41037,41.84035],[-71.41035,41.84062],[-71.41038,41.84106],[-71.41045,41.84114],[-71.41064,41.84122],[-71.41055,41.84148],[-71.41071,41.84185],[-71.41071,41.842],[-71.40923,41.842],[-71.4094,41.84176],[-71.40941,41.84155],[-71.40952,41.84148],[-71.4095,41.84116],[-71.40966,41.84091],[-71.40999,41.84097],[-71.41019,41.84093],[-71.41023,41.84055],[-71.41011,41.8405],[-71.40983,41.84048],[-71.40976,41.84044],[-71.40974,41.84037],[-71.40988,41.84024],[-71.41011,41.84033],[-71.41015,41.8403],[-71.41042,41.83941],[-71.41049,41.83938],[-71.41083,41.83885],[-71.41165,41.83718],[-71.4117,41.83686],[-71.41165,41.83672],[-71.41166,41.83637],[-71.41158,41.8361],[-71.41154,41.8358],[-71.41128,41.83551],[-71.4112,41.83551],[-71.41109,41.83544],[-71.41107,41.8353],[-71.4111,41.83524],[-71.41094,41.83498],[-71.4109,41.83483],[-71.41087,41.83447],[-71.41096,41.83399],[-71.41094,41.83395],[-71.41095,41.83389],[-71.41102,41.83386],[-71.41105,41.83379],[-71.41105,41.8337],[-71.41111,41.83354],[-71.41111,41.83323],[-71.41128,41.83292],[-71.41132,41.83232],[-71.41142,41.8319],[-71.41151,41.83124],[-71.41147,41.8312],[-71.41125,41.83028],[-71.41094,41.82873],[-71.41083,41.82865],[-71.41088,41.82856],[-71.41063,41.82805],[-71.41038,41.82777],[-71.40993,41.82698],[-71.40937,41.82634],[-71.40929,41.8262],[-71.40857,41.82561],[-71.40838,41.82538],[-71.40767,41.82415],[-71.40767,41.8241],[-71.40777,41.82405],[-71.40776,41.82401],[-71.40753,41.82397],[-71.40751,41.82384],[-71.40742,41.82373],[-71.40731,41.82351],[-71.40676,41.82276],[-71.4064,41.82251],[-71.40616,41.82225],[-71.40602,41.82219],[-71.40587,41.82204],[-71.40585,41.82199],[-71.40591,41.82192],[-71.4053,41.82116],[-71.40522,41.82101],[-71.40495,41.82081],[-71.4049,41.82064],[-71.40501,41.82046],[-71.40489,41.82039],[-71.40472,41.82039],[-71.40469,41.82045],[-71.4048,41.82056],[-71.40473,41.82066],[-71.40464,41.82063],[-71.40455,41.82048],[-71.40455,41.82041],[-71.4046,41.82032],[-71.40457,41.82024],[-71.40438,41.82007],[-71.40436,41.81999],[-71.40416,41.81985],[-71.40352,41.81922],[-71.40317,41.81882],[-71.403,41.81855],[-71.40293,41.81831],[-71.4027,41.81814],[-71.40248,41.81792],[-71.40168,41.81703],[-71.40099,41.81616],[-71.40308,41.81522],[-71.40342,41.81582],[-71.40363,41.8163],[-71.40399,41.81684],[-71.40398,41.81701],[-71.40388,41.81723],[-71.404,41.81753],[-71.40405,41.81776],[-71.40415,41.81785],[-71.40441,41.81786],[-71.40453,41.81789],[-71.40457,41.81811],[-71.40469,41.81841],[-71.40476,41.81847],[-71.40496,41.81846],[-71.4049,41.81858],[-71.40502,41.81874],[-71.40513,41.8188],[-71.40507,41.81895],[-71.40513,41.81911],[-71.40536,41.81917],[-71.4055,41.81933],[-71.40565,41.81965],[-71.40589,41.81958],[-71.40611,41.8196],[-71.40624,41.81972],[-71.40642,41.81971],[-71.40657,41.81964],[-71.40667,41.81967],[-71.40638,41.81989],[-71.40596,41.82001],[-71.40588,41.82012],[-71.40583,41.82036],[-71.40591,41.82049],[-71.40611,41.82066],[-71.40633,41.82104],[-71.40637,41.82143],[-71.40702,41.82248],[-71.4073,41.8229],[-71.40748,41.82302],[-71.40755,41.82312],[-71.40769,41.8232],[-71.40778,41.82339],[-71.40779,41.82359],[-71.40785,41.82371],[-71.40789,41.82375],[-71.40803,41.82379],[-71.40788,41.82392],[-71.40785,41.82399],[-71.4079,41.82404],[-71.40805,41.82408],[-71.40814,41.82436],[-71.40868,41.82533],[-71.40916,41.82584],[-71.41,41.82648],[-71.41059,41.82686],[-71.41073,41.82693],[-71.41114,41.82701],[-71.41212,41.82703],[-71.41268,41.82689],[-71.41355,41.82659],[-71.41369,41.82649],[-71.41362,41.82638],[-71.41368,41.82635],[-71.41378,41.82646],[-71.41407,41.82646],[-71.41428,41.82654],[-71.41441,41.82665],[-71.41447,41.82677],[-71.41447,41.82685],[-71.41439,41.82691],[-71.41444,41.82696],[-71.41584,41.82711],[-71.41668,41.82724],[-71.41691,41.82731],[-71.41705,41.82741],[-71.41744,41.82749],[-71.41761,41.82756],[-71.41834,41.8277],[-71.41899,41.82794],[-71.42062,41.82835],[-71.42376,41.82895],[-71.42457,41.82909],[-71.42517,41.82914],[-71.42555,41.82911],[-71.42788,41.82863],[-71.42862,41.82855],[-71.42901,41.82845],[-71.42991,41.82833],[-71.43035,41.82823],[-71.43058,41.82826],[-71.43062,41.82823],[-71.43067,41.82812],[-71.4308,41.82807],[-71.43167,41.8279],[-71.43172,41.82791],[-71.43174,41.82804],[-71.43178,41.82803],[-71.43222,41.82789],[-71.43234,41.82782],[-71.43241,41.82768],[-71.43352,41.82717],[-71.43358,41.82699],[-71.43369,41.827],[-71.43378,41.82705],[-71.43383,41.82705],[-71.43419,41.82688],[-71.43429,41.82672],[-71.43446,41.82669],[-71.43458,41.82672],[-71.43472,41.82667],[-71.43482,41.82659],[-71.43486,41.82647],[-71.43507,41.8264],[-71.43517,41.82623],[-71.4352,41.82606],[-71.43516,41.82554],[-71.43525,41.82553],[-71.43536,41.82544],[-71.43544,41.82554],[-71.43572,41.8256],[-71.43605,41.82558],[-71.43614,41.82561],[-71.43622,41.82557],[-71.43616,41.82546],[-71.43609,41.82514],[-71.43623,41.82492],[-71.43639,41.82484],[-71.43654,41.82463],[-71.43654,41.8246],[-71.43642,41.82454],[-71.43643,41.82443],[-71.43714,41.82436],[-71.43759,41.82439],[-71.43774,41.82431],[-71.43793,41.82429],[-71.43802,41.8242],[-71.43796,41.82391],[-71.43802,41.82324],[-71.43743,41.82318],[-71.43726,41.82305],[-71.43725,41.82286],[-71.43757,41.82245],[-71.43786,41.82231],[-71.43799,41.82235],[-71.43821,41.82223],[-71.43827,41.82212],[-71.43848,41.82198],[-71.43849,41.82182],[-71.43864,41.82181],[-71.43882,41.82189],[-71.43898,41.82165],[-71.43921,41.8216],[-71.43948,41.82146],[-71.43992,41.82141],[-71.43989,41.82125],[-71.44,41.8212],[-71.44002,41.82115],[-71.4399,41.821],[-71.43989,41.82082],[-71.44008,41.82073],[-71.44019,41.82059],[-71.44019,41.82053],[-71.44007,41.82046],[-71.44016,41.82034],[-71.44012,41.8203],[-71.43991,41.8203],[-71.43951,41.82021],[-71.43958,41.82015],[-71.44014,41.82016],[-71.44026,41.82009],[-71.44024,41.81994],[-71.4403,41.81986],[-71.44027,41.81961],[-71.44016,41.81949],[-71.44036,41.81942],[-71.44052,41.81906],[-71.44064,41.81907],[-71.4406,41.81941],[-71.44074,41.81954],[-71.44064,41.81966],[-71.44062,41.81991],[-71.44058,41.82],[-71.44058,41.82012],[-71.44049,41.82019],[-71.44058,41.82045],[-71.44047,41.82049],[-71.44044,41.82071],[-71.44063,41.82073],[-71.44086,41.82099],[-71.4412,41.82118],[-71.44131,41.82117],[-71.4414,41.82102],[-71.44147,41.82102],[-71.44144,41.82124],[-71.44156,41.82154],[-71.44153,41.82169],[-71.44144,41.82177],[-71.44132,41.82174],[-71.44138,41.82162],[-71.44138,41.82148],[-71.44124,41.82138],[-71.44118,41.82139],[-71.44126,41.82151],[-71.44126,41.82156],[-71.44121,41.8216],[-71.44062,41.82163],[-71.44055,41.82171],[-71.44052,41.82185],[-71.44061,41.82194],[-71.44043,41.822],[-71.4404,41.82203],[-71.44042,41.82211],[-71.44066,41.82234],[-71.4408,41.8224],[-71.44138,41.82243],[-71.44151,41.82238],[-71.44168,41.82226],[-71.44191,41.82198],[-71.44202,41.82189],[-71.44194,41.82183],[-71.44177,41.82176],[-71.44173,41.82172],[-71.44168,41.82155],[-71.44159,41.82081],[-71.44199,41.8207],[-71.44234,41.82071],[-71.44236,41.82054],[-71.44248,41.82049],[-71.44242,41.8204],[-71.44241,41.82013],[-71.44222,41.81981],[-71.44207,41.81892],[-71.44199,41.81881],[-71.44184,41.81835],[-71.44186,41.81819],[-71.44171,41.81792],[-71.44175,41.81776],[-71.44185,41.81754],[-71.44203,41.81746],[-71.44376,41.81712],[-71.44494,41.8171]],[[-71.43685,41.82504],[-71.43677,41.82516],[-71.43681,41.82531],[-71.43708,41.82532],[-71.43701,41.82503],[-71.43685,41.82504]]],[[[-71.44887,41.84078],[-71.44891,41.84059],[-71.44902,41.84041],[-71.44894,41.84024],[-71.44875,41.84001],[-71.44787,41.83982],[-71.44757,41.83986],[-71.44739,41.83982],[-71.44738,41.83962],[-71.44744,41.83946],[-71.44735,41.83939],[-71.4473,41.8393],[-71.44729,41.83903],[-71.44763,41.83894],[-71.44775,41.83876],[-71.44784,41.83877],[-71.44784,41.83891],[-71.44793,41.83906],[-71.44789,41.83922],[-71.4479,41.83935],[-71.44821,41.83981],[-71.44837,41.83986],[-71.44854,41.83985],[-71.4486,41.8399],[-71.44873,41.83995],[-71.44894,41.83986],[-71.44897,41.83988],[-71.44899,41.83997],[-71.44904,41.84001],[-71.44934,41.84004],[-71.44939,41.84012],[-71.44933,41.8402],[-71.44933,41.84026],[-71.44941,41.84051],[-71.44936,41.84054],[-71.44918,41.84054],[-71.44918,41.84073],[-71.44928,41.84093],[-71.4491,41.84093],[-71.44907,41.84097],[-71.44908,41.84102],[-71.44919,41.84112],[-71.44921,41.84127],[-71.44929,41.84131],[-71.44927,41.84135],[-71.44897,41.84141],[-71.44898,41.84128],[-71.44888,41.84109],[-71.44887,41.84078]]],[[[-71.41831,41.79069],[-71.41812,41.79039],[-71.41816,41.79024],[-71.41919,41.7896],[-71.41951,41.78934],[-71.41964,41.78929],[-71.41977,41.78929],[-71.41989,41.78935],[-71.42012,41.78966],[-71.42033,41.7898],[-71.42054,41.78984],[-71.4211,41.78979],[-71.42122,41.78981],[-71.42126,41.78987],[-71.42124,41.7901],[-71.42132,41.79026],[-71.42132,41.7904],[-71.42121,41.79052],[-71.42099,41.79062],[-71.42082,41.79064],[-71.42068,41.79063],[-71.42059,41.79056],[-71.42049,41.79037],[-71.42037,41.79024],[-71.42017,41.79017],[-71.42001,41.7902],[-71.41993,41.79033],[-71.41991,41.79045],[-71.42007,41.79065],[-71.42009,41.79074],[-71.42007,41.79081],[-71.41996,41.79086],[-71.41968,41.79081],[-71.41952,41.79084],[-71.41938,41.79098],[-71.4193,41.79121],[-71.41931,41.79128],[-71.41937,41.79136],[-71.41982,41.79156],[-71.41984,41.79163],[-71.41955,41.79169],[-71.4193,41.79194],[-71.41924,41.79197],[-71.41911,41.79195],[-71.41896,41.79184],[-71.41893,41.79146],[-71.41886,41.79134],[-71.41832,41.79108],[-71.41829,41.79098],[-71.41831,41.79069]]],[[[-71.41624,41.79379],[-71.41563,41.79344],[-71.4155,41.79329],[-71.41548,41.79319],[-71.41557,41.79285],[-71.41541,41.79252],[-71.41542,41.79223],[-71.41547,41.79209],[-71.41558,41.79195],[-71.4158,41.79187],[-71.41594,41.79173],[-71.41621,41.79169],[-71.41641,41.79154],[-71.41651,41.79142],[-71.41656,41.79141],[-71.41693,41.7916],[-71.41698,41.79166],[-71.41701,41.79198],[-71.41705,41.79214],[-71.41757,41.79298],[-71.4178,41.79363],[-71.41772,41.79376],[-71.41765,41.79381],[-71.41724,41.79386],[-71.41694,41.79402],[-71.41672,41.79408],[-71.41646,41.79403],[-71.41624,41.79379]]],[[[-71.43021,41.79619],[-71.43051,41.79608],[-71.43086,41.79603],[-71.43155,41.79611],[-71.43177,41.79609],[-71.43198,41.796],[-71.43222,41.79583],[-71.43228,41.79561],[-71.43226,41.7953],[-71.4319,41.79415],[-71.43179,41.7939],[-71.43141,41.79339],[-71.43124,41.79331],[-71.43111,41.79317],[-71.4309,41.79302],[-71.43064,41.7927],[-71.43049,41.79242],[-71.43013,41.79196],[-71.42973,41.79154],[-71.42934,41.79122],[-71.4293,41.79103],[-71.42937,41.79086],[-71.42957,41.79055],[-71.43029,41.78981],[-71.43044,41.78973],[-71.43081,41.78967],[-71.43136,41.78964],[-71.43178,41.78952],[-71.43262,41.78973],[-71.43278,41.78973],[-71.43286,41.78957],[-71.43283,41.78939],[-71.43267,41.78925],[-71.43207,41.78894],[-71.43195,41.78878],[-71.43195,41.78864],[-71.43152,41.78849],[-71.43144,41.78839],[-71.43143,41.78833],[-71.43146,41.78821],[-71.43189,41.7879],[-71.43209,41.78781],[-71.43246,41.78777],[-71.43295,41.78784],[-71.43308,41.7879],[-71.43326,41.78806],[-71.43336,41.78819],[-71.43343,41.78836],[-71.43335,41.78839],[-71.43305,41.78831],[-71.4328,41.78839],[-71.43269,41.78852],[-71.43266,41.78866],[-71.43266,41.78886],[-71.4327,41.78894],[-71.433,41.78894],[-71.43312,41.789],[-71.43318,41.78906],[-71.43326,41.78908],[-71.43348,41.78885],[-71.43361,41.78879],[-71.4337,41.78879],[-71.43386,41.78885],[-71.43401,41.78904],[-71.43405,41.789],[-71.43409,41.78881],[-71.43417,41.78877],[-71.43429,41.78885],[-71.43465,41.78933],[-71.43491,41.78984],[-71.43501,41.78984],[-71.43516,41.78971],[-71.43522,41.78971],[-71.43526,41.78978],[-71.43509,41.79008],[-71.43461,41.79055],[-71.43456,41.79073],[-71.43456,41.79087],[-71.43469,41.79111],[-71.43522,41.79159],[-71.43532,41.79174],[-71.43549,41.79223],[-71.43559,41.79232],[-71.43583,41.79244],[-71.43591,41.79267],[-71.43609,41.79285],[-71.43614,41.79295],[-71.43608,41.79317],[-71.43579,41.79357],[-71.4357,41.7938],[-71.4357,41.79411],[-71.43588,41.79437],[-71.43587,41.79459],[-71.43575,41.79473],[-71.43553,41.79475],[-71.43547,41.79479],[-71.43495,41.79556],[-71.43443,41.79622],[-71.43411,41.7967],[-71.43393,41.79701],[-71.43397,41.79707],[-71.43403,41.79704],[-71.43427,41.79676],[-71.43451,41.79635],[-71.43461,41.7963],[-71.43467,41.79635],[-71.43468,41.79648],[-71.43465,41.79662],[-71.43443,41.79704],[-71.43393,41.79753],[-71.43379,41.7978],[-71.43376,41.79783],[-71.43369,41.79779],[-71.43367,41.79748],[-71.43361,41.79744],[-71.43353,41.79748],[-71.43295,41.79856],[-71.4325,41.79928],[-71.43217,41.79954],[-71.4318,41.79978],[-71.43164,41.79993],[-71.43119,41.80009],[-71.43074,41.80015],[-71.43031,41.80007],[-71.42938,41.79948],[-71.42929,41.79924],[-71.42929,41.79897],[-71.42942,41.79876],[-71.42968,41.79852],[-71.42985,41.79824],[-71.42985,41.79753],[-71.42961,41.79696],[-71.42968,41.79674],[-71.42999,41.79636],[-71.43021,41.79619]]],[[[-71.42999,41.83193],[-71.42989,41.83181],[-71.4298,41.83153],[-71.42983,41.83148],[-71.42993,41.83145],[-71.42994,41.83141],[-71.43001,41.83139],[-71.43058,41.83151],[-71.43069,41.8316],[-71.43079,41.83179],[-71.43123,41.83192],[-71.43131,41.832],[-71.43123,41.83203],[-71.43094,41.83197],[-71.43077,41.83203],[-71.43059,41.83214],[-71.43037,41.83217],[-71.43029,41.83213],[-71.43024,41.83204],[-71.42999,41.83193]]],[[[-71.41775,41.83791],[-71.41802,41.83812],[-71.41857,41.83821],[-71.41817,41.83839],[-71.41787,41.83838],[-71.41743,41.83803],[-71.41693,41.83789],[-71.4168,41.83772],[-71.41679,41.83756],[-71.41686,41.83753],[-71.41716,41.83756],[-71.41724,41.83759],[-71.41737,41.83773],[-71.41775,41.83791]]],[[[-71.41934,41.83901],[-71.41914,41.83891],[-71.41915,41.83888],[-71.4191,41.83885],[-71.41886,41.83887],[-71.41875,41.83893],[-71.41869,41.8389],[-71.41889,41.83856],[-71.4191,41.83851],[-71.41921,41.83855],[-71.41936,41.83847],[-71.4196,41.83847],[-71.41992,41.8386],[-71.41992,41.83866],[-71.41988,41.83867],[-71.41958,41.83856],[-71.41955,41.83859],[-71.41957,41.83868],[-71.41968,41.83877],[-71.41982,41.83904],[-71.41977,41.83919],[-71.41963,41.83931],[-71.41947,41.83932],[-71.41931,41.83925],[-71.41936,41.83917],[-71.41951,41.83906],[-71.41934,41.83901]]],[[[-71.41862,41.83925],[-71.41877,41.83909],[-71.41884,41.83909],[-71.41885,41.83916],[-71.41875,41.83927],[-71.41875,41.8394],[-71.41882,41.83944],[-71.41906,41.83921],[-71.41909,41.83914],[-71.41931,41.83925],[-71.41918,41.83928],[-71.4191,41.83934],[-71.4191,41.83944],[-71.41923,41.83952],[-71.41898,41.83969],[-71.41883,41.83988],[-71.41867,41.83988],[-71.41836,41.83976],[-71.41811,41.83986],[-71.41823,41.83962],[-71.41842,41.83934],[-71.41862,41.83925]]],[[[-71.41731,41.8408],[-71.41741,41.84113],[-71.41741,41.84129],[-71.41745,41.8414],[-71.4175,41.84143],[-71.41757,41.84138],[-71.41773,41.84144],[-71.41776,41.84139],[-71.41787,41.84136],[-71.4179,41.84127],[-71.41787,41.84113],[-71.41776,41.84088],[-71.41786,41.84076],[-71.41783,41.84064],[-71.41768,41.84062],[-71.41762,41.84057],[-71.41727,41.83995],[-71.4172,41.83987],[-71.4172,41.8397],[-71.41735,41.83962],[-71.41746,41.83962],[-71.41753,41.83967],[-71.41757,41.83962],[-71.4174,41.83925],[-71.4173,41.83887],[-71.41731,41.83879],[-71.41741,41.83878],[-71.41744,41.83879],[-71.41739,41.83886],[-71.4175,41.83931],[-71.41786,41.83999],[-71.41802,41.84018],[-71.41802,41.84024],[-71.41788,41.8403],[-71.418,41.84053],[-71.41802,41.84075],[-71.4182,41.84081],[-71.41849,41.8411],[-71.4187,41.84114],[-71.4188,41.84128],[-71.41886,41.84122],[-71.41884,41.84104],[-71.41897,41.841],[-71.41903,41.84088],[-71.41933,41.84088],[-71.41955,41.84096],[-71.4198,41.84118],[-71.41999,41.84173],[-71.42024,41.842],[-71.41645,41.842],[-71.41659,41.84156],[-71.41677,41.84059],[-71.41677,41.84037],[-71.41672,41.8403],[-71.41671,41.84017],[-71.41676,41.84003],[-71.41686,41.83992],[-71.41686,41.83988],[-71.41668,41.83974],[-71.41655,41.83933],[-71.4164,41.839],[-71.41634,41.83892],[-71.41625,41.83888],[-71.41617,41.83881],[-71.41615,41.8385],[-71.41608,41.83835],[-71.41502,41.83677],[-71.41508,41.83664],[-71.41505,41.83655],[-71.41496,41.83646],[-71.41478,41.83638],[-71.41468,41.83629],[-71.41448,41.83587],[-71.41393,41.83507],[-71.41387,41.83483],[-71.41368,41.83467],[-71.4136,41.83452],[-71.41342,41.83432],[-71.41303,41.83367],[-71.41291,41.83356],[-71.41289,41.83337],[-71.41282,41.83329],[-71.41265,41.83285],[-71.41235,41.83193],[-71.41229,41.83159],[-71.41216,41.8313],[-71.41249,41.83132],[-71.41252,41.83137],[-71.41255,41.83164],[-71.41268,41.8321],[-71.41332,41.83371],[-71.41392,41.83469],[-71.41398,41.83485],[-71.41427,41.83516],[-71.41469,41.8358],[-71.41489,41.83606],[-71.41512,41.83651],[-71.41525,41.8366],[-71.41544,41.83684],[-71.41613,41.83803],[-71.4165,41.83857],[-71.41692,41.83945],[-71.41692,41.83957],[-71.41702,41.8396],[-71.41706,41.83969],[-71.41708,41.83994],[-71.41705,41.84009],[-71.417,41.84015],[-71.41705,41.8403],[-71.41704,41.84055],[-71.41715,41.84069],[-71.41731,41.8408]]]]}},{"type":"Feature","properties":{"ring":"x500","label":"500-year zone","colour":"#e8c766"},"geometry":{"type":"MultiPolygon","coordinates":[[[[-71.44554,41.81651],[-71.44559,41.81647],[-71.44565,41.8165],[-71.44565,41.81661],[-71.4456,41.81672],[-71.44558,41.81669],[-71.44549,41.81669],[-71.44554,41.81651]]],[[[-71.44425,41.81711],[-71.44429,41.81684],[-71.44422,41.81676],[-71.44426,41.8167],[-71.4446,41.81666],[-71.44479,41.81667],[-71.44497,41.81655],[-71.44517,41.81672],[-71.44469,41.81675],[-71.4447,41.81683],[-71.44496,41.8169],[-71.44496,41.81707],[-71.44491,41.81711],[-71.44425,41.81711]]],[[[-71.44578,41.81707],[-71.44556,41.81694],[-71.4457,41.81689],[-71.44572,41.81686],[-71.44568,41.81681],[-71.4458,41.81682],[-71.44599,41.81688],[-71.44601,41.8171],[-71.44578,41.81707]]],[[[-71.44203,41.81746],[-71.44215,41.81743],[-71.44216,41.81736],[-71.44232,41.81729],[-71.44235,41.81722],[-71.44253,41.81711],[-71.44268,41.81716],[-71.44291,41.81713],[-71.443,41.81709],[-71.44321,41.81713],[-71.44332,41.8172],[-71.44203,41.81746]]],[[[-71.44411,41.81727],[-71.44413,41.81746],[-71.44426,41.8175],[-71.44468,41.81775],[-71.44458,41.81791],[-71.44448,41.81792],[-71.44441,41.8179],[-71.44401,41.81761],[-71.44383,41.81742],[-71.44386,41.81735],[-71.44394,41.81731],[-71.44394,41.81725],[-71.44411,41.81727]]],[[[-71.44745,41.8177],[-71.44779,41.8178],[-71.44782,41.81777],[-71.44779,41.81772],[-71.44762,41.81767],[-71.44762,41.81763],[-71.44782,41.81752],[-71.44811,41.8175],[-71.44891,41.81827],[-71.44883,41.81833],[-71.44886,41.81846],[-71.44878,41.81847],[-71.44862,41.81829],[-71.44839,41.81824],[-71.44832,41.81825],[-71.44831,41.81836],[-71.44824,41.81839],[-71.44798,41.81832],[-71.44791,41.81816],[-71.4478,41.81802],[-71.44736,41.81773],[-71.44745,41.8177]]],[[[-71.44799,41.81966],[-71.44806,41.81954],[-71.44797,41.81947],[-71.44795,41.81932],[-71.44829,41.81927],[-71.44836,41.81915],[-71.44853,41.819],[-71.44854,41.81895],[-71.44847,41.81888],[-71.44856,41.81879],[-71.44898,41.81878],[-71.44894,41.81892],[-71.44884,41.81901],[-71.44865,41.81949],[-71.44864,41.8196],[-71.44874,41.81962],[-71.44871,41.81966],[-71.44855,41.81974],[-71.44798,41.81976],[-71.4479,41.81972],[-71.44799,41.81966]]],[[[-71.44022,41.82285],[-71.44007,41.82298],[-71.43991,41.82301],[-71.43997,41.82279],[-71.4401,41.82268],[-71.44029,41.82268],[-71.44022,41.82285]]],[[[-71.4388,41.82323],[-71.43877,41.82319],[-71.43827,41.82313],[-71.43826,41.82308],[-71.43836,41.82303],[-71.43835,41.82299],[-71.43802,41.82292],[-71.43801,41.823],[-71.43809,41.82307],[-71.43811,41.82314],[-71.43793,41.82307],[-71.43781,41.8229],[-71.43797,41.82263],[-71.43802,41.82259],[-71.43806,41.82263],[-71.43802,41.8228],[-71.43817,41.82285],[-71.43827,41.82281],[-71.43852,41.82279],[-71.43874,41.82285],[-71.43879,41.82271],[-71.43891,41.82268],[-71.43888,41.82312],[-71.43901,41.8232],[-71.43904,41.82317],[-71.43901,41.82304],[-71.43909,41.82286],[-71.43925,41.82278],[-71.43914,41.82267],[-71.43912,41.82259],[-71.43933,41.82257],[-71.43941,41.82262],[-71.4395,41.82274],[-71.43958,41.82271],[-71.43965,41.82262],[-71.43971,41.82261],[-71.43977,41.82269],[-71.43972,41.82315],[-71.43982,41.82316],[-71.43988,41.82312],[-71.44008,41.8232],[-71.43998,41.82327],[-71.43994,41.82339],[-71.43985,41.82341],[-71.43972,41.8234],[-71.43961,41.82331],[-71.43936,41.82325],[-71.439,41.82325],[-71.43888,41.82363],[-71.43879,41.82361],[-71.4388,41.82323]]],[[[-71.43831,41.82381],[-71.4385,41.82378],[-71.43862,41.82368],[-71.43878,41.82367],[-71.43869,41.82387],[-71.43862,41.82395],[-71.43838,41.82389],[-71.43831,41.82381]]],[[[-71.43386,41.82792],[-71.43398,41.82802],[-71.43399,41.82808],[-71.43395,41.82812],[-71.43385,41.8281],[-71.43377,41.82798],[-71.4338,41.82791],[-71.43386,41.82792]]],[[[-71.42678,41.83634],[-71.42707,41.83637],[-71.42709,41.83641],[-71.42684,41.83647],[-71.42674,41.83641],[-71.42678,41.83634]]],[[[-71.42722,41.83749],[-71.42696,41.83753],[-71.42685,41.83749],[-71.42682,41.83743],[-71.42684,41.83732],[-71.427,41.83732],[-71.42707,41.83742],[-71.42712,41.83744],[-71.42739,41.83742],[-71.42749,41.83738],[-71.42752,41.83733],[-71.42745,41.83724],[-71.42741,41.83709],[-71.42731,41.83707],[-71.42688,41.83713],[-71.42684,41.8371],[-71.42683,41.837],[-71.42709,41.83693],[-71.42713,41.83689],[-71.42714,41.83682],[-71.42742,41.83684],[-71.42747,41.83691],[-71.42754,41.83693],[-71.42757,41.83698],[-71.42757,41.83702],[-71.42749,41.83704],[-71.42749,41.83707],[-71.42763,41.83711],[-71.42758,41.83726],[-71.42759,41.83737],[-71.42756,41.83743],[-71.42747,41.83754],[-71.42722,41.83749]]],[[[-71.42662,41.83836],[-71.42647,41.83838],[-71.42641,41.83835],[-71.42635,41.83826],[-71.42637,41.83819],[-71.42643,41.83813],[-71.42653,41.8381],[-71.42655,41.83789],[-71.4268,41.83783],[-71.42682,41.83776],[-71.42688,41.83773],[-71.42699,41.83775],[-71.42702,41.83787],[-71.42724,41.83791],[-71.42727,41.83798],[-71.42734,41.83802],[-71.42743,41.83823],[-71.42742,41.83827],[-71.42736,41.83833],[-71.42696,41.83845],[-71.42668,41.83845],[-71.42662,41.83836]]],[[[-71.41392,41.79147],[-71.41401,41.79166],[-71.41392,41.79178],[-71.41357,41.79185],[-71.41342,41.79198],[-71.41327,41.79204],[-71.41306,41.79219],[-71.41298,41.79219],[-71.41289,41.79213],[-71.41286,41.79205],[-71.41287,41.79185],[-71.41299,41.79172],[-71.41348,41.79149],[-71.41369,41.79132],[-71.41376,41.79132],[-71.41392,41.79147]]],[[[-71.41115,41.83398],[-71.41113,41.83393],[-71.4115,41.83408],[-71.41155,41.83413],[-71.41155,41.83419],[-71.41142,41.83426],[-71.41119,41.83426],[-71.41108,41.83445],[-71.41098,41.83445],[-71.41106,41.83401],[-71.41115,41.83398]]],[[[-71.41123,41.83551],[-71.41128,41.83551],[-71.41154,41.8358],[-71.41156,41.83597],[-71.41136,41.83593],[-71.41132,41.83579],[-71.41112,41.83557],[-71.41109,41.83544],[-71.41123,41.83551]]],[[[-71.41168,41.83588],[-71.41186,41.83582],[-71.41195,41.83575],[-71.41202,41.83575],[-71.41218,41.83586],[-71.41243,41.83596],[-71.41257,41.83615],[-71.41288,41.83631],[-71.41288,41.8364],[-71.41274,41.83662],[-71.41264,41.83667],[-71.41246,41.83665],[-71.4122,41.83652],[-71.41207,41.83653],[-71.41197,41.83659],[-71.41179,41.83651],[-71.41172,41.83623],[-71.41168,41.83588]]],[[[-71.4151,41.83688],[-71.41605,41.83831],[-71.41588,41.83832],[-71.41567,41.83809],[-71.41524,41.83803],[-71.4152,41.83793],[-71.41508,41.8379],[-71.41514,41.83772],[-71.41496,41.83754],[-71.41504,41.83745],[-71.41514,41.8374],[-71.41509,41.83729],[-71.41498,41.83724],[-71.4151,41.83688]]],[[[-71.41735,41.83745],[-71.41749,41.83742],[-71.41761,41.83746],[-71.41769,41.83766],[-71.41787,41.8377],[-71.41791,41.8378],[-71.41806,41.83788],[-71.41822,41.8379],[-71.41829,41.838],[-71.41861,41.838],[-71.41863,41.83806],[-71.4186,41.83817],[-71.41857,41.83821],[-71.41802,41.83812],[-71.41775,41.83791],[-71.41737,41.83773],[-71.41724,41.83759],[-71.41716,41.83756],[-71.41735,41.83745]]],[[[-71.41936,41.83847],[-71.41921,41.83855],[-71.4191,41.83851],[-71.41889,41.83856],[-71.41906,41.83841],[-71.41921,41.83835],[-71.41934,41.83835],[-71.4196,41.83847],[-71.41936,41.83847]]],[[[-71.42012,41.83872],[-71.42006,41.83877],[-71.41987,41.8387],[-71.41982,41.83872],[-71.41982,41.83904],[-71.41968,41.83877],[-71.41957,41.83868],[-71.41955,41.83859],[-71.41958,41.83856],[-71.41988,41.83867],[-71.41992,41.83866],[-71.41992,41.8386],[-71.42012,41.83872]]],[[[-71.41634,41.83891],[-71.41642,41.83903],[-71.41624,41.839],[-71.41615,41.8389],[-71.4162,41.83885],[-71.41634,41.83891]]],[[[-71.4172,41.8397],[-71.4172,41.83987],[-71.41714,41.83986],[-71.41707,41.84002],[-71.41708,41.83979],[-71.41706,41.83969],[-71.4172,41.8397]]],[[[-71.375,41.7942],[-71.3756,41.79429],[-71.37583,41.79424],[-71.37605,41.79412],[-71.37621,41.79415],[-71.37656,41.7945],[-71.37662,41.79461],[-71.37664,41.79472],[-71.37653,41.79491],[-71.37654,41.79509],[-71.37687,41.79513],[-71.37708,41.79521],[-71.37738,41.79552],[-71.37758,41.79567],[-71.37774,41.79586],[-71.37743,41.79563],[-71.37724,41.79556],[-71.37705,41.79556],[-71.37655,41.79568],[-71.37638,41.79564],[-71.37629,41.79527],[-71.37653,41.79452],[-71.37624,41.79421],[-71.37614,41.7942],[-71.37603,41.79427],[-71.37591,41.79473],[-71.3758,41.7948],[-71.37565,41.79481],[-71.375,41.79465],[-71.375,41.7942]]],[[[-71.3893,41.79674],[-71.38948,41.79686],[-71.38987,41.7968],[-71.39003,41.79684],[-71.39157,41.79806],[-71.39173,41.79803],[-71.39207,41.79776],[-71.39208,41.79765],[-71.39205,41.79758],[-71.39129,41.79695],[-71.39115,41.79665],[-71.39092,41.7966],[-71.39075,41.79644],[-71.39037,41.79631],[-71.39038,41.79628],[-71.39035,41.79623],[-71.3898,41.79616],[-71.38979,41.79604],[-71.38976,41.79601],[-71.38957,41.79606],[-71.38942,41.79605],[-71.38922,41.79591],[-71.38885,41.79589],[-71.3886,41.79575],[-71.38834,41.79569],[-71.38796,41.79552],[-71.38725,41.79497],[-71.38695,41.79469],[-71.38692,41.79461],[-71.38699,41.79437],[-71.38713,41.79409],[-71.38745,41.79388],[-71.38766,41.79362],[-71.38766,41.79353],[-71.38771,41.79351],[-71.38756,41.79351],[-71.38736,41.79365],[-71.38724,41.79367],[-71.38714,41.79364],[-71.38685,41.79347],[-71.38675,41.79347],[-71.38653,41.79361],[-71.38651,41.7938],[-71.38613,41.79381],[-71.38612,41.79386],[-71.38626,41.79393],[-71.38626,41.794],[-71.38622,41.79402],[-71.38577,41.79378],[-71.38556,41.79369],[-71.38523,41.7934],[-71.38554,41.7936],[-71.38569,41.79364],[-71.3858,41.7936],[-71.38588,41.79346],[-71.38595,41.79343],[-71.38593,41.79334],[-71.38583,41.79332],[-71.38557,41.79342],[-71.38539,41.79331],[-71.38492,41.79313],[-71.38493,41.79302],[-71.38499,41.79292],[-71.38567,41.79237],[-71.38579,41.79232],[-71.38608,41.79232],[-71.38602,41.79219],[-71.38638,41.79203],[-71.38665,41.79211],[-71.38679,41.79211],[-71.38659,41.79173],[-71.38703,41.79138],[-71.3868,41.79127],[-71.38695,41.79101],[-71.38662,41.79114],[-71.38667,41.79099],[-71.38675,41.79089],[-71.387,41.79085],[-71.38698,41.79077],[-71.38686,41.79064],[-71.38666,41.79059],[-71.386,41.79094],[-71.38591,41.79096],[-71.38403,41.79222],[-71.38389,41.79212],[-71.3833,41.79138],[-71.38324,41.79126],[-71.38336,41.79114],[-71.38489,41.79012],[-71.38503,41.79017],[-71.38536,41.79042],[-71.3856,41.79056],[-71.38591,41.79062],[-71.38595,41.7907],[-71.38595,41.79083],[-71.38605,41.79087],[-71.38615,41.79074],[-71.38634,41.79066],[-71.3865,41.79052],[-71.38647,41.79048],[-71.38638,41.79046],[-71.38639,41.79042],[-71.3863,41.79036],[-71.38636,41.79034],[-71.38625,41.79026],[-71.38618,41.79012],[-71.38632,41.79001],[-71.3865,41.7901],[-71.38666,41.79011],[-71.3868,41.79017],[-71.38671,41.79003],[-71.38705,41.79026],[-71.38717,41.7903],[-71.38735,41.79015],[-71.38754,41.79011],[-71.38788,41.79037],[-71.38827,41.79078],[-71.38844,41.79099],[-71.3884,41.79107],[-71.38843,41.79112],[-71.389,41.79135],[-71.3897,41.79154],[-71.39002,41.79168],[-71.39015,41.79169],[-71.39022,41.79161],[-71.39036,41.79159],[-71.39041,41.79143],[-71.39061,41.79126],[-71.39103,41.7912],[-71.39119,41.79143],[-71.39129,41.79144],[-71.39132,41.79138],[-71.39125,41.79123],[-71.39124,41.79111],[-71.39128,41.79101],[-71.39149,41.79085],[-71.39152,41.79071],[-71.39148,41.79059],[-71.39152,41.7905],[-71.39151,41.79044],[-71.39184,41.79043],[-71.39199,41.79026],[-71.39218,41.7904],[-71.39223,41.79018],[-71.39213,41.78995],[-71.39223,41.78984],[-71.3921,41.78976],[-71.39205,41.78967],[-71.39205,41.78961],[-71.39216,41.78962],[-71.39219,41.78954],[-71.39216,41.7895],[-71.3921,41.78948],[-71.39211,41.78938],[-71.39204,41.78927],[-71.39196,41.78928],[-71.39169,41.78943],[-71.39159,41.78945],[-71.39156,41.78941],[-71.3915,41.7894],[-71.39138,41.78949],[-71.39125,41.78952],[-71.39086,41.78956],[-71.39077,41.78948],[-71.3907,41.78928],[-71.39071,41.78921],[-71.39109,41.78889],[-71.39117,41.78885],[-71.39133,41.78884],[-71.39175,41.78888],[-71.39175,41.78875],[-71.39194,41.78869],[-71.39201,41.7886],[-71.39188,41.78798],[-71.39173,41.78786],[-71.39146,41.78792],[-71.39137,41.7879],[-71.39125,41.78761],[-71.3912,41.7874],[-71.39143,41.78707],[-71.3916,41.78689],[-71.39162,41.78678],[-71.39158,41.78663],[-71.39176,41.78637],[-71.39257,41.7862],[-71.39271,41.78611],[-71.39265,41.78606],[-71.3927,41.78602],[-71.39287,41.78609],[-71.393,41.7861],[-71.3931,41.78609],[-71.39311,41.78602],[-71.39236,41.78589],[-71.39215,41.78592],[-71.39188,41.78589],[-71.39186,41.78593],[-71.39194,41.78604],[-71.39169,41.78611],[-71.39136,41.78633],[-71.38907,41.78714],[-71.389,41.78713],[-71.38895,41.78709],[-71.38863,41.78656],[-71.38856,41.78634],[-71.38868,41.78622],[-71.38847,41.78619],[-71.38859,41.78612],[-71.39079,41.78534],[-71.39138,41.78517],[-71.39144,41.78511],[-71.39147,41.785],[-71.39157,41.785],[-71.39159,41.78525],[-71.39179,41.78549],[-71.39192,41.78553],[-71.39233,41.78552],[-71.39248,41.78555],[-71.39226,41.78561],[-71.39198,41.78559],[-71.3919,41.78562],[-71.39185,41.78566],[-71.39185,41.78571],[-71.39195,41.78582],[-71.39209,41.78587],[-71.39223,41.78584],[-71.39231,41.7858],[-71.39239,41.7857],[-71.39259,41.78566],[-71.39255,41.7856],[-71.39259,41.78558],[-71.39272,41.78562],[-71.3929,41.7858],[-71.39338,41.78577],[-71.39366,41.78578],[-71.39371,41.78583],[-71.39378,41.78614],[-71.39383,41.78623],[-71.39404,41.78646],[-71.39422,41.78649],[-71.39422,41.78664],[-71.39415,41.78671],[-71.39249,41.78704],[-71.39236,41.78711],[-71.39229,41.78723],[-71.39261,41.78832],[-71.3926,41.78865],[-71.39274,41.78881],[-71.39275,41.78904],[-71.39278,41.78911],[-71.3929,41.78915],[-71.39384,41.78902],[-71.39406,41.78916],[-71.39409,41.78925],[-71.39388,41.78937],[-71.39327,41.78951],[-71.39295,41.78951],[-71.39288,41.78956],[-71.39264,41.79004],[-71.39287,41.79076],[-71.39305,41.79107],[-71.39303,41.79139],[-71.39271,41.79172],[-71.39273,41.79186],[-71.3927,41.79189],[-71.39241,41.79196],[-71.39207,41.792],[-71.39186,41.79209],[-71.39204,41.7924],[-71.39233,41.79269],[-71.3925,41.79279],[-71.39289,41.79327],[-71.39305,41.79333],[-71.39315,41.79328],[-71.39318,41.79322],[-71.3931,41.79305],[-71.39318,41.79301],[-71.39326,41.79303],[-71.39337,41.7932],[-71.39323,41.7937],[-71.39311,41.79372],[-71.39294,41.79394],[-71.39286,41.79398],[-71.39255,41.79387],[-71.39241,41.79386],[-71.3923,41.79381],[-71.39215,41.79382],[-71.39211,41.79379],[-71.39209,41.79382],[-71.39219,41.79394],[-71.39208,41.79393],[-71.39181,41.7938],[-71.39152,41.79361],[-71.39124,41.79325],[-71.39056,41.79211],[-71.39031,41.79196],[-71.39005,41.79201],[-71.38982,41.79172],[-71.38967,41.79162],[-71.38899,41.79141],[-71.38851,41.79132],[-71.38849,41.79136],[-71.38863,41.79151],[-71.38865,41.79158],[-71.38861,41.79164],[-71.38848,41.79168],[-71.38794,41.79127],[-71.38787,41.79125],[-71.38776,41.7913],[-71.38777,41.79136],[-71.38808,41.79173],[-71.38829,41.7918],[-71.38844,41.79178],[-71.38848,41.79173],[-71.38886,41.79208],[-71.38886,41.79212],[-71.38869,41.79239],[-71.38864,41.79261],[-71.38865,41.79273],[-71.38875,41.7929],[-71.38927,41.79259],[-71.3895,41.79252],[-71.38999,41.79266],[-71.39009,41.79274],[-71.3902,41.79294],[-71.39021,41.79301],[-71.39011,41.79322],[-71.3901,41.79333],[-71.39026,41.79382],[-71.39008,41.79394],[-71.39005,41.79403],[-71.39004,41.79412],[-71.3901,41.79432],[-71.3901,41.79457],[-71.38994,41.79469],[-71.38949,41.79478],[-71.38941,41.79482],[-71.3895,41.795],[-71.38972,41.79512],[-71.38984,41.79525],[-71.39021,41.79533],[-71.39015,41.79542],[-71.39008,41.79572],[-71.38989,41.7958],[-71.38987,41.79589],[-71.39003,41.79599],[-71.39038,41.79593],[-71.39073,41.79603],[-71.39089,41.79596],[-71.39093,41.79599],[-71.39099,41.79612],[-71.39107,41.79615],[-71.39276,41.79628],[-71.39288,41.79627],[-71.39299,41.79614],[-71.39305,41.79612],[-71.39369,41.79626],[-71.39407,41.79624],[-71.39519,41.79606],[-71.39535,41.796],[-71.39542,41.7959],[-71.39559,41.79599],[-71.39578,41.79597],[-71.39601,41.79599],[-71.39621,41.79595],[-71.39643,41.79583],[-71.39632,41.79571],[-71.39651,41.79557],[-71.39655,41.79498],[-71.39658,41.79493],[-71.39665,41.79492],[-71.3973,41.79495],[-71.39765,41.79502],[-71.39785,41.79522],[-71.3979,41.79545],[-71.39786,41.79557],[-71.39778,41.79562],[-71.39723,41.79569],[-71.39692,41.79579],[-71.39667,41.79579],[-71.39652,41.79584],[-71.39669,41.79589],[-71.3983,41.79579],[-71.39841,41.79582],[-71.39866,41.79567],[-71.39895,41.79564],[-71.39966,41.79566],[-71.39932,41.79562],[-71.39912,41.79554],[-71.39906,41.79548],[-71.39901,41.79515],[-71.39945,41.79504],[-71.40002,41.79511],[-71.40011,41.79515],[-71.40014,41.79544],[-71.40012,41.79553],[-71.39979,41.79565],[-71.39996,41.7957],[-71.4005,41.7957],[-71.40064,41.79579],[-71.40068,41.79573],[-71.40076,41.79571],[-71.40306,41.79554],[-71.40332,41.79543],[-71.40344,41.79546],[-71.40364,41.79558],[-71.40372,41.79571],[-71.40396,41.79663],[-71.40377,41.79671],[-71.40333,41.79671],[-71.40304,41.79688],[-71.4031,41.79693],[-71.40311,41.79701],[-71.40291,41.79737],[-71.40261,41.79761],[-71.40285,41.79756],[-71.40288,41.79757],[-71.40288,41.79761],[-71.4026,41.7979],[-71.40237,41.7982],[-71.40206,41.79881],[-71.40186,41.79902],[-71.40167,41.7993],[-71.40123,41.80017],[-71.40122,41.8004],[-71.40111,41.80052],[-71.40127,41.80081],[-71.40129,41.80101],[-71.40144,41.80126],[-71.40151,41.80133],[-71.40171,41.80138],[-71.40176,41.80147],[-71.40171,41.80148],[-71.40157,41.80141],[-71.40146,41.8014],[-71.40109,41.80149],[-71.40099,41.80156],[-71.40103,41.80163],[-71.4011,41.80168],[-71.40194,41.80184],[-71.40227,41.80198],[-71.4026,41.80207],[-71.40303,41.80231],[-71.4031,41.80239],[-71.40312,41.80262],[-71.40323,41.80296],[-71.4031,41.80313],[-71.40297,41.80312],[-71.40262,41.80294],[-71.40264,41.80285],[-71.40276,41.80288],[-71.40283,41.80284],[-71.40286,41.80267],[-71.40282,41.8026],[-71.40269,41.80265],[-71.40263,41.80251],[-71.40259,41.80249],[-71.40208,41.8026],[-71.40207,41.80285],[-71.40204,41.80299],[-71.40189,41.80311],[-71.40205,41.80329],[-71.40209,41.80344],[-71.40286,41.80338],[-71.40295,41.80341],[-71.403,41.80353],[-71.40304,41.80368],[-71.40289,41.80379],[-71.40293,41.80385],[-71.40282,41.80409],[-71.40296,41.80429],[-71.40308,41.8044],[-71.40312,41.80452],[-71.40327,41.80476],[-71.4033,41.80502],[-71.40324,41.80514],[-71.40325,41.80519],[-71.40333,41.8053],[-71.4035,41.80544],[-71.40353,41.80562],[-71.40343,41.80572],[-71.40357,41.80626],[-71.40356,41.80647],[-71.40359,41.80659],[-71.40364,41.80669],[-71.40397,41.80692],[-71.40401,41.80712],[-71.40399,41.80736],[-71.40426,41.80743],[-71.40449,41.80764],[-71.40456,41.80775],[-71.40455,41.80791],[-71.40436,41.80802],[-71.4044,41.80831],[-71.40435,41.80917],[-71.4046,41.80977],[-71.40474,41.81023],[-71.40439,41.80952],[-71.40437,41.80974],[-71.40421,41.8096],[-71.40415,41.80962],[-71.404,41.80947],[-71.40394,41.80931],[-71.4037,41.80916],[-71.40367,41.8091],[-71.40366,41.80904],[-71.40372,41.80897],[-71.40385,41.80903],[-71.4039,41.80915],[-71.40405,41.80926],[-71.40414,41.80918],[-71.40424,41.80923],[-71.40426,41.80887],[-71.4042,41.80881],[-71.40414,41.80859],[-71.40396,41.80828],[-71.40389,41.80811],[-71.40393,41.80806],[-71.40409,41.808],[-71.40409,41.80792],[-71.40388,41.80772],[-71.4037,41.80765],[-71.40365,41.80755],[-71.40358,41.80752],[-71.40345,41.80736],[-71.4033,41.80708],[-71.40324,41.80716],[-71.40315,41.80719],[-71.40314,41.80732],[-71.40291,41.80719],[-71.40285,41.80701],[-71.40287,41.80679],[-71.40279,41.80668],[-71.40268,41.80664],[-71.40245,41.80663],[-71.40234,41.80657],[-71.40229,41.80647],[-71.4023,41.80641],[-71.40257,41.80644],[-71.40262,41.8064],[-71.40248,41.80601],[-71.40234,41.80584],[-71.40237,41.80569],[-71.4023,41.80562],[-71.40229,41.80548],[-71.40235,41.80548],[-71.40237,41.80545],[-71.40235,41.80517],[-71.40253,41.80527],[-71.40247,41.80503],[-71.40232,41.80475],[-71.40232,41.80457],[-71.40195,41.80397],[-71.4019,41.80396],[-71.40189,41.80405],[-71.40171,41.80389],[-71.40158,41.80386],[-71.40146,41.80373],[-71.40139,41.80372],[-71.40143,41.80358],[-71.40136,41.80347],[-71.40125,41.80339],[-71.40103,41.80331],[-71.40098,41.80315],[-71.40109,41.80297],[-71.4011,41.80284],[-71.40107,41.80267],[-71.40101,41.80261],[-71.40074,41.80259],[-71.40083,41.80243],[-71.40083,41.80219],[-71.40089,41.80219],[-71.40098,41.80236],[-71.40103,41.80239],[-71.40106,41.80234],[-71.40101,41.80207],[-71.40113,41.80214],[-71.40106,41.80179],[-71.40095,41.80163],[-71.40089,41.80133],[-71.40082,41.80122],[-71.40083,41.80112],[-71.40074,41.80098],[-71.40081,41.80071],[-71.40094,41.8005],[-71.40104,41.80023],[-71.40092,41.80017],[-71.40103,41.80015],[-71.40105,41.80003],[-71.40102,41.8],[-71.40093,41.80003],[-71.40098,41.80009],[-71.40084,41.80013],[-71.40069,41.80025],[-71.40061,41.80038],[-71.40054,41.80062],[-71.40049,41.80063],[-71.4004,41.80044],[-71.40034,41.80018],[-71.40027,41.80007],[-71.3999,41.79917],[-71.39994,41.79911],[-71.40035,41.79887],[-71.4004,41.79878],[-71.40037,41.79872],[-71.40038,41.79868],[-71.40024,41.79871],[-71.39995,41.79884],[-71.39981,41.79876],[-71.39967,41.79843],[-71.39947,41.79825],[-71.39935,41.79801],[-71.39936,41.79793],[-71.39951,41.79793],[-71.39926,41.79779],[-71.39946,41.79763],[-71.3992,41.79762],[-71.39908,41.79741],[-71.39917,41.79734],[-71.39946,41.79736],[-71.3997,41.79727],[-71.39964,41.79699],[-71.39993,41.79687],[-71.39993,41.7968],[-71.39989,41.79671],[-71.3998,41.7967],[-71.39897,41.79691],[-71.39892,41.79697],[-71.399,41.79714],[-71.39884,41.79699],[-71.39869,41.79703],[-71.39867,41.79708],[-71.39868,41.79727],[-71.39839,41.7971],[-71.39806,41.79721],[-71.39788,41.79714],[-71.39762,41.79697],[-71.3973,41.79697],[-71.39719,41.79687],[-71.39687,41.79692],[-71.39665,41.79688],[-71.39661,41.79679],[-71.39664,41.79673],[-71.39698,41.79659],[-71.39706,41.7965],[-71.39704,41.79645],[-71.39695,41.79641],[-71.39679,41.79637],[-71.39675,41.79641],[-71.39669,41.79639],[-71.39667,41.79634],[-71.39669,41.79622],[-71.39666,41.79618],[-71.39654,41.79618],[-71.39644,41.79624],[-71.39623,41.79664],[-71.39623,41.7967],[-71.39638,41.79681],[-71.39641,41.79689],[-71.39631,41.79679],[-71.39624,41.7968],[-71.39615,41.79671],[-71.39609,41.79675],[-71.39601,41.79674],[-71.39604,41.79655],[-71.39602,41.79642],[-71.39581,41.79628],[-71.39566,41.79628],[-71.39563,41.79633],[-71.3957,41.79632],[-71.39586,41.79644],[-71.39586,41.79649],[-71.39579,41.79659],[-71.39581,41.79665],[-71.39559,41.7967],[-71.39554,41.79663],[-71.39532,41.79677],[-71.39475,41.79684],[-71.39472,41.79686],[-71.39471,41.79694],[-71.39474,41.79706],[-71.39464,41.79715],[-71.3937,41.79782],[-71.39352,41.79784],[-71.39357,41.79795],[-71.39357,41.79805],[-71.39336,41.79825],[-71.39353,41.79828],[-71.39328,41.79855],[-71.39332,41.7987],[-71.39367,41.79895],[-71.39384,41.79894],[-71.394,41.79883],[-71.39408,41.79876],[-71.39409,41.7987],[-71.39391,41.79831],[-71.39389,41.79822],[-71.39392,41.7982],[-71.39419,41.7986],[-71.39423,41.79877],[-71.39412,41.79892],[-71.39374,41.79921],[-71.39366,41.79932],[-71.39354,41.79935],[-71.39389,41.79967],[-71.39391,41.79972],[-71.3939,41.79975],[-71.39329,41.80023],[-71.39307,41.80037],[-71.39297,41.80037],[-71.3929,41.80023],[-71.39272,41.80012],[-71.39236,41.79999],[-71.39136,41.79916],[-71.39138,41.7991],[-71.39169,41.79881],[-71.39167,41.79879],[-71.39142,41.79876],[-71.39137,41.79865],[-71.39153,41.7987],[-71.39161,41.79869],[-71.39185,41.79851],[-71.39195,41.79837],[-71.39223,41.79815],[-71.39225,41.7981],[-71.39205,41.79806],[-71.39166,41.79814],[-71.39114,41.79846],[-71.39102,41.79846],[-71.39071,41.79821],[-71.39045,41.79808],[-71.39025,41.79791],[-71.39023,41.79785],[-71.39027,41.79776],[-71.39028,41.79762],[-71.39017,41.79747],[-71.38982,41.79721],[-71.38941,41.79715],[-71.38914,41.79681],[-71.38895,41.79668],[-71.38885,41.79656],[-71.38898,41.7965],[-71.389,41.79644],[-71.3893,41.79674]]],[[[-71.37845,41.80154],[-71.37843,41.8016],[-71.37861,41.80172],[-71.37889,41.80179],[-71.379,41.80171],[-71.37915,41.80177],[-71.37929,41.80189],[-71.37925,41.80192],[-71.37911,41.8019],[-71.3785,41.80176],[-71.37801,41.80147],[-71.37789,41.80135],[-71.37799,41.80129],[-71.37821,41.80131],[-71.37848,41.80143],[-71.37863,41.80153],[-71.37845,41.80154]]],[[[-71.38827,41.81245],[-71.38811,41.8123],[-71.38797,41.81198],[-71.38791,41.81154],[-71.38795,41.81096],[-71.38813,41.81056],[-71.38815,41.81042],[-71.38793,41.81009],[-71.38779,41.80971],[-71.38762,41.80903],[-71.38744,41.8088],[-71.38749,41.80868],[-71.38773,41.80852],[-71.38772,41.80846],[-71.38694,41.80743],[-71.38674,41.80711],[-71.38659,41.80678],[-71.38574,41.80576],[-71.38532,41.80517],[-71.38508,41.80491],[-71.38468,41.80463],[-71.38444,41.80417],[-71.38422,41.8039],[-71.38393,41.80365],[-71.3837,41.80338],[-71.38325,41.80329],[-71.38296,41.80313],[-71.38295,41.80307],[-71.3831,41.80288],[-71.38303,41.80276],[-71.38274,41.80276],[-71.38219,41.80296],[-71.38163,41.80285],[-71.38144,41.80275],[-71.38118,41.80268],[-71.38089,41.80264],[-71.38066,41.80265],[-71.38049,41.80289],[-71.3805,41.80306],[-71.38036,41.80353],[-71.38041,41.80359],[-71.38075,41.80364],[-71.38083,41.80368],[-71.38085,41.80373],[-71.38079,41.80395],[-71.38049,41.80417],[-71.3798,41.80422],[-71.37932,41.80452],[-71.37922,41.80464],[-71.37927,41.80468],[-71.37922,41.80487],[-71.37908,41.80511],[-71.37915,41.80519],[-71.37935,41.80525],[-71.37926,41.80531],[-71.37896,41.80538],[-71.37867,41.80562],[-71.37865,41.80566],[-71.3787,41.80581],[-71.37865,41.80591],[-71.37831,41.80602],[-71.37814,41.80612],[-71.37766,41.80632],[-71.37746,41.80636],[-71.3772,41.80633],[-71.37696,41.80635],[-71.37687,41.80629],[-71.37676,41.80616],[-71.37667,41.80612],[-71.37661,41.80619],[-71.37665,41.80629],[-71.3765,41.80638],[-71.37621,41.80633],[-71.37566,41.80653],[-71.37509,41.80653],[-71.375,41.80652],[-71.375,41.80645],[-71.37571,41.80647],[-71.37607,41.80631],[-71.37609,41.80626],[-71.37614,41.80624],[-71.37588,41.80606],[-71.37578,41.80588],[-71.3758,41.80577],[-71.37623,41.80593],[-71.37634,41.80611],[-71.37639,41.80612],[-71.37648,41.80608],[-71.37663,41.80589],[-71.37694,41.80566],[-71.37705,41.80577],[-71.37709,41.80605],[-71.37744,41.80618],[-71.37774,41.80604],[-71.3779,41.80593],[-71.37803,41.80593],[-71.37821,41.80581],[-71.37826,41.80575],[-71.37828,41.80558],[-71.37852,41.8053],[-71.37877,41.8053],[-71.37901,41.80523],[-71.37897,41.80506],[-71.37884,41.80499],[-71.37885,41.80483],[-71.37891,41.80473],[-71.37934,41.80436],[-71.37966,41.80415],[-71.37999,41.804],[-71.38025,41.80397],[-71.38037,41.80384],[-71.38037,41.80378],[-71.38024,41.80366],[-71.38021,41.80358],[-71.38032,41.80302],[-71.38022,41.80292],[-71.38009,41.80269],[-71.38012,41.80263],[-71.38024,41.80254],[-71.38034,41.80252],[-71.38066,41.8026],[-71.3813,41.80266],[-71.38167,41.80277],[-71.38211,41.8028],[-71.38219,41.80276],[-71.38233,41.8028],[-71.38295,41.80246],[-71.38303,41.80259],[-71.38325,41.80265],[-71.38334,41.80271],[-71.38387,41.80342],[-71.38414,41.80367],[-71.3842,41.80377],[-71.38429,41.80375],[-71.3844,41.8038],[-71.38457,41.80396],[-71.38477,41.80406],[-71.38603,41.80553],[-71.38646,41.80587],[-71.3866,41.80602],[-71.38667,41.80615],[-71.38661,41.8063],[-71.38666,41.80654],[-71.38687,41.80694],[-71.38725,41.80747],[-71.38698,41.80728],[-71.38698,41.80738],[-71.38787,41.80853],[-71.38839,41.80935],[-71.3888,41.81012],[-71.38877,41.81019],[-71.3884,41.81039],[-71.3884,41.81053],[-71.38831,41.81058],[-71.38826,41.81065],[-71.38828,41.81078],[-71.38818,41.81081],[-71.38814,41.81095],[-71.38802,41.81108],[-71.38796,41.81132],[-71.38799,41.81188],[-71.38817,41.8122],[-71.38836,41.81226],[-71.38853,41.81241],[-71.38855,41.81247],[-71.38848,41.81259],[-71.38851,41.81266],[-71.38924,41.81321],[-71.38924,41.81326],[-71.38914,41.81325],[-71.38907,41.81329],[-71.38902,41.81352],[-71.38916,41.81364],[-71.38918,41.81376],[-71.38923,41.81384],[-71.38958,41.81409],[-71.3896,41.81426],[-71.38943,41.81438],[-71.38921,41.81472],[-71.38885,41.81505],[-71.38861,41.81533],[-71.38845,41.81544],[-71.38811,41.81558],[-71.38739,41.81573],[-71.38703,41.81585],[-71.38663,41.81606],[-71.38655,41.81615],[-71.38653,41.81623],[-71.38646,41.81625],[-71.38637,41.81616],[-71.38631,41.81631],[-71.38616,41.81627],[-71.38565,41.8166],[-71.38559,41.8167],[-71.38557,41.81692],[-71.38532,41.81702],[-71.38522,41.81721],[-71.38487,41.81745],[-71.38471,41.81762],[-71.38467,41.81772],[-71.38484,41.81767],[-71.38472,41.81795],[-71.38431,41.81852],[-71.38406,41.8187],[-71.38405,41.81874],[-71.38411,41.8188],[-71.38397,41.81889],[-71.38376,41.81928],[-71.38335,41.81967],[-71.38314,41.82004],[-71.38313,41.82009],[-71.38321,41.82012],[-71.38313,41.82024],[-71.38298,41.82064],[-71.3829,41.82075],[-71.38291,41.82085],[-71.38274,41.82126],[-71.38273,41.82137],[-71.38281,41.82193],[-71.38294,41.82232],[-71.38324,41.82273],[-71.38372,41.82314],[-71.38372,41.82322],[-71.38363,41.82342],[-71.38359,41.82332],[-71.38353,41.82329],[-71.38292,41.82328],[-71.38233,41.82333],[-71.38166,41.82349],[-71.38115,41.82373],[-71.3807,41.82404],[-71.38044,41.82427],[-71.38035,41.82428],[-71.38025,41.82439],[-71.38002,41.82449],[-71.37995,41.82449],[-71.37995,41.82441],[-71.38059,41.82358],[-71.38048,41.82346],[-71.38052,41.82331],[-71.38092,41.82251],[-71.38088,41.82236],[-71.38092,41.82216],[-71.38078,41.8222],[-71.38073,41.82219],[-71.38074,41.82217],[-71.38089,41.82206],[-71.3812,41.82194],[-71.3811,41.8222],[-71.38148,41.82183],[-71.38178,41.82179],[-71.38187,41.82173],[-71.3826,41.82071],[-71.38271,41.82051],[-71.38273,41.8204],[-71.3826,41.82022],[-71.38269,41.8199],[-71.38295,41.81974],[-71.38318,41.81968],[-71.38329,41.81961],[-71.38344,41.81942],[-71.38339,41.81939],[-71.38349,41.81929],[-71.38342,41.81921],[-71.38332,41.81927],[-71.38327,41.81926],[-71.38324,41.8192],[-71.38327,41.81908],[-71.3836,41.81902],[-71.38378,41.8188],[-71.38345,41.81866],[-71.38341,41.81862],[-71.38344,41.81856],[-71.38351,41.81848],[-71.38362,41.81851],[-71.38391,41.81835],[-71.38418,41.81834],[-71.38428,41.81825],[-71.38429,41.81814],[-71.3841,41.81803],[-71.38388,41.81808],[-71.3837,41.81807],[-71.38352,41.81824],[-71.38318,41.81811],[-71.38305,41.818],[-71.38303,41.81792],[-71.38328,41.81758],[-71.38336,41.81753],[-71.38358,41.81749],[-71.38389,41.81734],[-71.384,41.81736],[-71.38395,41.81747],[-71.38399,41.81757],[-71.38419,41.81753],[-71.38453,41.81753],[-71.38476,41.81724],[-71.38488,41.81717],[-71.38468,41.81702],[-71.38461,41.81682],[-71.38463,41.81677],[-71.38511,41.81668],[-71.38528,41.81656],[-71.38539,41.81635],[-71.38543,41.81639],[-71.38556,41.81636],[-71.38578,41.81639],[-71.38603,41.81631],[-71.38624,41.81614],[-71.38632,41.81589],[-71.38671,41.8157],[-71.38716,41.81556],[-71.38734,41.81535],[-71.38786,41.81512],[-71.38804,41.81495],[-71.38807,41.81495],[-71.38809,41.81499],[-71.38835,41.81483],[-71.38849,41.81468],[-71.3888,41.81443],[-71.38881,41.8143],[-71.38871,41.81417],[-71.38896,41.81406],[-71.38893,41.81373],[-71.389,41.81333],[-71.389,41.81317],[-71.38893,41.81307],[-71.38839,41.81264],[-71.38827,41.81245]]],[[[-71.375,41.80208],[-71.37502,41.8014],[-71.37512,41.80107],[-71.37509,41.80085],[-71.375,41.80078],[-71.375,41.80029],[-71.37506,41.80046],[-71.37551,41.80083],[-71.37545,41.80098],[-71.37531,41.80112],[-71.37519,41.80162],[-71.375,41.80208]]],[[[-71.375,41.79844],[-71.37509,41.79827],[-71.37517,41.79796],[-71.37509,41.79774],[-71.375,41.79768],[-71.375,41.79715],[-71.37523,41.79716],[-71.37539,41.79728],[-71.37553,41.79714],[-71.37564,41.79714],[-71.37596,41.79729],[-71.3761,41.79752],[-71.37622,41.79756],[-71.37633,41.79754],[-71.3764,41.79731],[-71.37659,41.79721],[-71.37647,41.79735],[-71.37639,41.79758],[-71.37621,41.79769],[-71.37595,41.79759],[-71.37588,41.79749],[-71.37585,41.79736],[-71.37579,41.79729],[-71.37565,41.79725],[-71.37551,41.79728],[-71.3754,41.79756],[-71.37546,41.79783],[-71.3754,41.7981],[-71.37531,41.79831],[-71.37527,41.79861],[-71.37516,41.7988],[-71.375,41.79895],[-71.375,41.79844]]],[[[-71.40308,41.81004],[-71.40275,41.81003],[-71.40277,41.80998],[-71.40294,41.80986],[-71.40377,41.80959],[-71.40395,41.80964],[-71.40407,41.80981],[-71.40406,41.80992],[-71.404,41.81],[-71.40372,41.81022],[-71.40343,41.81038],[-71.40334,41.81037],[-71.40327,41.81032],[-71.40325,41.81012],[-71.40321,41.81008],[-71.40308,41.81004]]],[[[-71.38896,41.82021],[-71.38895,41.82087],[-71.38888,41.82095],[-71.38884,41.82094],[-71.38878,41.82082],[-71.38863,41.8202],[-71.38868,41.82011],[-71.38884,41.82009],[-71.38893,41.82012],[-71.38896,41.82021]]],[[[-71.38177,41.82366],[-71.38161,41.82378],[-71.38154,41.82395],[-71.38143,41.82407],[-71.38117,41.82416],[-71.38098,41.82426],[-71.38074,41.82429],[-71.38061,41.82433],[-71.37966,41.82508],[-71.37954,41.82525],[-71.37933,41.82543],[-71.37908,41.82575],[-71.37905,41.82582],[-71.37903,41.82598],[-71.37897,41.8261],[-71.3785,41.82666],[-71.37829,41.8267],[-71.378,41.82689],[-71.37763,41.82685],[-71.37751,41.82688],[-71.37741,41.82694],[-71.37731,41.82706],[-71.37709,41.82713],[-71.37701,41.82721],[-71.37711,41.82707],[-71.37727,41.82701],[-71.37737,41.82685],[-71.37807,41.82675],[-71.3784,41.82649],[-71.37865,41.82643],[-71.37883,41.82618],[-71.37896,41.8258],[-71.37952,41.82511],[-71.38078,41.82412],[-71.38143,41.82376],[-71.3816,41.82369],[-71.38193,41.8236],[-71.38177,41.82366]]],[[[-71.37897,41.82626],[-71.37919,41.826],[-71.37931,41.82607],[-71.37929,41.82621],[-71.37932,41.82628],[-71.37948,41.82639],[-71.3794,41.82652],[-71.37927,41.82655],[-71.37939,41.82648],[-71.37939,41.82645],[-71.37897,41.82626]]],[[[-71.38071,41.82747],[-71.38093,41.82731],[-71.38107,41.82713],[-71.38117,41.82695],[-71.38151,41.82662],[-71.38158,41.82662],[-71.38175,41.8267],[-71.38186,41.82671],[-71.38195,41.82667],[-71.38226,41.82637],[-71.38217,41.82632],[-71.38254,41.82629],[-71.38302,41.82614],[-71.38344,41.82614],[-71.38358,41.82611],[-71.38369,41.82602],[-71.38371,41.82582],[-71.38389,41.82576],[-71.38414,41.82559],[-71.38426,41.82557],[-71.38432,41.82539],[-71.38473,41.82516],[-71.38488,41.8251],[-71.385,41.8251],[-71.38507,41.82519],[-71.38499,41.8253],[-71.38511,41.82529],[-71.38558,41.82509],[-71.38598,41.82482],[-71.38646,41.82461],[-71.3867,41.8246],[-71.38694,41.82473],[-71.38725,41.82474],[-71.3876,41.82481],[-71.38872,41.82513],[-71.38843,41.82512],[-71.38779,41.82499],[-71.38758,41.82504],[-71.38708,41.82498],[-71.38609,41.82502],[-71.38591,41.82511],[-71.38577,41.8251],[-71.38509,41.82538],[-71.38467,41.82544],[-71.38468,41.82538],[-71.38464,41.82536],[-71.38457,41.82543],[-71.38455,41.82552],[-71.38443,41.8256],[-71.38433,41.82564],[-71.38412,41.82563],[-71.3841,41.82568],[-71.38412,41.82579],[-71.38424,41.82587],[-71.38422,41.82609],[-71.38425,41.82615],[-71.38489,41.8262],[-71.38512,41.82627],[-71.38528,41.82623],[-71.38548,41.82628],[-71.38537,41.82657],[-71.38526,41.8267],[-71.38527,41.82675],[-71.38538,41.82679],[-71.38483,41.82697],[-71.38447,41.82713],[-71.38431,41.82734],[-71.3841,41.82744],[-71.38373,41.82757],[-71.38332,41.82762],[-71.38316,41.82773],[-71.38342,41.82782],[-71.38344,41.82788],[-71.38339,41.82792],[-71.38305,41.82795],[-71.38299,41.828],[-71.38283,41.82805],[-71.3822,41.82799],[-71.38217,41.82798],[-71.38218,41.82792],[-71.3821,41.82783],[-71.38187,41.82793],[-71.38151,41.82768],[-71.38105,41.8275],[-71.38085,41.82755],[-71.38057,41.82771],[-71.38071,41.82747]]],[[[-71.37881,41.82653],[-71.3789,41.82662],[-71.37912,41.82655],[-71.37878,41.82673],[-71.37868,41.8267],[-71.37871,41.82662],[-71.37881,41.82653]]],[[[-71.37996,41.82879],[-71.38008,41.82874],[-71.37996,41.82886],[-71.38012,41.82896],[-71.38007,41.82907],[-71.38008,41.82967],[-71.38016,41.8301],[-71.38037,41.8303],[-71.38082,41.83043],[-71.38099,41.83059],[-71.38102,41.83067],[-71.38091,41.83079],[-71.3808,41.83086],[-71.3806,41.83095],[-71.38023,41.83104],[-71.37963,41.83143],[-71.37941,41.83152],[-71.3792,41.83172],[-71.37912,41.8319],[-71.37883,41.83204],[-71.37871,41.83214],[-71.37854,41.83238],[-71.37849,41.83254],[-71.37856,41.83267],[-71.37879,41.83287],[-71.37881,41.83292],[-71.37857,41.83311],[-71.37848,41.83325],[-71.37807,41.83364],[-71.3781,41.83347],[-71.37835,41.83316],[-71.37847,41.83308],[-71.3785,41.83301],[-71.37848,41.83288],[-71.37837,41.8327],[-71.37838,41.83248],[-71.37854,41.83222],[-71.37883,41.83196],[-71.37898,41.83174],[-71.37913,41.83164],[-71.37931,41.83141],[-71.37949,41.83127],[-71.38044,41.83084],[-71.38078,41.83072],[-71.38082,41.83068],[-71.38083,41.83056],[-71.38077,41.83049],[-71.38036,41.83034],[-71.38015,41.83021],[-71.38007,41.83005],[-71.38005,41.82979],[-71.37997,41.82955],[-71.37992,41.82947],[-71.37975,41.82939],[-71.37978,41.82901],[-71.37996,41.82879]]],[[[-71.375,41.82844],[-71.37563,41.82818],[-71.37578,41.82818],[-71.37577,41.82828],[-71.37601,41.82818],[-71.37626,41.82798],[-71.37659,41.82759],[-71.37693,41.82728],[-71.37672,41.82749],[-71.37651,41.82793],[-71.37605,41.8283],[-71.37596,41.82844],[-71.37564,41.82861],[-71.37538,41.82887],[-71.37528,41.82906],[-71.37513,41.82911],[-71.375,41.82924],[-71.375,41.82844]]],[[[-71.38161,41.83424],[-71.38179,41.83408],[-71.38188,41.83404],[-71.38212,41.83405],[-71.38226,41.83414],[-71.3824,41.83408],[-71.38248,41.83417],[-71.38239,41.83439],[-71.38227,41.83448],[-71.38204,41.83456],[-71.38155,41.83465],[-71.3812,41.83479],[-71.38148,41.83459],[-71.38184,41.83445],[-71.38153,41.8345],[-71.38162,41.83438],[-71.38148,41.83436],[-71.38092,41.83456],[-71.38161,41.83424]]],[[[-71.41091,41.83489],[-71.41079,41.83485],[-71.41075,41.8348],[-71.41077,41.83474],[-71.41088,41.83469],[-71.41091,41.83489]]],[[[-71.40949,41.84121],[-71.40952,41.84146],[-71.4094,41.84156],[-71.40941,41.8417],[-71.40938,41.84179],[-71.40932,41.84171],[-71.4093,41.8416],[-71.40937,41.84143],[-71.40937,41.84119],[-71.40946,41.84105],[-71.40958,41.84102],[-71.40949,41.84121]]]]}}]}