permit,pin,address,applied,issued,completed,status,year,units,units_basis,permit_class,work_class,est_cost,renewal,foundation_only,description,counted_units,project_lots
9759,053-0715-8LAW,"1040 Broad St, Unit 8LAW, Providence, RI 02905",2009-07-02,,1899-12-31,Complete,2009,5,stated,Building,New Structure,725000,False,False,construct two story slab on grade wood framed building for mixed use offices & retail on first floor with one apt & 5 apts on 2nd permit no 14Original permit 0014/2009jlykins - 4/19/2011 3:38:52 PM,5,1
9764,045-0910-8LAW,"638 Broad St, Unit 8LAW, Providence, RI 02907",2009-10-01,,1899-12-31,Complete,2009,9,stated,Building,New Structure,753000,False,False,"Construct a three-story, slab on grade, mixed used building, 85' x 68' of separated use for undeveloped retail not to exceed 2,500 square feet per tenant and nine apartments, Zoning Districts are C1, CCOD, R 3Mtblau - 7/28/2010 3:20:12 PM",9,1
9765,048-1159-8LAW,"770 Broad St, Unit 8LAW, Providence, RI 02907",2009-10-01,,1899-12-31,Complete,2009,10,stated,Building,New Structure,850000,False,False,"Construct a three-story, slab on grade building, 73' x 80' for mixed use, ten apartments and two office spaces or retail Mtblau - 7/28/2010 3:40:43 PM",10,1
9766,045-0908-8LAW,"145 Chester Ave, Unit 8LAW, Providence, RI 02907",2009-10-01,,1899-12-31,Complete,2009,3,stated,Building,New Structure,275000,False,False,"Construct a three-story, three dwelling unit townhouse, 28' x 54' with full basementMtblau - 7/28/2010 12:35:21 PM",3,1
10487,015-0489-0000,"175 Medway St, Providence, RI 02906",2010-04-19,,1899-12-31,Complete,2010,1,assumed 1,Building,New Structure,10000,False,True,"Foundation permit only for a future triplex (side by side) condominium units per Frank Spirito, new lot # 489 per CPC # 10-003 A, March 15, 2010Mtblau - 4/19/2010 10:06:44 AM",0,1
11044,015-0489-0000,"175 Medway St, Providence, RI 02906",2010-06-07,,1899-12-31,Complete,2010,3,stated,CIMF,New Structure,110000,False,False,Construction new tri-plex (3 family) CPC#10-003A dated 3/15/10.Bsath - 6/7/2010 2:29:11 PM,3,1
11184,075-0300-0000,"85 Cemetery St, Providence, RI 02904",2010-06-16,,1899-12-31,Complete,2010,1,stated,RESNEWADD,New Structure,80000,True,False,Renew permit #0534 issued 9/4/2008 to new owner. See notarized letter. Permit to erect new single family two story dwelling.Bsath - 1/4/2011 10:50:32 AM,0,1
12430,063-0590-0000,"55 Hyat St, Providence, RI 02909",2010-10-14,,1899-12-31,Complete,2010,1,stated,RESNEWADD,New Structure,95100,False,False,Construction a new single family. Plat 63 new lot 590.Bsath - 10/21/2010 9:33:40 AMBsath - 5/4/2011 9:05:15 AM,1,1
9993,054-0695-0000,"38 Nebraska St, Providence, RI 02905",2010-03-04,,1899-12-31,Complete,2010,1,stated,RESNEWADD,New Structure,90000,False,False,"Construct a new 24' x 36' wood framed single family dwelling, new owner/contractor as of March 04, 2010, no fee collected per RIGL 23-27.3-115.5 Dismissal of contractor or subcontractorMtblau - 3/4/2010 8:57:22 AM",1,1
13460,115-0592-0000,"14 Myra St, Providence, RI 02909",2011-03-31,,1899-12-31,Complete,2011,1,stated,RESNEWADD,New Structure,65000,True,False,"Renew permit. 1668/2006 for a new one story , one family dwelling 26x45 with a one car garage at basement level.mtblau - 3/31/2011 1:11:33 PM",0,1
15068,080-0904-0000,"52 Klondike St, Providence, RI 02909",2011-09-16,,1899-12-31,Complete,2011,1,stated,Residential New Construction,New Structure,60000,False,False,BUILD A NEW ONE STORY SINGLE FAMILY DWELLING. (AREA INSPECTOR: STAN DICKENSON 680-5453),1,1
15184,115-0618-0000,"8 Milo St, Providence, RI 02909",2011-09-28,,1899-12-31,Complete,2011,1,assumed 1,Residential New Construction,New Structure,0,False,False,"RE ESTABLISH ORIGINAL PERMIT (B-0032/2008) UNDER NEW OWNER, NEW OWNER IS ASSUMING THE RESPONSIBILITY AND LIABILITY FOR THE REMAINING WORK TO FINISH THE CONSTRUCTION, CERTIFICATE OF USE AND OCCUPANCY WAS PAID ON THE ORIGINAL PERMIT, AREA INS",1,1
15185,115-0617-0000,"2 Milo St, Providence, RI 02909",2011-09-28,,1899-12-31,Complete,2011,1,assumed 1,Residential New Construction,New Structure,0,True,False,"Created by reversioning from past version 1RE ESTABLISH ORIGINAL PERMIT (B-0032/2008) UNDER NEW OWNER, NEW OWNER IS TAKING RESPONSIBILITY AND LIABILITY FOR THE REMAINING WORK TO FINISH THE CONSTRUCTION, CERTIFICATE OF USE AND OCCUPANCY WAS ",0,1
15468,115-0619-0000,"14 Milo St, Providence, RI 02909",2011-10-20,,1899-12-31,Complete,2011,1,assumed 1,Residential New Construction,New Structure,0,False,False,"RE ESTABLISH ORIGINAL PERMIT (2007) UNDER NEW OWNER, NEW OWNER IS ASSUMING RESPONSIBILITY AND LIABILITY FOR THE REMAINING WORK TO FINISH THE CONSTRUCTION, CERTIFICATE OF USE AND OCCUPANCY WAS PAID ON THE ORIGINAL PERMIT, AREA INSPECTOR IS B",1,1
15672,093-0342-0000,"406 Blackstone Blvd, Providence, RI 02906",2011-11-08,,1899-12-31,Complete,2011,1,stated,Residential New Construction,New Structure,220000,False,False,"CONSTRUCT A SINGLE FAMILY DWELLING WITH 4 BEDROOMS, 2 AND A HALF BATHROOMS AND 2 CAR GARAGE.",1,1
15844,071-0224-0000,"356 Hawkins St, Providence, RI 02904",2011-11-23,,1899-12-31,Complete,2011,1,stated,Residential New Construction,New Structure,65000,False,False,BUILD NEW TWO STORY SINGLE FAMILY DWELLING 21'X32'. ZONING BOARD OF REVIEW RESOLUTION NO. 9449 DATED 06/27/2011. RECORDED ON BOOK 10034 PAGE 210-212,1,1
16007,040-0363-0000,"156 Blackstone Blvd, Providence, RI 02906",2011-12-12,,1899-12-31,Complete,2011,1,stated,Certificate of Occupancy,New Structure,0,False,False,CONSTRUCT A SINGLE FAMILY DWELLING WITH 2 CAR GARAGE AND PORCH.,1,1
16025,063-0592-8LAW,"253-261 Manton St, Unit 8LAW, Providence, RI 02861",2011-12-14,,1899-12-31,Complete,2011,4,stated,Comm/Ind New Structure,New Structure,259000,False,False,"NEW CONSTRUCTION OF ONE (1) COMMERCIAL SPACE AND FOUR (4) DWELLING UNITS PER PLANS, ZONING BOARD OF REVIEW RESOLUTION NUMBER 9584, JULY 11, 2011, AREA INSPECTOR IS BILL PACKARD (401)-680-5353",4,1
16026,063-0593-8LAW,"19 Pope St, Unit 8LAW, Providence, RI 02909",2011-12-14,,1899-12-31,Complete,2011,3,stated,Residential New Construction,New Structure,75250,False,False,CONSTRUCT NEW THREE TOWN HOUSES. AREA INSPECTOR: BILL PACKARD 680-5353,3,1
16029,063-0593-8LAW,"19-21-23 Pope St, Unit 62-64 Kossuth St, Providence, RI 02909",2011-12-14,,1899-12-31,Complete,2011,2,stated,Residential New Construction,New Structure,55125,False,False,"NEW CONSTRUCTION OF TWO FAMILY DWELLING PER PLANS, ZONING BOARD OF REVIEW RESOLUTION NUMBER 9584, JULY 11, 2011, AREA INSPECTOR IS BILL PACKARD (401)-680-5353",2,1
16030,062-0017-8LAW,"41 Kossuth St, Unit 8LAW, Providence, RI 02909",2011-12-14,,1899-12-31,Complete,2011,2,stated,Residential New Construction,New Structure,72975,False,False,"NEW CONSTRUCTION OF TWO-UNIT APARTMENT BUILDING, SIDE BY SIDE PER PLANS, ZONING BOARD OF REVIEW RESOLUTION NUMBER 9569/MAY 09, 2011, AREA INSPECTOR IS BILL PACKARD (401)-680-5353",2,1
16128,042-0108-8LAW,"179 Althea St, Unit 8LAW, Providence, RI 02909",2011-12-22,,1899-12-31,Complete,2011,3,stated,Residential New Construction,New Structure,108450,False,False,Demolish existing 3 family dwelling. Construct new 2 family dwelling. Demolition shall proceed in accordance with applicable codes and ordinances and raze checklist. See ZBR res # 9593. As-built survey required prior to C.O.,3,1
16136,031-0394-8LAW,"105 Althea St, Unit 8LAW, Providence, RI 02907",2011-12-23,,1899-12-31,Complete,2011,2,stated,Residential New Construction,New Structure,115485,False,False,Demolish existing building. Construct new 24x46 2 family dwelling. Easement on file. ZBR res. #9619. As-built survey required prior to C.O.,2,1
16138,031-0356-8LAW,"114 Waverly St, Unit 8LAW, Providence, RI 02907",2011-12-23,,1899-12-31,Complete,2011,2,stated,Residential New Construction,New Structure,122940,False,False,Demolish existing building. Construct new 2 family dwelling. ZBR res. #9598 As-built required prior to C.O.,2,1
16139,031-0435-8LAW,"54 Althea St, Unit 8LAW, Providence, RI 02907",2011-12-23,,1899-12-31,Complete,2011,2,stated,Residential New Construction,New Structure,112500,False,False,"Construct a 3 story, 24 x 46, 2 family dwelling with full basement and1 unit on 1st floor and combined unit on 2nd and 3rd. ZBR res #9618. As-built survey required for C.O.",2,1
16140,031-0028-8LAW,"138 Hanover St, Unit 8LAW, Providence, RI 02907",2011-12-23,,1899-12-31,Complete,2011,2,stated,Residential New Construction,New Structure,120408,False,False,"Demolish existing building. Construct new 2 family dwelling. Demolition shall comply with applicable codes, ordinances and raze checklist. Easement on file. ZBR res. #9643. As-built survey required prior to C.O.",2,1
16145,031-0499-8LAW,"171 Hanover St, Unit 8LAW, Providence, RI 02907",2011-12-27,,1899-12-31,Complete,2011,3,stated,Residential New Construction,New Structure,155082,False,False,Construct new 3 family dwelling. As-built survey required for C.O. ZBR res. # 9620 11/1/11.,3,1
16154,031-0620-8LAW,"93-95 Althea St, Unit 8LAW, Providence, RI 02907",2011-12-27,,1899-12-31,Complete,2011,3,stated,Residential New Construction,New Structure,174084,False,False,Demolish existing building. Construct new 3 family dwelling. See minor subdivision 11-39MI. Lot no. and street no. to be assigned. ZBR res. # 9592 7/11/11. Demolition shall be in accordance with applicable codes and ordinances and raze chec,3,1
16156,031-0620-8LAW,"93-95 Althea St, Unit 8LAW, Providence, RI 02907",2011-12-27,,1899-12-31,Complete,2011,3,stated,Residential New Construction,New Structure,180915,False,False,Construct new 3 family dwelling. Minor subdivision 11-39MI. ZBR res. # 9592 7/11/11. Lot and street nos. to be assigned.,3,1
16316,054-0695-0000,"38 Nebraska St, Providence, RI 02905",2012-01-26,,1899-12-31,Complete,2012,1,stated,Residential New Construction,New Structure,90000,True,False,"RENEWAL OF PERMIT B-20100241 (CONSTRUCT A NEW 24' X 36' WOOD FRAMED SINGLE FAMILY DWELLING, NEW OWNER/CONTRACTOR AS OF MARCH 04, 2010, NO FEE COLLECTED PER RIGL 23-27.3-115.5 DISMISSAL OF CONTRACTOR OR SUBCONTRACTOR), AREA INSPECTOR IS MICH",0,1
16505,107-0598-0000,"35 Dewey St, Providence, RI 02909",2012-03-02,,1899-12-31,Complete,2012,1,stated,Certificate of Occupancy,New Structure,80000,False,False,CONSTRUCTED TWO STORY SINGLE FAMILY DWELLING 28'X38'.,1,1
16672,009-0603-0000,"201 Lippitt St, Providence, RI 02906",2012-03-20,,1899-12-31,Complete,2012,1,stated,Residential New Construction,New Structure,74733,False,False,CONSTRUCT A TWO STORY SINGLE FAMILY DWELLING 19'X42'.,1,1
16724,048-1166-8LAW,"458 Public St, Unit 8LAW, Providence, RI 02907",2012-03-26,,1899-12-31,Complete,2012,2,stated,Certificate of Occupancy,New Structure,0,False,False,CONSTRUCT A NEW TWO FAMILY DWELLING.,2,1
16725,048-1165-8LAW,"5 Burnside St, Unit 8LAW, Providence, RI 02905",2012-03-26,,1899-12-31,Complete,2012,3,stated,Certificate of Occupancy,New Structure,0,False,False,CONSTRUCT A NEW THREE FAMILY TOWNHOUSE.,3,1
16726,048-1167-8LAW,"468 Public St, Unit 8LAW, Providence, RI 02907",2012-03-26,,1899-12-31,Complete,2012,3,stated,Certificate of Occupancy,New Structure,0,False,False,Construct a new three family dwelling.,3,1
16813,069-0669-8LAW,"65 Camden Ave, Unit 8LAW, Providence, RI 02908",2012-04-03,,1899-12-31,Complete,2012,3,stated,Certificate of Occupancy,New Structure,0,False,False,New construction 3 unit townhouses wood frame on full basement foundation.,3,1
17017,070-0232-0000,"20 Newcomb St, Providence, RI 02908",2012-04-24,,1899-12-31,Complete,2012,1,stated,Certificate of Occupancy,New Structure,65000,False,False,NEW TWO STORY SINGLE FAMILY DWELLING 21'X32'.,1,1
17034,063-0594-0000,"251 Amherst St, Providence, RI 02909",2012-04-24,,1899-12-31,Complete,2012,2,stated,Residential New Construction,New Structure,75000,False,False,"CONSTRUCT TWO FAMILY DWELLING, DUPLEX SIDE BY SIDE. ADMINISTRATIVE SUBDIVISION 12-010A. AREA INSPECTOR IS STANLEY DICKENSON (401)-680-5453",2,1
17037,029-0474-0000,"64 Battey St, Providence, RI 02903",2012-04-25,,1899-12-31,Complete,2012,2,stated,Residential New Construction,New Structure,100000,False,False,"CONSTRUCT NEW TWO-FAMILY, TWO-STORY TOWNHOUSE WITH FULL BASEMENT, AREA INSPECTOR IS STANLEY DICKENSON (401)-680-5453",2,1
17248,120-0339-0000,"128 Pinehurst Ave, Providence, RI 02908",2012-05-18,,1899-12-31,Complete,2012,1,stated,Residential New Construction,New Structure,75000,False,False,CONSTRUCT A TWO STORY SINGLE FAMILY WITH A FULL BASEMENT. area inspector: Scott Mooney 680-5355,1,1
17322,087-0583-0000,"211 Montgomery Ave, Providence, RI 02905",2012-05-25,,1899-12-31,Complete,2012,1,stated,Certificate of Occupancy,New Structure,0,False,False,"Erect a new one-story single family dwelling 22'x45' with full basement. Paving in rear yard not to exceed more than 50%, Zoning Board of Resolution #9401 dated May 8, 2009.",1,1
17332,118-0195-0000,"32 Joy St, Providence, RI 02908",2012-05-25,,1899-12-31,Complete,2012,1,stated,Residential New Construction,New Structure,70000,False,False,CONSTRUCTION OF ONE STORY SINGLE FAMILY DWELLING AS PER PLANS area inspector: Stan Dickenson 680-5453,1,1
17389,087-1125-0000,"935 Narragansett Blvd, Providence, RI 02905",2012-06-05,,1899-12-31,Complete,2012,1,stated,Residential New Construction,New Structure,125000,False,False,"BUILD A NEW SINGLE FAMILY DWELLING, 48' X42', 2 1/2-STORY, WOOD FRAME WITH TWO-CAR GARAGE",1,1
18037,048-0920-0000,"38 Burnside St, Providence, RI 02905",2012-08-17,,1899-12-31,Complete,2012,1,stated,Certificate of Occupancy,New Structure,0,False,False,CONSTRUCT A NEW TWO STORY SINGLE FAMILY DWELLING.,1,1
18082,043-0173-0000,"30 Seabury St, Providence, RI 02907",2012-08-22,,1899-12-31,Complete,2012,1,stated,Certificate of Occupancy,New Structure,0,False,False,CONSTRUCT A TWO STORY SINGLE FAMILY DWELLING WITH FULL BASEMENT.,1,2
18084,043-0172-0000,"34 Seabury St, Providence, RI 02907",2012-08-22,,1899-12-31,Complete,2012,1,stated,Certificate of Occupancy,New Structure,0,False,False,CONSTRUCT A TWO STORY SINGLE FAMILY DWELLING WITH FULL BASEMENT.,1,2
18096,077-0897-0000,"54 Wilna St, Providence, RI 02904",2012-08-23,,1899-12-31,Complete,2012,1,stated,Residential New Construction,New Structure,75000,False,False,"CONSTRUCT A TWO STORY 28'X44' SLAB ON-GRADE, ONE FAMILY DWELLING WITH A ONE CAR GARAGE AT GRADE LEVEL",1,1
18097,077-0898-0000,"64 Wilna St, Providence, RI 02904",2012-08-23,,1899-12-31,Complete,2012,1,stated,Residential New Construction,New Structure,75000,False,False,"CONSTRUCT A TWO STORY 44'X28' SLAB ON-GRADE, ONE FAMILY DWELLING WITH A ONE CAR GARAGE AT GRADE LEVEL.",1,1
18098,077-0899-0000,"74 Wilna St, Providence, RI 02904",2012-08-23,,1899-12-31,Complete,2012,1,stated,Residential New Construction,New Structure,75000,False,False,"Construct a two story 28'x44' slab on grade, one family dwelling with a one car garage at grade level.",1,1
18227,013-0298-0000,"157 Hope St, Providence, RI 02906",2012-09-10,,1899-12-31,Complete,2012,1,stated,Residential New Construction,New Structure,280000,False,False,"Construct a 3,370 square feet single family dwelling (two story). area inspector: Joe Triangolo 680-5357",1,1
18580,089-0015-0000,"51 Bissell St, Providence, RI 02907",2012-10-15,,1899-12-31,Complete,2012,1,stated,Residential New Construction,New Structure,50000,False,False,"Construct a two story, slab on grade 38'x22' single family dwelling. area inspector: Mike Campagnone 680-5452",1,1
18614,039-0507-0000,"74 Irving Ave, Providence, RI 02906",2012-10-17,,1899-12-31,Complete,2012,1,stated,Residential New Construction,New Structure,145000,False,False,"CONSTRUCT A TWO-STORY, SINGLE FAMILY DWELLING, 26' X 51' AND 1,884 SQUARE FEET OF LIVING SPACE WITH TWO-CAR GARAGE UNDER AND OCCUPIED BASEMENT LEVEL AS PER PLANS SUBMITTED, AREA INSPECTOR IS JOE TRIANGOLO (401)-680-5357",1,1
18851,109-0445-0000,"459 Union Ave, Providence, RI 02909",2012-11-13,,1899-12-31,Complete,2012,1,stated,Residential New Construction,New Structure,45000,False,False,Construct a single family house. Obtain approval with City Forester for required landscaping prior to CO.,1,1
18929,083-0124-0000,"170 Jastram St, Providence, RI 02908",2012-11-26,,1899-12-31,Complete,2012,1,stated,Certificate of Occupancy,New Structure,15000,False,False,"27'6""x50'x12"" 3,000 PSI concrete foundation with gap under foundation for a modular single single family dwelling",1,1
18966,112-0289-0000,"173 Petteys Ave, Providence, RI 02909",2012-11-30,,1899-12-31,Complete,2012,1,stated,Residential New Construction,New Structure,59000,False,False,New construction of a two story single family dwelling with handicap accessible. area inspector: MICHAEL CAMPAGNONE (401)-680-5452,1,1
19144,030-0695-0000,"18 Bridgham St, Providence, RI 02907",2013-01-04,,1899-12-31,Complete,2013,8,stated,Certificate of Occupancy,New Structure,0,False,False,"Construct an eight unit townhouse, three story with full basements, single structure 144'x28' on separate lots (with fire wall at property line on lots 690, 691, 692, 693, 694, 695, 696, 697).",8,6
19146,030-0694-0000,"20 Bridgham St, Providence, RI 02907",2013-01-04,,1899-12-31,Complete,2013,8,stated,Certificate of Occupancy,New Structure,0,False,False,"Construct an eight unit townhouse, three story with full basements, single structure 144'x28' on separate lots (with fire wall at property line on lots 690, 691, 692, 693, 694, 695, 696, 697).",0,6
19147,030-0693-0000,"22 Bridgham St, Providence, RI 02907",2013-01-04,,1899-12-31,Complete,2013,8,stated,Certificate of Occupancy,New Structure,0,False,False,"Construct an eight unit townhouse, three story with full basements, single structure 144'x28' on separate lots (with fire wall at property line on lots 690, 691, 692, 693, 694, 695, 696, 697).",0,6
19148,030-0692-0000,"24 Bridgham St, Providence, RI 02907",2013-01-04,,1899-12-31,Complete,2013,8,stated,Certificate of Occupancy,New Structure,0,False,False,"Construct an eight unit townhouse, three story with full basements, single structure 144'x28' on separate lots (with fire wall at property line on lots 690, 691, 692, 693, 694, 695, 696, 697).",0,6
19149,030-0691-0000,"26 Bridgham St, Providence, RI 02907",2013-01-04,,1899-12-31,Complete,2013,8,stated,Certificate of Occupancy,New Structure,0,False,False,"Construct an eight unit townhouse, three story with full basements, single structure 144'x28' on separate lots (with fire wall at property line on lots 690, 691, 692, 693, 694, 695, 696, 697).",0,6
19155,030-0690-0000,"28 Bridgham St, Providence, RI 02907",2013-01-04,,1899-12-31,Complete,2013,8,stated,Certificate of Occupancy,New Structure,0,False,False,"Construct an eight unit townhouse, three story with full basements, single structure 144'x28' on separate lots (with fire wall at property line on lots 690, 691, 692, 693, 694, 695, 696, 697).",0,6
19181,005-0476-0000,"124 Grand View St, Providence, RI 02906",2013-01-08,,1899-12-31,Complete,2013,1,stated,Residential New Construction,New Structure,25000,False,False,"New single family dwelling on piers over existing foundation. Zoning ok per Jeff. Per Jeff Lykins, contractor paid the difference from permit B2012-6222 Area inspector Joe Triangolo 401-680-5357",1,1
19201,015-0492-0000,"125 Pitman St, Providence, RI 02906",2013-01-10,,1899-12-31,Complete,2013,26,stated,Residential New Construction,New Structure,3100000,False,False,New apartment building (26 units). area inspector: Joe Triangolo 680-5357,26,1
19241,063-0590-0000,"55 Hyat St, Providence, RI 02909",2013-01-18,,1899-12-31,Complete,2013,1,stated,Residential New Construction,New Structure,75800,False,False,"CONSTRUCTION OF A NEW SINGLE FAMILY DWELLING AS PER PLANS. Dig Safe #20124605516 Fee waived as original permit fee $2,033 for this construction was paid on 10/14/10 permit #B2011-0782. Construction never got started. Ok per Tony Carvalho.",1,1
19258,082-0194-0000,"1 Convent St, Providence, RI 02908",2013-01-23,,1899-12-31,Complete,2013,3,stated,Certificate of Occupancy,New Structure,150000,False,False,"ERECT A NEW, 45' X 44', TWO-STORY, WOOD-FRAMED MODULAR THREE-UNIT TOWNHOUSE",3,1
19462,032-0306-0000,"17 Division St, Providence, RI 02909",2013-03-01,,1899-12-31,Complete,2013,2,stated,Certificate of Occupancy,New Structure,90000,False,False,"CONSTRUCT TWO-STORY, TWO-FAMILY DWELLING, 34' X 40' WITH FULL COMMON AREA BASEMENT",2,1
19733,009-0603-0000,"201 Lippitt St, Providence, RI 02906",2013-04-09,,1899-12-31,Complete,2013,1,stated,Residential New Construction,New Structure,74733,True,False,"RENEW PERMIT B2012-4631, CONSTRUCTION OF A THREE-STORY SINGLE FAMILY DWELLING WITH 10' X 12' REAR DECK AS PER PLANS, AREA INSPECTOR IS JOE TRIANGOLO (401)-680-5357",0,1
19896,122-0148-0000,"47 Longwood Ave, Providence, RI 02908",2013-04-30,,1899-12-31,Complete,2013,1,stated,Residential New Construction,New Structure,80000,False,False,CONSTRUCTION OF A NEW SINGLE FAMILY DWELLING. dig safe #2013-1005255,1,1
19911,013-0302-0000,"257 Thayer St, Providence, RI 02906",2013-05-01,,1899-12-31,Complete,2013,0,not stated,Comm/Ind New Structure,New Structure,0,False,False,"Conversion of multiple residential properties into a mixed use building: Retail and multifamily, Plat 13 lots to be merged. Planning Approval--",0,1
19926,097-0934-0000,"17 Mendon St, Providence, RI 02909",2013-05-02,,1899-12-31,Complete,2013,2,stated,Residential New Construction,New Structure,90000,False,False,"BUILD A NEW TWO-FAMILY DWELLING AS PER PLANS, AREA INSPECTOR IS STANLEY DICKENSON (401)-680-5453",2,1
20212,113-0083-0000,"129 Ophelia St, Providence, RI 02909",2013-05-30,,1899-12-31,Complete,2013,1,stated,Residential New Construction,New Structure,70000,False,False,"CONSTRUCT A TWO STORY, SINGLE FAMILY DWELLING 28'X44' LOWER FLOOR IS TO REMIAN UNFINISHED AND UNCONDITIONED ALSO 8'X12' RAISED DECK ON RIGHT SIDE. area inspector: Bill Packard 680-5353",1,3
20213,113-0096-0000,"167 Ophelia St, Providence, RI 02909",2013-05-30,,1899-12-31,Complete,2013,1,stated,Residential New Construction,New Structure,70000,False,False,"CONSTRUCT A TWO STORY, SINGLE FAMILY DWELLING 28'X44' LOWER FLOOR IS TO REMIAN UNFINISHED AND UNCONDITIONED ALSO 8'X12' RAISED DECK ON RIGHT SIDE. AREA INSPECTOR IS BILL PACKARD (401)-680-5357",1,3
20214,113-0095-0000,"169 Ophelia St, Providence, RI 02909",2013-05-30,,1899-12-31,Complete,2013,1,stated,Residential New Construction,New Structure,70000,False,False,"CONSTRUCT A TWO STORY, SINGLE FAMILY DWELLING 28'X44' LOWER FLOOR IS TO REMIAN UNFINISHED AND UNCONDITIONED ALSO 8'X12' RAISED DECK ON RIGHT SIDE. area inspector: Bill Packard 680-5353",1,3
20363,109-0478-0000,"24 Alto St, Providence, RI 02920",2013-06-18,,1899-12-31,Complete,2013,1,stated,Residential New Construction,New Structure,75000,False,False,CONSTRUCT A ONE STORY SINGLE FAMILY DWELLING WITH FULL BASEMENT.,1,1
20467,062-0613-0000,"23 Audrey St, Providence, RI 02909",2013-07-01,,1899-12-31,Complete,2013,1,stated,Residential New Construction,New Structure,142061,False,False,"CONSTRUCT A SINGLE FAMILY DWELLING AS PER PLANS, DIG SAFE # 2512827, ADMINISTRATIVE SUBDIVISION # 13-023 A, AREA INSPECTOR IS MICHAEL CAMPAGNONE (401)-680-5452",1,1
20471,062-0610-0000,"25 Audrey St, Providence, RI 02909",2013-07-02,,1899-12-31,Complete,2013,1,stated,Residential New Construction,New Structure,142061,False,False,CONSTRUCT A NEW SINGLE FAMILY DWELLING.,1,1
20765,091-0648-0000,"1261 North Main St, Providence, RI 02906",2013-08-08,,1899-12-31,Complete,2013,3,stated,Comm/Ind New Structure,New Structure,200000,False,False,Construct new mixed used building. Two retail space and three family (side by side second and third floors). AREA INSPECTOR IS JOE TRIANGOLO (401)-680-5357,3,1
20932,111-0085-0000,"2 Sunset Ave, Providence, RI 02909",2013-08-29,,1899-12-31,Complete,2013,1,stated,Residential New Construction,New Structure,72000,False,False,"BUILD A NEW ONE-STORY SINGLE FAMILY DWELLING AS PER PLANS, AREA INSPECTOR IS STANLEY DICKENSON (401)-680-5453",1,1
21006,013-0302-0000,"257 Thayer St, Providence, RI 02906",2013-09-06,,1899-12-31,Complete,2013,95,stated,Residential New Construction,New Structure,7160000,False,False,"Construct a four story wood framed apartment building 147x276 and 95 dwelling units with an enclosed parking garage at basement for 78 cars and a 1,054 square feet retail space on at the south west end of the 1sdt floor of separated use.",95,1
21135,094-0758-0000,"45 Oakwood Ave, Providence, RI 02909",2013-09-18,,1899-12-31,Complete,2013,1,stated,Residential New Construction,New Structure,45000,False,False,"CONSTRUCTION OF A ONE-STORY, RAISED RANCH, SINGLE FAMILY DWELLING AS PER PLANS. OWNER TO PROVIDE ROOF TRUSS BEFORE FRAMING ROOF. AREA INSPECTOR IS STANLEY DICKENSON (401)-680-5453",1,1
21210,077-0895-0000,"44 Wilna St, Providence, RI 02904",2013-09-26,,1899-12-31,Complete,2013,1,stated,Residential New Construction,,60000,False,False,CONSTRUCT A NEW SINGLE FAMILY DWELLING 44'X26' WITH 12'X7' DECK.,1,2
21211,077-0894-0000,"40 Wilna St, Providence, RI 02904",2013-09-26,,1899-12-31,Complete,2013,1,stated,Residential New Construction,New Structure,60000,False,False,CONSTRUCT A NEW SINGLE FAMILY DWELLING 44'X26' WITH 12'X7' DECK.,1,2
303,048-0392-0000,"33 Ocean St, Providence, RI 02905",2013-10-30,,1899-12-31,Complete,2013,1,stated,Residential New Construction,New Structure,74000,False,False,33 Ocean St Single Family KEVIN R. MOORE Habitat For Humanity RI/GREATER (401)-831-5424 NEW CONSTRUCTION OF A SINGLE FAMILY DWELLING. area inspector: Michael Campagnone 401-680-5452,1,1
403,008-0479-0000,"151 Pleasant St, Providence, RI 02906",2013-11-08,,1899-12-31,Complete,2013,1,stated,Residential New Construction,New Structure,80000,False,False,"151 Pleasant St Single Family B2013-9531 SA K. SATHUAN QUALITY FIRST BUILDERS INC. Construct a two story, one family dwelling with inter-graded one car garage and full basement 30'x35' as per plans, Zoning Board of Review Resolution No. 920",1,1
404,008-0480-0000,"155 Pleasant St, Providence, RI 02906",2013-11-08,,1899-12-31,Complete,2013,1,stated,Residential New Construction,New Structure,80000,False,False,"155 Pleasant St Single Family B2013-9532 SA K. SATHUAN QUALITY FIRST BUILDERS INC. (401)-965-1744 Construct a two story one family dwelling with inter-graded one car garage and full basement 30'x35' as per plans, Zoning Board of Review Reso",1,1
494,119-0175-0000,"31 Eaton St, Providence, RI 02908",2013-11-21,,1899-12-31,Complete,2013,1,stated,Residential New Construction,New Structure,80000,False,False,31 Eaton St Single Family B2013-9622 JEFFREY M. GIUSTI JMG INC. 401-265-4822 Erect new single family dwelling 23'x56'. area inspector: Stanley Dickenson 401-680-5453,1,1
566,118-0193-0000,"37 Joy St, Providence, RI 02908",2013-12-06,,1899-12-31,Complete,2013,1,stated,Residential New Construction,New Structure,70000,False,False,"37 Joy St Single Family B2016-17428 Wilton C. Ribereio WR Construction & Design Inc. 774-488-7977 CONSTRUCTION OF A NEW TWO-STORY, SINGLE FAMILY DWELLING, 20' X 30' FOOTPRINT TO SCHEDULE INSPECTIONS, PLEASE CALL (401)-680-5355",1,1
587,006-0613-0CMD,"56 Locust St, Unit CMD, Providence, RI 00000",2013-12-10,,1899-12-31,Complete,2013,2,stated,Residential New Construction,New Structure,50000,False,False,"56-58 LOCUST ST Two Family B2014-9846 MATTHEW PENNINO MATEO CONSTRUCTION, L.L.C. (401)-965-3444 NEW CONSTRUCTION OF A TWO-STRY, TWO-FAMILY DWELLING SIDE BY SIDE AS PER PLANS, AREA INSPECTOR IS JOE TRIANGOLO (401)-680-5357",2,1
1226,092-0278-0000,"52 Harwich Rd, Providence, RI 02906",2014-04-16,,1899-12-31,Complete,2014,1,stated,Residential New Construction,New Structure,200000,False,False,52 Harwich Rd Single Family B2014-10546 DAVID HAINSE S.C. Construction Co. Inc. David M. Hainse (401)385-3886 ERECT NEW 45' X 46' SINGLE FAMILY HOUSE TO PLANS AREA INSPECTOR JOE TRIANGOLO 680-5357,1,1
1248,071-0269-0000,"26 Stone St, Providence, RI 02904",2014-04-18,,1899-12-31,Complete,2014,1,stated,Residential New Construction,New Structure,80000,False,False,33 McMillen aka 26 Stone St Single Family B2014-10357 David A. Reynolds DHR Builders 401-862-7559 Construct a single one story family dwelling. Dig safe #20132410753 area inspector: Stanley Dickenson 401-680-5453,1,1
1415,108-0162-0000,"9 Rye St, Providence, RI 02909",2014-05-07,,1899-12-31,Complete,2014,2,stated,Residential New Construction,New Structure,8000,False,False,9 Rye St Two Family B2014-11596 ORLANDO R CORREIA 401-965-6155 ERECT NEW TWO CAR GARAGE 22' X 22' TO PLANS AREA INSPECTOR STANLEY DICKENSON 401-680-5453,2,1
1806,042-0152-0000,"36 Linwood Ave, Providence, RI 02909",2014-06-12,,1899-12-31,Complete,2014,1,stated,New Construction Residential,New Structure,85000,False,False,"36 Linwood Ave Single Family B2014-10808 SIPHON LAY LAY INVESTMENT PROPERTIES (407)-756-4242 Construction of a one family dwelling, one story on existing 24' X 48"" foundation with full basement and truss roof system.",1,1
1808,095-0101-0000,"98 Unit St, Providence, RI 02909",2014-06-12,,1899-12-31,Complete,2014,1,stated,New Construction Residential,New Structure,85000,False,False,98 Unit Street Single Family B2014-10807 SIPHON LAY LAY INVESTMENT PROPERTIES (407)-756-4242 construction of a one story single family dwelling on a 24' X 48' foundation with full basement and truss roof system. area inspector: Stanley Dick,1,1
2273,113-0062-0000,"146 Ophelia St, Providence, RI 02909",2014-07-30,,1899-12-31,Complete,2014,1,stated,Residential New Construction,New Structure,60000,False,False,146 Ophelia St Single Family B2014-11465 SATHUAN K. SA IMPERIAL INVESTMENTS INC. 401-965-1744 Construct a one story single family dwelling with unfinished basement used for storage and laundry. area inspector: Stanley Dickenson 401-680-5453,1,1
2355,009-0609-0000,"4 Jenckes St, Providence, RI 02906",2014-08-07,,1899-12-31,Complete,2014,1,stated,Residential New Construction,New Structure,205000,False,False,"4 Jenckes Street Single Family B2014-12409 FRANCESCO M. SCOTTI FRANCO ENTERPRISES, INC. (401)-751-1579 New construction of a two story single family dwelling with basement. PHDC No. 14.018 Minor Subdivision Plan 13-035MI. call 401-680-5355 ",1,1
2526,059-0770-0000,"50 Spicer St, Providence, RI 02905",2014-08-27,,1899-12-31,Complete,2014,1,stated,Residential New Construction,New Structure,55000,False,False,"50 Spicer St Single Family B2014-11750 VINCENT E. MANN KYLTIFF DEVELOPMENT (401)-440-4807 CONSTRUCTION OF A TWO STORY, NEW SINGLE FAMILY DWELLING WITH ATTACHED GARAGE AS PER PLANS, ZONING BOARD OF REVIEW RESOLUTION NUMBER 9816/2014, AREA IN",1,1
2585,118-0192-0000,"33 Joy St, Providence, RI 02908",2014-09-03,,1899-12-31,Complete,2014,1,stated,Residential New Construction,New Structure,70000,False,False,31-33 Joy St Single Family Owner - Furtado Realty Construct a new single family dwelling - 2 story on full basement foundation 20'x30'. Plan Review Abandoned,1,1
2697,065-0510-0000,"67 Bergen St, Providence, RI 02908",2014-09-15,,1899-12-31,Complete,2014,3,stated,Residential New Construction,New Structure,86000,False,False,67 Bergen St Commercial Stephen Rochette Recom Bldgs. Maint & Rest LLC 203-980-7740 Construct a three story three family dwelling. Dig safe #2014-3800832 area inspector: Stanley Dickenson 401-680-5453,3,1
2718,005-0237-0000,"30 Tecumseh St, Providence, RI 02906",2014-09-16,,1899-12-31,Complete,2014,1,stated,Residential New Construction,New Structure,60000,False,False,"30 Tecumseh St Single Family B2014-11856 MATTHEW PENNINO MATEO CONSTRUCTION, L.L.C. (401)-965-3444 Foundation 20x42, framing single family 1,680 square feet, roof, porches, windows, doors. area inspector: Joe Triangolo 401-680-5357",1,1
2798,007-0364-0000,"38 Taft Ave, Providence, RI 02906",2014-09-25,,1899-12-31,Complete,2014,2,stated,Residential New Construction,New Structure,125000,False,False,38 Taft Ave Two Family B2014-12042 Daniel A. Santis Greenwich Bay Homes LLC 401-241-3949 Construction of a new two family residential dwelling with a 15x30 deck. area inspector: Joe Triangolo 401-680-5357,2,1
2800,005-0006-0000,"96 Evergreen St, Providence, RI 02906",2014-09-25,,1899-12-31,Complete,2014,1,stated,Residential New Construction,New Structure,86000,False,False,96 Evergreen St Single Family B2014-11845 LIBRADO SIME JR. SIME CONSTRUCTION (401)941-3248 Construct a two family duplex (front to back) as per plans. area inspector: Joe Triangolo 401-680-5357,1,1
2804,007-0366-0CMD,"46 Taft Ave, Unit CMD, Providence, RI 02906",2014-09-25,,1899-12-31,Complete,2014,2,stated,Residential New Construction,New Structure,125000,False,False,46 Taft Ave Two Family B2014-12044 Daniel A. Santis Greenwich Bay Homes LLC 401-241-3949 Construction of a new two family residential dwelling with a 15x30 deck. area inspector: Joe Triangolo 401-680-5357,2,1
2805,007-0365-0000,"42 Taft Ave, Providence, RI 02906",2014-09-25,,1899-12-31,Complete,2014,2,stated,Residential New Construction,New Structure,125000,False,False,42 Taft Ave Two Family B2014-12043 Daniel A. Santis Greenwich Bay Homes LLC 401-241-3949 Construction of a new two family residential dwelling with a 15x30 deck. area inspector: Joe Triangolo 401-680-5357,2,1
2806,007-0367-0000,"50 Taft Ave, Providence, RI 02906",2014-09-25,,1899-12-31,Complete,2014,2,stated,Residential New Construction,New Structure,125000,False,False,50 Taft Ave Two Family B2014-12045 Daniel A. Santis Greenwich Bay Homes LLC 401-241-3949 Construction of a new two family residential dwelling with a 15x30 deck. area inspector: Joe Triangolo 401-680-5357,2,1
2816,095-0620-0000,"63 Leah St, Providence, RI 02908",2014-09-26,,1899-12-31,Complete,2014,1,stated,Residential New Construction,New Structure,80000,False,False,"63 Leah St Single Family B2014-11954 David A. Reynolds DHR Builders 401-862-7559 Construct a new single family dwelling. Zoning Board of Review Resolution No. 9796/June 4, 2014. area inspector: Stanley Dickenson 401-680-5453",1,1
2818,071-0387-0000,"103 Commodore St, Providence, RI 02904",2014-09-26,,1899-12-31,Complete,2014,1,stated,Residential New Construction,New Structure,80000,False,False,103 Commodore St Single Family B2014-11955 David A. Reynolds DHR Builders 401-862-7559 Construct new single family dwelling. area inspector: Stanley Dickenson 401-680-5453,1,1
3110,032-0576-0000,"48 Harrison St, Providence, RI 02909",2014-10-30,,1899-12-31,Complete,2014,1,stated,Comm/Ind New Structure,New Structure,2000,False,False,48 Harrison St Single Family B2014-12318 Owner JOHN MCNIFF Planning to build an 8' x 12' shed primarily for storage in the back yard of my residence. The shed will be placed at least 6' from any property lines. PHDC No. 14.137 Call 401-680-,1,1
3253,072-0429-0000,"74 Ashton St, Providence, RI 02904",2014-11-21,,1899-12-31,Complete,2014,1,stated,Residential New Construction,New Structure,80000,False,False,74 Ashton St Single Family B2014-12340 OWNER - JORICA LIQUORS LLC 401-440-1620 BUILD 26'X47' SINGLE FAMILY DWELLING.,1,1
3314,080-0087-0000,"13 Case Ln, Providence, RI 02909",2014-12-02,,1899-12-31,Complete,2014,1,stated,Residential New Construction,New Structure,60000,False,False,13 Case Ln Single Family B2014-12398 SATHUAN K. SA IMPERIAL INVESTMENTS INC. 401-965-1744 Construct a new single family dwelling. call 401-680-5355 to schedule an inspection.,1,1
3344,049-0039-0000,"84 Burnett St, Providence, RI 02907",2014-12-08,,1899-12-31,Complete,2014,2,stated,Residential New Construction,New Structure,170000,False,False,84 Burnett St Two Family B2015-13761 Ronald J. Caniglia Stand Corporation (401)-737-8420 CONSTRUCTION OF A NEW TWO-FAMILY RESIDENTIAL DWELLING UNITS,2,1
3346,031-0385-0000,"69 Althea St, Providence, RI 02907",2014-12-08,,1899-12-31,Complete,2014,2,stated,Residential New Construction,New Structure,180000,False,False,69 Althea St Two Family B2015-13762 Ronald J. Caniglia Stand Corporation 401-737-8420 CONSTRUCTION OF A NEW TWO-FAMILY RESIDENTIAL DWELLING UNITS,2,1
3348,043-1033-0000,"126 Linwood Ave, Providence, RI 02907",2014-12-08,,1899-12-31,Complete,2014,6,stated,Residential New Construction,New Structure,385000,False,False,126 Linwood Ave Commercial B2015-13763 Ronald J. Caniglia Stand Corporation 401-737-8420 CONSTRUCTION OF A NEW SIX-FAMILY RESIDENTIAL DWELLING UNIT,6,1
3376,043-0179-0000,"9 Seabury St, Providence, RI 02907",2014-12-10,,1899-12-31,Complete,2014,3,stated,Demolition,New Structure,5000,False,False,"9 Seabury St B2014-12369 LOUIS NOTORANTONIO NOTORANTONIO BROTHERS, INC (401)-447-8234 Demolition of a two story three family dwelling.",3,1
3413,113-0451-0000,"170 Ophelia St, Providence, RI 02909",2014-12-17,,1899-12-31,Complete,2014,1,stated,Residential New Construction,New Structure,60000,False,False,170 Ophelia St Single Family B2014-12419 SATHUAN K. SA IMPERIAL INVESTMENTS INC. 401-965-1744 Construct a new single family dwelling. Sub-division Plan 14-029MI,1,1
743,054-0001-0000,"500 Prairie Ave, Providence, RI 02905",2014-01-21,,1899-12-31,Complete,2014,1,stated,Residential New Construction,New Structure,82500,False,False,500 Prairie Ave Single Family B2014-9858 RONALD J. CANIGLIA STAND CORPORATION (401)-737-8420 Construct a new single family dwelling. area inspector: Michael Campagnone 401-680-5452,1,1
744,046-0383-0000,"65 Potters Ave, Providence, RI 02905",2014-01-21,,1899-12-31,Complete,2014,2,stated,Residential New Construction,New Structure,130000,False,False,65 Potters Ave Two Family B2014-9859 RONALD J. CANIGLIA STAND CORPORATION (401)-737-8420 Construction of new two (2) family wood frame dwelling. area inspector: Michael Campagnone 401-680-5452,2,1
3569,068-0032-0000,"123 Bernon St, Providence, RI 02908",2015-01-21,,1899-12-31,Complete,2015,2,stated,Residential New Construction,New Structure,290000,False,False,119-123 Bernon St Two Family B2015-12902 CAROL A. O'DONNELL CRM MODULAR HOMES (401)-339-4903New modular home two family duplex as per plans submitted,2,1
3612,009-0610-0000,"400 Hope St, Providence, RI 02906",2015-01-23,,1899-12-31,Complete,2015,3,stated,Comm/Ind New Structure,New Structure,644580,False,False,"400 HOPE Commercial B2015-13386 BOWERMAN ASSOCIATES INC 401-454-4300 Construction of a two story wood framed building 98'x60' with a 4,800 square feet footprint and 3,000 square feet basement, with business tenants on 1st floor and three ap",3,1
3694,031-0622-0000,"215 Dexter St, Providence, RI 02907",2015-02-23,,1899-12-31,Complete,2015,4,stated,Residential New Construction,New Structure,594994,False,False,"215 Dexter St Commercial B2015-13730 David R. Martel H.V. COLLINS COMPANY 401-421-4080Sankofa Apartments: CONSTRUCTION OF A NEW THREE-STORY, FOUR-FAMILY DWELLING, WOOD FRAMED BUILDING AS PER PLANS SUBMITTED CONDITIONAL APPROVAL, SEE REVIEW ",4,1
3695,031-0192-0000,"64 Diamond St, Providence, RI 02907",2015-02-23,,1899-12-31,Complete,2015,3,stated,Residential New Construction,New Structure,1082086,False,False,"58 Diamond St Commercial B2015-13740 David R. Martel H.V. COLLINS COMPANY 401-421-4080Sankofa Apartments: New construction of a three-story, wood framed building nine apartments as per plans submitted, FIRST FLOOR-3 APARTMENTS, SECOND FLOOR",3,1
3696,030-0388-0000,"57 Sprague St, Providence, RI 02907",2015-02-23,,1899-12-31,Complete,2015,0,not stated,Residential New Construction,New Structure,416707,False,False,"70 Westfield St Commercial B2015-13738 David R. Martel H.V. COLLINS COMPANY 401-421-4080New construction of a new wood framed one-story, community building/banquet facility (A 2) with office and storage as accessory use as per plans submitt",0,1
3699,030-0714-0000,"202 Harrison St, Providence, RI 02907",2015-02-24,,1899-12-31,Complete,2015,2,stated,Residential New Construction,New Structure,314923,False,False,"202 Harrison St Two Family B2015-13735 David R. Martel H.V. COLLINS COMPANY 401-421-4080Sankofa Apartments: New construction of a two story, two-family townhouse, wood framed building as per plans submitted, Administrative Subdivision: 15-0",2,1
3700,031-0252-0000,"197 Harrison St, Providence, RI 02907",2015-02-24,,1899-12-31,Complete,2015,2,stated,Residential New Construction,New Structure,274575,False,False,"197 Harrison St Two Family B2015-13732 David R. Martel H.V. COLLINS COMPANY 401-421-4080Sankofa Apartments: CONSTRUCTION OF A TWO-STORY, TWO-FAMILY DWELLING, WOOD FRAMED BUILDING AS PER PLANS SUBMITTED Administrative Subdivision: 15-007A CO",2,1
3701,030-0713-0000,"192 Harrison St, Providence, RI 02907",2015-02-24,,1899-12-31,Complete,2015,2,stated,Residential New Construction,New Structure,279986,False,False,"192 Harrison St Commercial B2015-13731 David R. Martel H.V. COLLINS COMPANY 401-421-4080Sankofa Apartments: New construction of a two-story, two-family dwelling, townhouse style, wood framed building as per plans submitted Administrative Su",2,1
3709,030-0710-0000,"182 Harrison St, Providence, RI 02907",2015-02-24,,1899-12-31,Complete,2015,2,stated,Residential New Construction,New Structure,312710,False,False,"182 Harrison St Two Family B2015-13734 David R. Martel H.V. COLLINS COMPANY 401-421-4080Sankofa Apartments: New construction of a two-story, two-family townhouse, wood framed building as per plans submitted, Administrative Subdivision: 15-0",2,1
3710,030-0712-0000,"112 Wilson St, Providence, RI 02907",2015-02-24,,1899-12-31,Complete,2015,2,stated,Residential New Construction,New Structure,281016,False,False,"112 Wilson St Commercial B2015-13737 David R. Martel H.V. COLLINS COMPANY 401-421-4080Sankofa Apartments: New construction of a two-story, two-family dwelling, townhouse style, wood framed building as per plans submitted, Administrative Sub",2,1
3711,030-0711-0000,"120 Wilson St, Providence, RI 02907",2015-02-24,,1899-12-31,Complete,2015,2,stated,Residential New Construction,New Structure,272876,False,False,"120 Wilson St Two Family B2015-13736 David R. Martel H.V. COLLINS COMPANY 401-421-4080Sankofa Apartments: New construction of a two-story, two-family townhouse style, wood framed building as per plans submitted, Administrative Subdivision: ",2,1
3737,087-0438-0000,"170 Washington Ave, Providence, RI 02905",2015-03-04,,1899-12-31,Complete,2015,2,stated,Residential New Construction,New Structure,75000,False,False,170 Washington Ave Two Family B2015-12781 SATHUAN K. SA IMPERIAL INVESTMENTS INC. 401-965-1744CONSTRUCT A NEW TWO-FAMILY DWELLING AS PER PLANS SUBMITTED,2,1
3780,047-0753-0000,"129 Oxford St, Providence, RI 02905",2015-03-11,,1899-12-31,Complete,2015,1,stated,Residential New Construction,New Structure,91000,False,False,129 Oxford St Single Family B2015-13196 RONALD J. CANIGLIA STAND CORPORATION (401)-737-8420 Construct a single family dwelling. call 401-680-5355 to schedule an inspection.,1,1
3811,030-0388-0000,"57 Sprague St, Providence, RI 02907",2015-03-18,,1899-12-31,Complete,2015,25,stated,Residential New Construction,New Structure,2354576,False,False,"66 Westfield St Commercial B2015-13742 David R. Martel H.V. COLLINS COMPANY 401-533-4604Sankofa Apartments: New construction of a 3-story wood framed building FOR 25 APARTMENTS AS PER PLANS SUBMITTED, FIRST FLOOR-11 APARTMENTS, SECOND FLOOR",25,1
4107,105-0336-0000,"77 Whittier Ave, Providence, RI 02909",2015-04-22,,1899-12-31,Complete,2015,1,stated,New Construction Residential,New Structure,80000,False,False,77 Whittier Ave Single Family B2015-13148 SIPHON LAY LAY INVESTMENT PROPERTIES (407)-756-4242 Construction of a one-story single family dwelling wood frame on a 24' X 48' foundation with full basement. call 401-680-5355 to schedule an inspe,1,1
4125,114-0137-0000,"11 Middleton St, Providence, RI 02909",2015-04-23,,1899-12-31,Complete,2015,3,stated,Residential Detached Structure,New Structure,18000,False,False,"11 Middleton St Three Family B2015-13167 MAURO NOGUEIRA NOGUEIRA CONSTRUCTION (774)-930-6258 ERECT NEW 36' X 24' THREE-CAR GARAGE AS PER PLANS TO SCHEDULE INSPECTIONS, PLEASE CALL (401)-680-5355",3,1
4289,082-0119-0000,"105 Garfield Ave, Providence, RI 02908",2015-05-11,,1899-12-31,Complete,2015,2,stated,Residential Detached Structure,New Structure,6000,False,False,105 Garfield Ave Two Family B2015-13498 owner - Charles S Dedo 401-598-7736 Build garage. call 401-680-5355 to schedule an inspection.,2,1
4438,094-0706-0000,"140 Rushmore Ave, Providence, RI 02909",2015-05-22,,1899-12-31,Complete,2015,1,stated,Residential New Construction,New Structure,70000,False,False,140 Rushmore Ave Single Family B2015-13794 SATHUAN K. SA IMPERIAL INVESTMENTS INC. (401)-965-1744CONSTRUCT NEW SINGLE FAMILY DWELLING WITH THREE BEDROOMS AND ONE BATHROOM AS PER PLANS SUBMITTED,1,1
4462,094-0574-0000,"146 Rushmore Ave, Providence, RI 02909",2015-05-28,,1899-12-31,Complete,2015,1,stated,Residential New Construction,New Structure,70000,False,False,"146 Rushmore Ave Single Family B2015-13795 SATHUAN K. SA IMPERIAL INVESTMENTS INC. 401-965-1744CONSTRUCTION OF A ONE-STORY, THREE BEDROOMS, ONE BATHROOM, SINGLE FAMILY DWELLING AS PER PLANS",1,1
4555,124-0531-0000,"15 Winona St, Providence, RI 02904",2015-06-03,,1899-12-31,Complete,2015,1,stated,Residential New Construction,New Structure,100000,False,False,15 Winona St Single Family B2015-14125 DAVID G. BOGOSIAN DAVID G. BOGOSIAN 401374-2369ERECT A NEW 30' X 42' TWO-STORY SINGLE FAMILY DWELLING AS PER PLANS SUBMITTED,1,1
4556,124-0532-0000,"25 Winona St, Providence, RI 02904",2015-06-03,,1899-12-31,Complete,2015,1,stated,Residential New Construction,New Structure,100000,False,False,"25 Winona St Single Family B2015-14124 DAVID G. BOGOSIAN DAVID G. BOGOSIAN 401374-2369 Erect a new one family dwelling 30'x42'. CP #, ZBR Resolution #.",1,1
4625,029-0031-0000,"296 Knight St, Providence, RI 02909",2015-06-10,,1899-12-31,Complete,2015,1,stated,Residential New Construction,New Structure,60000,False,False,296 Knight Street Single Family Hallmark Homes Hallmark Homes 401-364-0400 New Construction of single-family home. Zoning Variance reacquired-close permit,1,1
4868,029-0031-0000,"296 Knight St, Providence, RI 02909",2015-07-07,,1899-12-31,Complete,2015,1,stated,Residential New Construction,New Structure,60000,False,False,296 Knight Street Single Family Hallmark Homes Hallmark Homes 401-364-0400 Residential New Construction,1,1
4937,041-0304-0000,"37 Channing Ave, Providence, RI 02906",2015-07-15,,1899-12-31,Complete,2015,1,stated,Residential New Construction,New Structure,160000,False,False,39 Channing Ave Single Family B2015-14174CONSTRUCTION OF A NEW SINGLE FAMILY DWELLING AS PER PLANS SUBMITTED,1,1
5072,062-0612-0000,"21 Audrey St, Providence, RI 02909",2015-07-28,,1899-12-31,Active,2015,1,stated,Residential New Construction,New Structure,142061,False,False,"21 Audrey St Single Family B2015-14436 Frank T. Shea OLNEYVILLE HOUSING CORP. 401-351-8719FINISH PORTION OF THE BASEMENT, INSTALL BATHROOM, WORK COMPLETED PRIOR TO PERMIT",1,1
5085,030-0374-0000,"32 Westfield St, Providence, RI 02907",2015-07-29,,1899-12-31,Complete,2015,2,stated,new residential construction,New Structure,90000,False,False,32 Westfield St Two Family B2015-14022 Eugenio Ovalle Grace Construction 401-430-0596Construction of a new two story two family dwelling 26' X 46',2,1
5125,108-0113-0000,"115 Dorchester Ave, Providence, RI 02909",2015-07-31,,1899-12-31,Complete,2015,1,stated,Comm/Ind Complete Renovation,New Structure,50000,False,False,115 Dorchester Ave Single Family B2015-14064 David Corsetti Premier Land Development 401-742-6666 Build a single family residence according to approved plans. Contractor to provide Fire Department approval prior to CO,1,1
5177,093-0244-0000,"346 Blackstone Blvd, Providence, RI 02906",2015-08-06,,1899-12-31,Complete,2015,1,stated,Residential New Construction,New Structure,275000,False,False,"346 Blackstone Blvd Single Family B2015-14159 Luigi Aceto Churchill & Banks Comp, LLC 401-273-8010 x264CONSTRUCTION OF A NEW SINGLE FAMILY DWELLING TO CODE AS PER PLANS SUBMITTED",1,1
5234,077-0902-0000,"116 Smart St, Providence, RI 02904",2015-08-14,,1899-12-31,Complete,2015,1,stated,Residential New Construction,New Structure,85260,False,False,116 Smart St Single Family B2015-14373 ABILIO J. FERNANDES J.K. & SONS 508-965-5457 BUILD NEW SINGLE FAMILY HOME (RAISED RANCH -1280 SQ./FT.) PER STATE BUILDING CODE. CALL 401-680-5355 TO SCHEDULE INSPECTIONS,1,1
5620,010-0072-0000,"108 Prospect St, Providence, RI 02906",2015-09-25,,1899-12-31,Complete,2015,1,stated,Site Work,New Structure,32000,False,False,108 Prospect St Single Family B2015-14777 Kevin Fox Yardworks Inc. (401)463-9133 CONSTRUCT A NEW 12'X40' INGROUND POOL WITH 8' ROUND SPA,1,1
5838,045-0916-0000,"391 Public St, Providence, RI 02907",2015-10-16,,1899-12-31,Complete,2015,2,stated,Residential New Construction,New Structure,150000,False,False,391 Public St Two Family B2015-15049 RONALD J. CANIGLIA STAND CORPORATION (401)-737-8420 CONSTRUCTION OF NEW TWO FAMILY DWELLING. TO SCHEDULE INSPECTION - PLEASE CALL 401-680-5355.,2,1
5848,030-0708-0000,"151 Lester St, Providence, RI 02907",2015-10-16,,1899-12-31,Complete,2015,2,stated,Residential New Construction,New Structure,150000,False,False,151 Lester St Two Family B2015-15053 RONALD J. CANIGLIA STAND CORPORATION (401)-737-8420 CONSTRUCTION OF NEW TWO FAMILY DWELLING UNIT. TO SCHEDULE INSPECTION - PLEASE CALL 401-680-5355.,2,1
5855,045-0917-0000,"399 Public St, Providence, RI 02907",2015-10-16,,1899-12-31,Complete,2015,2,stated,Residential New Construction,New Structure,150000,False,False,399 Public St Two Family B2015-14925 RONALD J. CANIGLIA STAND CORPORATION (401)-737-8420 CONSTRUCTION OF NEW TWO FAMILY DWELLING. TO SCHEDULE INSPECTION - PLEASE CALL 401-680-5355.,2,1
5856,030-0707-0000,"153 Lester St, Providence, RI 02907",2015-10-16,,1899-12-31,Complete,2015,2,stated,Residential New Construction,New Structure,150000,False,False,153 LESTER ST Two Family B2015-15051 RONALD J. CANIGLIA STAND CORPORATION (401)-737-8420 CONSTRUCTION OF NEW TWO FAMILY DWELLING UNIT. TO SCHEDULE INSPECTION - PLEASE CALL 401-680-5355.,2,1
5887,030-0709-0000,"88 Bridgham St, Providence, RI 02907",2015-10-20,,1899-12-31,Complete,2015,2,stated,Residential New Construction,New Structure,150000,False,False,88 Bridgham St Two Family B2015-14926 RONALD J. CANIGLIA STAND CORPORATION (401)-737-8420 CONSTRUCTION OF NEW TWO FAMILY DWELLING UNIT. TO SCHEDULE INSPECTION - PLEASE CALL 401-680-5355.,2,1
5890,048-0911-0000,"804 Broad St, Providence, RI 02907",2015-10-20,,1899-12-31,Complete,2015,3,stated,Residential New Construction,New Structure,155000,False,False,804 Broad St Commercial B2015-15052 RONALD J. CANIGLIA STAND CORPORATION (401)-737-8420 CONSTRUCTION OF NEW THREE UNIT TOWNHOUSE BUILDING. TO SCHEDULE INSPECTION - PLEASE CALL 401-680-5355.,3,1
5956,104-0002-0000,"13 Terrace Ave, Providence, RI 02909",2015-10-26,,1899-12-31,Complete,2015,2,stated,Residential New Construction,New Structure,95000,False,False,13 Terrace Ave Two Family B2015-15195 ARTHUR JOHNSON R & S DEVELOPMENT 714-4345 CONSTRUCT A TWO FAMILY HOUSE,2,1
6003,030-0701-0000,"3 Arch St, Providence, RI 02907",2015-10-29,,1899-12-31,Complete,2015,3,stated,Residential New Construction,New Structure,228000,False,False,"3, 5, 7 Arch St Three Family B2015-14939 RONALD J. CANIGLIA STAND CORPORATION (401)-737-8420CONSTRUCTION OF A NEW 3-UNIT TOWNHOUSE STYLE, RESIDENTIAL DWELLING UNITS AS PER PLANS SUBMITTED",3,1
6071,031-0474-0000,"49 Waverly St, Providence, RI 02907",2015-11-05,,1899-12-31,Complete,2015,1,stated,Residential New Construction,New Structure,65000,False,False,"49 Waverly St Single Family B2015-14996 RAMON SOSA RAMON SOSA (401)-808-1985CONSTRUCT A 24' X 36' SINGLE FAMILY DWELLING, TWO-STORY ON EXISTING FOUNDATION, SUBJECT TO ZONING REGULATIONS OF DECEMBER 24, 2014",1,1
6137,048-1175-0000,"814 Broad St, Providence, RI 02907",2015-11-12,,1899-12-31,Active,2015,6,stated,Comm/Ind New Structure,New Structure,575000,False,False,"808-814 Broad St Commercial B2015-15117 RONALD J. CANIGLIA STAND CORPORATION (401)-737-8420 CONSTRUCTION OF NEW MIXED-USE BUILDING. (6) UNIT RESIDENTIAL, (2) COMMERCIAL UNITS. TO SCHEDULE INSPECTION - PLEASE CALL 401-680-5355.",6,1
6230,108-0401-0000,"108 Roosevelt St, Providence, RI 02909",2015-11-24,,1899-12-31,Complete,2015,1,stated,Residential New Construction,New Structure,77000,False,False,"108 Roosevelt St Single Family B2015-15313 MICHAEL A. MONTI, JR. OCEANSTATE PAINTING COMPANY (401)-524-3428CONSTRUCTION OF A NEW ONE-STORY, 42' X 26' SINGLE FAMILY DWELLING AS PER PLANS SUBMITTED",1,1
6316,064-0257-0000,"64 Pomona Ave, Providence, RI 02908",2015-12-04,,1899-12-31,Complete,2015,2,stated,Residential New Construction,New Structure,65000,False,False,64 Pomona Ave Two Family B2016-16281 ROBERT J. BALDWIN R.B. HOMES INC (401)-942-2202NEW WOOD FRAME FOR TWO FAMILY DWELLING WITH INTEGRAL ONE-CAR GARAGE AS PER PLANS SUBMITTED,2,1
6462,064-0257-0000,"64 Pomona Ave, Providence, RI 02908",2015-12-22,,1899-12-31,Complete,2015,2,stated,Residential Foundation,New Structure,5000,False,True,"64 Pomona Ave Two Family B2015-15388 ROBERT J. BALDWIN R.B. HOMES INC 401-942-2202 Foundation only, approx. 25' wide x 46' deep per Tony C. Please call 680-5355 for inspection",0,1
6885,062-0350-0000,"42 Chaffee St, Unit 062-0350-0000, Providence, RI 02909",2016-03-07,,,Active,2016,3,stated,Residential New Construction,New Structure,135000,False,False,42 Chaffee St Three Family B2016-16284 DANIEL G. VALCOURT PEZZUCO CONSTRUCTION (401)-942-2244AMHERST GARDENS CONSTRUCTION OF A NEW THREE UNIT RESIDENTIAL APARTMENT BUILDING AS PER PLANS SUBMITTED,3,1
6886,062-0331-0000,"11 Appleton St, Unit 062-0331-0000, Providence, RI 02909",2016-03-07,,,Active,2016,2,stated,Residential New Construction,New Structure,130000,False,False,11 Appleton St Two Family B2016-16292 DANIEL G. VALCOURT PEZZUCO CONSTRUCTION (401)-942-2244AMHERST GARDENS CONSTRUCTION OF A NEW TWO UNIT RESIDENTIAL DWELLING UNITS/APARTMENTS AS PER PLANS SUBMITTED,2,1
6890,062-0349-0000,"44 Chaffee St, Unit 062-0349-0000, Providence, RI 02909",2016-03-08,,,Active,2016,4,stated,Residential New Construction,New Structure,225000,False,False,44 Chaffee St Commercial B2016-16294 DANIEL G. VALCOURT PEZZUCO CONSTRUCTION (401)-942-2244AMHERST GARDENS CONSTRUCTION OF FOUR NEW TOWNHOUSE ROWHOUSES AND ASSOCIATED SITE IMPROVEMENTS AS PER PLANS SUBMITTED,4,1
6893,062-0366-0000,"55 Julian Street, Providence, RI 02906",2016-03-08,,,Active,2016,3,stated,Residential New Construction,New Structure,175000,False,False,55 Julian St Three Family B2016-16287 DANIEL G. VALCOURT PEZZUCO CONSTRUCTION (401)-942-2244AMHERST GARDENS CONSTRUCTION OF THREE NEW TOWNHOUSE ROWHOUSES AND ASSOCIATED SITE IMPROVEMENTS AS PER PLANS SUBMITTED,3,1
7254,071-0067-0000,"22 Greeley St, Providence, RI 02904",2016-04-18,,2017-07-19,Complete,2016,2,stated,Residential New Construction,New Structure,163000,False,False,"22 Greeley St Two Family B2016-16322 MICHAEL S. PAOLUCCI EMERALD SERVICES (401)-640-1736ERECT A NEW TWO FAMILY DWELLING, TWO-STORY, DUPLEX STYLE (UP & DOWN) AS PER PLANS SUBMITTED",2,1
7644,095-0313-0000,"35 Sybaris St, Providence, RI 02909",2016-05-23,,2017-02-21,Complete,2016,1,stated,New construction residential,New Structure,87000,False,False,35 Sybaris Street Two Family B2016-16538 LRV Properties Luis Vicioso Construct a new wood frame 2 story-1 family dwelling on 24'X32' foundation with full basement finished with recreation room laundry and bathroom.,1,1
7657,116-0735-0000,"390 Academy Ave, Providence, RI 02908",2016-05-23,,2017-11-22,Complete,2016,2,stated,Residential New Construction,New Structure,100000,False,False,390 Academy Avenue B2016-16539 Building a new two family dwelling. Wood frame 26 x 50 foundationTo schedule inspection please call 680-5355.,2,1
7857,011-0117-0000,"268 Angell St, Providence, RI 02906",2016-06-08,,2017-08-04,Complete,2016,1,stated,Residential Detached Structure,New Structure,80000,False,False,"268 Angell St Single Family B2016-16953 GLENN A. PARKER PARKER CONSTRUCTION COMPANY (401)-427-8505DEMOLITION/REMOVAL OF EXISTING DETACHED GARAGE AND RECONSTRUCTION OF NEW 1 1/2-STORY, DETACHED GARAGE",1,1
7880,119-0176-0000,"39 Eaton St, Providence, RI 02908",2016-06-10,,,Active,2016,3,stated,Residential New Construction,New Structure,90000,False,False,"39 - 41 Eaton St Three Family B2016-16794 JEFFREY M. GIUSTI JMG INC. (401)-265-4822ERECT A NEW, THREE (3) FAMILY DWELLING UNIT (27' X 48')",3,1
7883,119-0042-0000,"35 Eaton St, Providence, RI 02908",2016-06-10,,2019-09-30,Complete,2016,3,stated,Residential New Construction,New Structure,100990,False,False,35 - 37 Eaton St Three Family B2016-16792 JEFFREY M. GIUSTI JMG INC. (401)-265-4822ERECT THREE FAMILY DWELLING (27' X 46'),3,1
7888,119-0177-0000,"43 Eaton St, Providence, RI 02908",2016-06-10,,2019-09-18,Complete,2016,3,stated,Residential New Construction,New Structure,90000,False,False,"43 - 45 Eaton St Three Family B2016-16797 JEFFREY M. GIUSTI JMG INC. (401)-265-4822ERECT A NEW, THREE FAMILY DWELLING (27' X 48')",3,1
8003,115-0388-0000,"11 Ophelia St, Unit 115-0388-0000, Providence, RI 02906",2016-06-20,,,Active,2016,1,stated,Residential New Construction,New Structure,110000,False,False,11 Ophelia St Single Family B2016-16905 GARY BALLETTO CONSTRUCT SINGLE FAMILY DWELLING. TO SCHEDULE AN INSPECTION CALL 401-680-5355.,1,1
8336,122-0278-0000,"85 Ravenswood, Providence, RI 02908",2016-07-25,,,Active,2016,1,stated,Residential New Construction,New Structure,18000,False,False,85 Ravenswood Single Family B2016-17471 Paul Tomaselli Tomaselli Home Remodeling 401-440-7877 Building a 20' x 14' foot garage with 8' door and 6' double side door. To schedule inspection please call 680-5355.,1,1
8361,064-0231-0000,"163 Pomona Ave, Providence, RI 02908",2016-07-26,,,Active,2016,2,stated,Residential New Construction,New Structure,80000,False,False,"163 Pomona Ave Two Family B2016-17550 ROBERT P. JOSEPH RPJ CONSTRUCTION (401)-524-1675ERECT ONE NEW, TWO-FAMILY DWELLING, TWO-STORY, DUPLEX SIDE BY SIDE, 26' X 44'",2,1
8551,063-0596-0000,"976 Atwells Ave, Providence, RI 02909",2016-08-16,,,Active,2016,2,stated,Residential New Construction,New Structure,33000,False,False,"970 Atwells Ave Two Family OMAR R. DIAZ DIAZ CONSTRUCTION (401)-723-3985\\ERECT A NEW TWO-FAMILY DWELLING, 09/30/2016~ALL PLANS AND DOCUMENTS TAKEN BACK BY THE APPLICANT, TO BE RE-SUBMITTED IN THE FUTURE",2,1
8688,098-0130-0000,"17 Shaw St, Providence, RI 02904",2016-08-29,,,Active,2016,1,stated,Residential New Construction,New Structure,115000,False,False,17 Shaw St Single Family B2016-17606 SATHUAN K. SA IMPERIAL INVESTMENTS INC. (401)-965-1744ERECT A NEW SINGLE FAMILY DWELLING WITH A 25' X 46' FOOTPRINT WITH GARAGE UNDER AND UNFINISHED WALKOUT BASEMENT WITH LAVATORY AND UTILITIES,1,1
8725,119-0159-0000,"44 Liege St, Providence, RI 02908",2016-09-01,,,Active,2016,1,stated,Residential New Construction,New Structure,50000,False,False,"44 Liege St Single Family B2016-17643 JEFFREY M. GIUSTI JMG INC. (401)-265-4822ERECT A NEW TWO-STORY, 27' X 50', SINGLE FAMILY FAMILY DWELLING",1,1
8766,073-0380-0000,"88 Summit Ave, Providence, RI 02906",2016-09-06,,,Active,2016,2,stated,Residential Detached Structure,New Structure,23000,False,False,88 - 90 Summit Ave Two Family John N. Bergantini CONSTRUCTION & DESIGN SERVICES (401)-639-3198 #################################################################################################################################################,2,1
8773,005-0371-0000,"77 Rochambeau Ave, Providence, RI 02906",2016-09-07,,,Active,2016,2,stated,Residential New Construction,New Structure,22500,False,False,"77 - 79 Rochambeau Ave Two Family B2016-17687 ANTONIO G. RIBEIRO ANTONIO G. RIBEIRO (401)-497-4336REFER TO 652/OCTOBER 12, 2001-ERECT A NEW, TWO-STORY, TWO FAMILY, DUPLEX FRONT AND BACK 09/07/2016-PERMIT IS TO COMPLETE THE FRONT STRUCTURE, ",2,1
8863,057-0075-0000,"159 Rugby St, Providence, RI 02905",2016-09-19,,,Active,2016,2,stated,Residential New Construction,New Structure,180000,False,False,"159 Rugby St Two Family B2016-18121 RONALD J. CANIGLIA STAND CORPORATION (401)-737-8420 Construction of new two (2) Family Dwelling. To schedule an inspection, please call 680-5355.",2,1
8932,057-0046-0000,"201 Pavilion Ave, Providence, RI 02905",2016-09-21,,2017-11-13,Complete,2016,1,stated,Residential New Construction,New Structure,80000,False,False,"201 Pavilion Ave Single Family B2016-18214 RONALD J. CANIGLIA STAND CORPORATION (401)-737-8420CONSTRUCTION OF A NEW TWO-STORY, NEW SINGLE FAMILY DWELLING",1,1
8933,057-0076-0000,"164 Pavilion Ave, Unit 057-0076-0000, Providence, RI 02905",2016-09-21,,2017-08-04,Complete,2016,2,stated,Residential New Construction,New Structure,140000,False,False,"164 Pavilion Ave Two Family B2016-18213 RONALD J. CANIGLIA STAND CORPORATION (401)-737-8420CONSTRUCTION OF A NEW TWO-STORY, TWO FAMILY DWELLING",2,1
8934,057-0078-0000,"176 Pavilion Ave, Providence, RI 02905",2016-09-21,,2017-08-11,Complete,2016,2,stated,Residential New Construction,New Structure,140000,False,False,"176 Pavilion Ave Two Family B2016-18236 RONALD J. CANIGLIA STAND CORPORATION (401)-737-8420CONSTRUCTION OF A NEW TWO-STORY, TWO FAMILY DWELLING",2,1
8935,,"172-174 Pavilion Ave, Providence, RI 02905",2016-09-21,,2017-06-15,Complete,2016,2,stated,Residential New Construction,New Structure,140000,False,False,"172 Pavilion Ave Two Family B2016-18235 RONALD J. CANIGLIA STAND CORPORATION (401)-737-8420CONSTRUCTION OF A NEW TWO-STORY, TWO FAMILY DWELLING",2,1
9092,104-0777-0000,"218 Progress Ave, Providence, RI 02909",2016-10-06,,2017-11-30,Complete,2016,2,stated,Residential - New,New Structure,105800,False,False,"218 Progress Ave Two Family B2016-18089 Rafael Polanco RPM Remodeling 401-640-7787 CONSTRUCTION OF A NEW, 31' X 46' TWO-STORY, TWO FAMILY DWELLING. TO SCHEDULE INSPECTIONS, PLEASE CALL (401)-680-5355.",2,1
9192,093-0343-0000,"412 Blackstone Blvd, Providence, RI 02906",2016-10-18,,2018-04-17,Complete,2016,1,stated,Residential New Construction,New Structure,235200,False,False,"412 Blackstone Blvd Single Family B2016-18109 Ron Smith RJS Development, Inc. Ronald J. Smith (401)741-0466New, two-story single family dwelling , 4 bed, 2 1/2 bathroom single family house with 2 car garage. Call for inspection 401-680-5355",1,1
9531,121-0063-0000,"26 Basswood Ave, Providence, RI 02908",2016-11-22,,2019-01-04,Complete,2016,1,stated,Residential New Construction,New Structure,100000,False,False,"26 Basswood Ave Single Family B2016-18416 THA KUY K D CONSTRUCTION., L.L.C. (401)-486-4225 Construct single family 2 story 38x44 house with full basement and attached 2 car garage. Call for inspection 401-680-5355",1,1
9574,078-0387-0000,"342 Woodward Rd, Providence, RI 02904",2016-11-30,,2017-04-04,Complete,2016,1,stated,Site Work,New Structure,5158,False,False,342 Woodward Rd Single Family Eastern Shed Install 12'x14' wood storage shed. ( plans added) Please call 680-5355 for inspections.,1,1
70504,,"253 George St, Providence, RI 02906",2017-01-06,2017-02-03,,Active,2017,1,stated,Residential - New,New Structure,550000,False,False,"Construct a two story single family dwelling with a full basement and attached three car garage. (This permit is limited to foundation, and structural work to make building weather tight including site improvements) Paid in full, revision o",1,1
71565,008-0106-0000,"17 Jenkins St, Providence, RI 02906",2017-01-27,2017-02-23,,Complete,2017,4,stated,Residential - New,New Structure,280000,False,False,"Construct a 4-unit ""ROW"" house unit",4,1
71566,081-0297-0000,"23 Annie St, Providence, RI 02908",2017-01-27,2017-02-23,,Active,2017,1,stated,Residential - New,New Structure,100000,False,False,Construct a new single family dwelling,1,1
72083,021-0083-0000,"11-15 Point St, Providence, RI 02906",2017-02-08,2017-07-13,,Active,2017,0,not stated,Residential - New,New Structure,24054758,False,False,"Development of Lot 83 to include a new, non-high rise residential building. The building will be 7 stories in height with a mechanical penthouse and will have an approximate footprint area of 22,526 sf. The majority of the building will be ",0,1
72174,093-351-0000,"420 Cole Ave, Providence, RI 02906",2017-02-10,2017-03-03,,Active,2017,1,stated,Residential - New,New Structure,275000,False,False,420 COLE AVE: CONSTRUCT NEW SINGLE FAMILY HOME WITH A 2 CAR GARAGE,1,1
72791,063-0596-0000,"970-976 Atwells Ave, Providence, RI 02909",2017-02-23,2017-08-10,,Complete,2017,2,stated,Residential - New,New Structure,130000,False,False,"Construct a New Two Family Dwelling 28x48 two story with full Basement, 1344 Square Feet. 48'x28'.",2,1
72870,028-0531-0000,"25 Gesler St, Providence, RI 02909",2017-02-27,,,Stopped,2017,1,stated,Residential - New,New Structure,100000,False,False,CONSTRUCT NEW SINGLE FAMILY HOUSE,1,1
72873,028-0531-0000,"25 Gesler St, Providence, RI 02909",2017-02-27,2017-05-10,,Complete,2017,1,stated,Residential - New,New Structure,100000,False,False,Construct a two story single family dwelling 40'x 29' with full basement and 2350 sq. ft. of living area Changes to permit - changed stairs from L shape to straight and on second floor move door from barren wall to non barren wall.,1,1
73262,,"58 Carteret St, Unit 1a, Providence, RI 02908",2017-03-07,2017-08-11,,Active,2017,1,stated,Residential - New,New Structure,150000,False,False,"New Construction Single Family, TWO STORY, 1,700 SQUARE FEET, 40' X 24' SHOTGUN RANCH STYLE",1,1
73417,040-0009-0000,"200 Grotto Ave, Providence, RI 02906",2017-03-08,2017-04-04,,Active,2017,1,stated,Residential - New,New Structure,600000,False,False,ERECT NEW TWO STORY SINGLE FAMILY DWELLING,1,1
73837,077-0611-0000,"57 Wilna St, Providence, RI 02904",2017-03-17,2017-07-12,,Active,2017,1,stated,Residential - New,New Structure,60000,False,False,CONSTRUCT A NEW SLAB ON+GRADE THREE STORY 28x30 SINGLE FAMILY DWELLING WITH GARAGE UNDER,1,1
73841,021-0083-0000,"11-15 Point St, Providence, RI 02906",2017-03-17,,,Complete,2017,174,stated,Residential - New,New Structure,28518990,False,False,New 7 story steel frame building with masonry and metal panel faced with 174 living units,174,1
76714,105-0046-0000,"48 Plainfield St, Providence, RI 02909",2017-04-24,2017-05-04,2018-02-22,Complete,2017,0,not stated,Commercial - New,New Structure,675000,False,False,"Construct a slab on-grade, one story 121' x 70' and 8470 sq. ft. building with 7689 sq.ft. of retail space and 796 sq. ft. of stock, office, and bathrooms. (Family Dollar)",0,1
76924,118-0192-0000,"33 Joy St, Providence, RI 02908",2017-04-27,2017-11-16,2018-12-13,Stopped,2017,1,stated,Residential - New,New Structure,60000,False,False,Construct a single family dwelling,1,1
77177,,"169 Canal St, Unit , Providence, RI 02903",2017-05-02,2017-09-19,2018-09-18,Complete,2017,202,stated,Residential - New,New Structure,24700000,False,False,"Construct a 15 Story, 160' high 202 apartment unit building and undeveloped space on grade floor for retail with a foot print of 7,780 and total area of 123,180 of non-separated use building.",202,1
77817,042-0450-0000,"35 Linwood Ave, Providence, RI 02909",2017-05-12,,,Complete,2017,2,stated,Residential - New,New Structure,80000,False,False,"CONSTRUCT A TWO STORY , TWO FAMILY DWELLING 29'X22' AND 1276 SQ. FT. NO BASEMENT ON A CRAW-SPACE",2,1
77902,129-0258-0000,"88 Samoset Ave, Providence, RI 02908",2017-05-15,2017-06-06,2018-06-13,Complete,2017,1,stated,Residential - New,New Structure,75000,False,False,CONSTRUCT NEW TWO STORY SINGLE FAMILY DWELLING,1,1
78280,017-0027-0000,"45 Fremont St, Providence, RI 02906",2017-05-22,2017-07-19,,Active,2017,2,stated,Residential - New,New Structure,125000,False,False,Construct a new 3 story 32x36 with full basement two family dwelling,2,1
78656,053-0460-0000,"58 Lexington Ave, Providence, RI 02907",2017-05-31,,,Stopped,2017,3,stated,Residential - New,New Structure,28525,False,False,"The complete demolition of the existing 3-Family Residential Structure, concrete, andfoundation. Atlantic to clean fill and level to lot grade.",3,1
78697,123-0221-0000,"21 Hereford St, Providence, RI 02908",2017-05-31,2017-07-06,,Active,2017,1,stated,Residential - New,New Structure,80000,False,False,const. new single family dwelling wood frame 3 bed 1 bath 24 x 42,1,1
78760,109-0004-0000,"96 Farmington Ave, Providence, RI 02909",2017-06-01,2017-06-20,2018-05-03,Complete,2017,2,stated,Residential - New,New Structure,110000,False,False,"CONSTRUCT A NEW 26X60 TWO STORY DUPLEX, WOOD FRAMING.",2,1
78762,028-0846-0000,"250 Federal St, Providence, RI 02909",2017-06-01,2017-07-07,2018-07-24,Complete,2017,2,stated,Residential - New,New Structure,110000,False,False,CONSTRUCT A NEW 26X50 TWO STORY TWO FAMILY DWELLING,2,1
7914,,"307-309 Manton Ave, Providence, RI 02909",2016-06-13,2017-01-10,2018-03-23,Complete,2017,1,assumed 1,NEW STRUCTURE,New Structure,185000,False,False,307-309 MANTON AVE Commercial LARRY DECRISTOFARO 413-4953 ERECT A NEW BLOCK BUILDING ON A 50'X80 SLAB TO BE USED FOR RETAIL UNITS,1,1
79230,095-0736-0000,"62 Gray St, Providence, RI 02909",2017-06-12,2017-07-11,2018-06-20,Complete,2017,1,stated,Residential - New,New Structure,75000,False,False,Construct a New single family dwelling.,1,1
79299,016-0476-0000,"298 Wickenden St, Providence, RI 02903",2017-06-13,,,Stopped,2017,3,stated,Residential - New,New Structure,120000,False,False,"Erect a new three unit row dwelling (three, three-story single family dwelling attached, row house style)",3,1
80217,080-0894-0000,"66 Huber Ave, Providence, RI 02909",2017-06-29,2017-06-29,,Active,2017,40,stated,Residential - New,New Structure,3000000,False,False,"Construct a three story 280'x105' slab on grade, wood frame 40 unit apartment building. Four buildings connected by roofs and courtyards. There are 12 ADA units on the 1st floor and the 2nd and 3rd floors are 28 townhouse style units. Zonin",40,1
81297,036-0294-0000,"124 Sycamore St, Providence, RI 02909",2017-06-30,2017-09-05,2018-07-20,Complete,2017,1,stated,Residential - New,New Structure,160000,False,False,New Construction of a Single Family Home,1,1
81455,115-0434-0000,"586 Hartford Ave, Providence, RI 02909",2017-07-06,2017-08-01,2017-12-21,Complete,2017,1,stated,Residential - New,New Structure,100000,False,False,Construct a New Single Family,1,1
81502,059-0677-0000,"117 Babcock St, Providence, RI 02905",2017-07-07,2017-07-18,2018-08-02,Complete,2017,1,stated,Residential - New,New Structure,80000,False,False,construct a one-story single family dwelling,1,1
81565,063-0104-0000,"24 Hannah St, Providence, RI 02909",2017-07-08,,,Active,2017,1,stated,Residential - New,New Structure,90000,False,False,build a new single family home slab on grade,1,1
81566,068-0753-0000,"58 Wayne St, Providence, RI 02908",2017-07-08,,,Active,2017,1,assumed 1,Residential - New,New Structure,90000,False,False,building a new single home,1,1
82545,038-0042-0000,"25 Glen Dr, Providence, RI 02906",2017-07-27,2017-08-31,,Active,2017,1,stated,Residential - New,New Structure,200000,False,False,Construct new single family two story dwelling containing 4 bedrooms & 3.5 bathrooms.,1,1
82749,085-0336-0000,"99 Naples Ave, Providence, RI 02908",2017-08-01,2017-08-11,2018-01-26,Complete,2017,1,stated,Residential - New,New Structure,75000,False,False,Erect a new one family dwelling 24x46,1,1
83968,096-0002-0000,"592-594 Manton Avenue, Providence, RI 02909",2017-08-03,2017-08-11,2018-10-10,Active,2017,1,stated,Residential - New,New Structure,80000,False,False,CONSTRUCT SINGLE FAMILY TWO STORY DWELLING 26X60 WOOD FRAMING.,1,1
85920,111-0099-0000,"98 Killingly St, Providence, RI 02909",2017-09-12,2017-09-28,2019-05-24,Complete,2017,1,stated,Residential - New,New Structure,75000,False,False,"CONSTRUCT A 24' X 30', TWO-STORY WOOD FRAME SINGLE FAMILY DWELLING ON FULL FOUNDATION",1,1
86318,069-0012-0000,"29 Dickens St, Providence, RI 02908",2017-09-18,,,Stopped,2017,2,stated,Residential - New,New Structure,95000,False,False,New construction of a two story two family dwelling,2,1
86616,114-0092-0000,"72 Middleton St, Providence, RI 02909",2017-09-22,2017-10-24,2018-05-16,Complete,2017,1,assumed 1,Residential - New,New Structure,75230,False,False,NEW CONSTRUCTION,1,2
86617,114-0093-0000,"76 Middleton St, Providence, RI 02909",2017-09-22,2017-10-24,,Active,2017,1,assumed 1,Residential - New,New Structure,71230,False,False,NEW CONSTRUTION,1,1
86618,114-0477-0000,"64 Middleton St, Providence, RI 02909",2017-09-22,2017-10-24,2018-05-14,Complete,2017,1,assumed 1,Residential - New,New Structure,71265,False,False,NEW CONSTRUCTION,1,2
86720,014-0223-0000,"178 Gano St, Providence, RI 02906",2017-09-25,2017-11-20,2018-06-19,Active,2017,3,stated,Residential - New,New Structure,150000,False,False,Construct a new three unit townhouse,3,1
87194,005-0415-0000,"39-41 Duncan Ave, Providence, RI 02906",2017-09-28,2017-12-11,2018-05-23,Active,2017,2,stated,Residential - New,New Structure,150000,False,False,"Construct a New 2 family on Lot 415. See plans submitted, SET OF PLANS SUBMITTED IN THE OFFICE.",2,1
87476,096-0054-0000,"382 Manton Ave, Providence, RI 02909",2017-10-02,2017-12-08,,Active,2017,2,stated,Residential - New,New Structure,120000,False,False,"New construction: 2 family, 3 bedroom, 1 bathroom, residential dwelling.",2,1
87688,079-0235-0000,"46 Crandall St, Providence, RI 02908",2017-10-04,2017-11-08,,Active,2017,1,stated,Residential - New,New Structure,125000,False,False,This is a new construction single family home. The style of this home will be a a shotgun style single family raised ranch residence with a finished basement and 1 story above the basement. The front door of the house is located on Crandall,1,1
88186,069-0012-0000,"29 Dickens St, Providence, RI 02908",2017-10-10,2017-10-19,,Active,2017,2,stated,Residential - New,New Structure,110000,False,False,"Construct new 25' x50' wood frame 3 story, two family dwelling with full basement.",2,1
88195,065-0809-0000,"6 Alton St, Providence, RI 02908",2017-10-10,2017-10-19,2019-01-29,Complete,2017,2,stated,Residential - New,New Structure,110000,False,False,Construct a 24x50 wood framed 2 family,2,1
88447,012-0174-0000,"185 Angell St, Providence, RI 02906",2017-10-12,2017-11-30,,Active,2017,9,stated,Commercial - New,New Structure,380000,False,False,ERECT A NEW NINE UNIT APARTMENT BUILDING,9,1
88539,076-0289-0000,"44 Longmont St, Providence, RI 02908",2017-10-13,2017-10-19,,Active,2017,2,stated,Residential - New,New Structure,100000,False,False,Construction of a new 2 family house with partially finished basement.,2,1
88543,095-0593-0000,"60 Leah St, Providence, RI 02908",2017-10-13,2017-11-22,,Active,2017,1,stated,Residential - New,New Structure,80000,False,False,Construction of a new single family dwelling. Approx. 2240 sq. ft.+/-,1,1
8882,057-0079-0000,"182 Pavilion Ave, Providence, RI 02905",2016-09-19,2017-02-03,2017-08-30,Complete,2017,1,stated,Residential New Construction,New Structure,91000,False,False,"182 Pavilion Ave Single Family RONALD J. CANIGLIA STAND CORPORATION (401)-737-8420CONSTRUCTION OF A NEW STORY, SINGLE FAMILY DWELLING",1,1
89695,044-0455-0000,"30 Woodman St, Providence, RI 02907",2017-10-24,2017-11-28,,Active,2017,1,stated,Residential - New,New Structure,80000,False,False,BUILD NEW TWO STORY FULL BASEMENT SINGLE FAMILY DWELLING,1,1
90482,097-0319-0000,"163 Russo St, Providence, RI 02904",2017-11-03,,,Stopped,2017,2,stated,Residential - New,New Structure,100000,False,False,"Construct a new two story, two family dwelling.",2,1
90834,093-0349-0000,"15 Balton Rd, Providence, RI 02906",2017-11-09,2017-12-07,2018-10-16,Complete,2017,1,stated,Residential - New,New Structure,150000,False,False,Construct a single family dwelling. Three stories (5300 Sq Ft.) Wood frame building with two car garage.,1,1
91879,077-0886-0000,"165 Windmill St, Providence, RI 02904",2017-11-27,2017-12-08,,Active,2017,1,stated,Residential - New,New Structure,90000,False,False,"Construction of a new single family dwelling on a full 28' X 35' Three stories in height, wood framed with integral one car garage.",1,1
92817,065-0440-0000,"28 Linton St, Providence, RI 02908",2017-12-07,2017-12-22,2018-12-05,Complete,2017,2,stated,Residential - New,New Structure,90000,False,False,"CONSTRUCT A 24X48 TWO STORY WOOD FRAME TWO FAMILY DWELLING WITH 2,304 SQUARE FEET OF LIVING SPACE.",2,1
93674,042-0450-0000,"35 Linwood Ave, Providence, RI 02909",2017-12-21,,,Active,2017,2,stated,Residential - New,New Structure,80000,False,False,"CONSTRUCT A TWO STORY , TWO FAMILY DWELLING 29'X22' AND 1276 SQ. FT. NO BASEMENT ON A CRAW-SPACE",2,1
9641,057-0113-0000,"125 Byfield St, Providence, RI 02905",2016-12-08,2017-01-04,2017-08-17,Complete,2017,2,stated,Residential New Construction,New Structure,154000,False,False,125 Byfield St Two Family MICHAEL S. PAOLUCCI EMERALD SERVICES (401)-640-1736 NEW STRUCTURE OF A TWO FAMILY DWELLING. PLEASE CALL 401-680-5355 TO SCHEDULE INSPECTION.,2,1
100290,076-0532-0000,"52 Sussex St, Providence, RI 02908",2018-04-11,2018-05-08,,Active,2018,2,stated,Residential - New,New Structure,100000,False,False,CONSTRUCT A NEW TWO STORY TWO FAMILY DUPLEX,2,2
100299,076-0533-0000,"25 Cheshire St, Providence, RI 02908",2018-04-11,2018-05-08,,Active,2018,2,stated,Residential - New,New Structure,100000,False,False,CONSTRUCT A NEW TWO STORY TWO FAMILY DUPLEX,0,2
102023,123-0058-0000,"517 Admiral St, Providence, RI 02908",2018-05-02,2018-05-17,2018-10-02,Complete,2018,1,stated,Residential - New,New Structure,85000,False,False,Construction of a 2 stories single family dwelling wood frame and full foundation with 26x30 footprint,1,1
102705,126-0129-0000,"6 Tobyhanna St, Providence, RI 02910",2018-05-09,2018-05-31,,Active,2018,1,stated,Residential - New,New Structure,87000,False,False,CONSTRUCT A TWO STORY SINGLE FAMILY DWELLING,1,1
102710,034-0386-0000,"37 Brinkley St, Providence, RI 02909",2018-05-09,2018-09-21,,Active,2018,1,stated,Residential - New,New Structure,100000,False,False,BUILD 2 FLOOR SINGLE FAMILY HOME,1,1
102793,114-0216-0000,"44 King Philip St, Providence, RI 02909",2018-05-10,2018-06-06,2018-12-06,Complete,2018,1,assumed 1,Residential - New,New Structure,60000,False,False,BUILT ONE STORY HOUSE,1,1
103461,097-0962-0000,"139 Raphael Ave, Providence, RI 02904",2018-05-18,,,Stopped,2018,1,stated,Residential - New,New Structure,100000,False,False,Construct a 24â€™x36â€™ single family dwelling w/ loft being proposed. Plans for septic system and artisan well are also included in this work.,1,1
103500,097-0962-0000,"139 Raphael Ave, Providence, RI 02904",2018-05-18,2018-12-11,,Active,2018,1,stated,Residential - New,New Structure,125000,False,False,Single family home. 2nd story loft/storage/attic.Private septic.Private well.Propane heat,1,1
103806,099-0059-0000,"34 Vandewater St, Providence, RI 02908",2018-05-23,2018-06-08,,Active,2018,1,stated,Residential - New,New Structure,90000,False,False,CONSTRUCT A TWO STORY 24 X 32 SINGLE FAMILY DWELLING,1,1
104003,123-0293-0000,"121 Devonshire St, Providence, RI 02908",2018-05-25,2018-06-08,2019-05-20,Complete,2018,1,stated,Residential - New,New Structure,85000,False,False,BUILT A TWO STORIES SINGLE FAMILY DWELLING,1,2
104009,123-0296-0000,"131 Devonshire St, Providence, RI 02908",2018-05-25,2018-06-08,2019-05-20,Complete,2018,1,stated,Residential - New,New Structure,85000,False,False,BUILT A TWO STORIES SINGLE FAMILY DWELLING,1,2
104150,085-0593-0000,"90 Erie St, Providence, RI 02908",2018-05-29,2018-07-12,,Active,2018,1,stated,Residential - New,New Structure,90000,False,False,CONSTRUCT A NEW TWO STORY 48 X 28.5 SINGLE FAMILY DWELLING,1,1
104519,102-0283-0000,"973 Douglas Ave, Providence, RI 02908",2018-06-04,2018-09-11,,Active,2018,1,stated,Residential - New,New Structure,100000,False,False,Construct a new two story single family dwelling,1,1
104621,102-0282-0000,"88 Henrietta St, Providence, RI 02908",2018-06-05,2018-07-19,,Active,2018,1,stated,Residential - New,New Structure,100000,False,False,Construct a new two story single family dwelling.,1,1
104622,102-0281-0000,"92 Henrietta St, Providence, RI 02908",2018-06-05,2018-07-19,,Active,2018,1,stated,Residential - New,New Structure,100000,False,False,Construct a new two story Single Family Dwelling,1,1
104817,093-0350-0000,"430 Cole Ave, Providence, RI 02906",2018-06-07,2018-06-28,2019-09-23,Complete,2018,1,stated,Residential - New,New Structure,150000,False,False,Construct new single family home with two car garage,1,1
105314,064-0968-0000,"89 Belmont Ave, Providence, RI 02908",2018-06-13,2018-06-28,2019-05-07,Complete,2018,1,stated,Residential - New,New Structure,80000,False,False,"construction of a one-story, wood-framed, single family dwelling on a full foundation with a 27' X 46' footprint.",1,1
105423,110-0052-0000,"68 Mercy St, Providence, RI 02909",2018-06-14,2018-09-24,,Active,2018,1,stated,Residential - New,New Structure,100000,False,False,CONSTRUCT A NEW TWO STORY 24' X 40' SINGLE FAMILY DWELLING,1,1
105453,064-0969-0000,"13 Carleton St, Providence, RI 02908",2018-06-14,2018-06-28,,Active,2018,1,stated,Residential - New,New Structure,85000,False,False,"construction of a two story, wood-framed, single family dwelling; on a full foundation with a 30' X 30' footprint. Existing two-car garage on the same lot to remain.",1,1
105847,032-0233-0000,"1292 Westminster St, Providence, RI 02909",2018-06-20,2018-10-15,,Active,2018,35,stated,Commercial - New,New Structure,1700000,False,False,Construction of a new mixed use 5 story building 7200 sq ft of commercial space on the first floor and 35 dwelling units floors 2-5.,35,1
105851,025-0454-0000,"78 Fountain St, Providence, RI 02902",2018-06-20,2018-10-15,,Active,2018,0,not stated,Commercial - New,New Structure,20095529,False,False,Construction of a new 6 story mixed-use apartment building.,0,1
105987,014-0596-0000,"68 Pitman St, Providence, RI 02906",2018-06-22,2018-07-09,2019-05-02,Complete,2018,2,stated,Residential - New,New Structure,120000,False,False,"ERECT A NEW TWO FAMILY DUPLEX, 26' X 60' FIRST FLOOR WITH A 28' X 60' SECOND FLOOR CANTILEVER.",2,1
105991,014-0597-0000,"72 Pitman St, Providence, RI 02906",2018-06-22,2018-07-09,,Active,2018,2,stated,Residential - New,New Structure,120000,False,False,ERECT A NEW TWO FAMILY DUPLEX ON NEW LOT #597. 26' X 60' FIRST FLOOR AND 28' X 60' SECOND FLOOR CANTILEVER.,2,1
107576,118-0192-0000,"33 Joy St, Providence, RI 02908",2018-07-17,2018-07-17,,Active,2018,1,stated,Residential - New,New Structure,60000,False,False,RE INSTATE BUILDING PERMIT #76924 TO NEW OWNER / CONTRACTOR: CONSTRUCT A SINGLE FAMILY DWELLING,1,1
107855,123-0551-0000,"473 Admiral St, Providence, RI 02908",2018-07-20,2018-10-10,,Active,2018,2,stated,Residential - New,New Structure,125000,False,False,Construction of residential duplex,2,1
107859,123-0463-0000,"475 Admiral St, Providence, RI 02908",2018-07-20,2018-10-09,,Active,2018,2,stated,Residential - New,New Structure,125000,False,False,Constructing a two family (2 story) residential duplex.,2,1
108575,097-0964-0000,"47 Mendon St, Providence, RI 02904",2018-07-31,2018-08-03,,Active,2018,1,stated,Residential - New,New Structure,80000,False,False,Build new single family two story,1,1
108785,053-0365-0000,"185 Early St, Providence, RI 02907",2018-08-03,2018-09-24,2019-09-23,Complete,2018,2,stated,Residential - New,New Structure,100000,False,False,Construct two family house.,2,1
108968,097-0405-0000,"66 Christopher St, Providence, RI 02904",2018-08-07,2018-08-15,2019-03-13,Complete,2018,1,stated,Residential - New,New Structure,100000,False,False,Construct a New Single Family as per plan,1,1
109032,045-0613-0000,"372 Blackstone St, Providence, RI 02907",2018-08-07,2018-10-30,,Active,2018,1,stated,Residential - New,New Structure,150000,False,False,New one family dwelling construction on existing lot,1,1
109325,093-0352-0000,"410 Cole Ave, Unit 093-0158-0000, Providence, RI 02906",2018-08-11,2018-11-19,2019-09-23,Complete,2018,1,stated,Residential - New,New Structure,140000,False,False,Build new single family dwelling with two car garage,1,1
109584,129-0155-0000,"2 Alden St, Providence, RI 02909",2018-08-16,,,Stopped,2018,2,stated,Residential - New,New Structure,250000,False,False,I want to build a duplex house .,2,1
109704,067-0161-0000,"138 West Park St, Providence, RI 02908",2018-08-18,,,Stopped,2018,2,stated,Residential - New,New Structure,60000,False,False,2 family house using shipping containers,2,1
111633,043-0565-0000,"100 Mawney St, Providence, RI 02907",2018-09-19,2018-11-02,,Active,2018,2,stated,Residential - New,New Structure,80000,False,False,CONSTRUCT NEW TWO STORY TWO FAMILY DWELLING WOOD FRAME,2,1
112017,085-0548-0000,"28 Mink Rd, Providence, RI 02908",2018-09-24,2018-10-31,2019-09-25,Complete,2018,1,stated,Residential - New,New Structure,123900,False,False,Construct new single family home,1,1
112050,008-0196-0000,"2 Mc Cann Pl, Providence, RI 02906",2018-09-25,2018-12-13,2019-06-10,Complete,2018,1,stated,Residential - New,New Structure,110000,False,False,Construct a New Single family as per plan,1,1
112172,008-0195-0000,"4 Mc Cann Pl, Providence, RI 02906",2018-09-26,2018-12-13,2019-06-10,Complete,2018,1,stated,Residential - New,New Structure,110000,False,False,Construct a New Single Family Dwelling as per plans submitted,1,2
112175,008-0439-0000,"8 Mc Cann Pl, Providence, RI 02906",2018-09-26,2018-12-13,,Active,2018,1,stated,Residential - New,New Structure,120000,False,False,Construct A New Single Family Dwelling as per Plans Submitted,1,2
112176,008-0188-0000,"72 Pleasant St, Providence, RI 02906",2018-09-26,2018-12-13,2019-05-30,Complete,2018,1,stated,Residential - New,New Structure,100000,False,False,Construct a New Single Family as per Plans,1,1
112458,014-0243-0000,"174 Gano St, Providence, RI 02906",2018-09-28,2018-11-13,,Active,2018,3,stated,Residential - New,New Structure,150000,False,False,"ERECT A NEW THREE STORY, THREE FAMILY DWELLING",3,1
112460,071-0026-0000,"35 Russo St, Providence, RI 02904",2018-09-28,,,Stopped,2018,1,stated,Residential - New,New Structure,75000,False,False,ERECT A NEW SINGLE FAMILY DWELLING,1,2
113213,079-0192-0000,"802 River Ave, Providence, RI 02908",2018-10-09,2018-10-15,2019-06-10,Complete,2018,1,assumed 1,Residential - New,New Structure,85000,False,False,Building a new residential house,1,1
113242,071-0605-0000,"25 Marietta St, Providence, RI 02904",2018-10-09,2018-10-26,2019-07-22,Complete,2018,2,stated,Residential - New,New Structure,115000,False,False,New construction 2 family up-down,2,1
113821,048-0628-0000,"418 Prairie Ave, Providence, RI 02905",2018-10-17,2018-11-02,,Active,2018,1,stated,Residential - New,New Structure,78000,False,False,New construction of a single family house,1,1
113885,048-01191-0000,"321-323 Sayles St, Providence, RI 02905",2018-10-17,2018-11-13,,Active,2018,1,assumed 1,Residential - New,New Structure,78520,False,False,NEW CONSTRUCTION,1,1
113886,048-01190-0000,"317-319 SaylesSt, Providence, RI 02905",2018-10-17,2018-11-13,,Active,2018,2,stated,Residential - New,New Structure,78524,False,False,NEW CONSTRUCTION-2 family,2,1
113967,059-0749-0000,"81 Fisk St, Providence, RI 02905",2018-10-18,2018-10-31,,Active,2018,1,stated,Residential - New,New Structure,75000,False,False,Construct a 24 x 32 - 2 story wood frame single family dwelling.,1,1
114384,065-0178-0000,"88 Harold St, Providence, RI 02908",2018-10-25,2018-11-09,2019-09-26,Complete,2018,2,stated,Residential - New,New Structure,165000,False,False,CONSTRUCT A 2 STORY TWO FAMILY HOUSE,2,1
115087,070-0545-0000,"14 Glasgow St, Providence, RI 02908",2018-11-05,2018-12-10,,Active,2018,1,stated,Residential - New,New Structure,80000,False,False,Construct a 2 story single family. House is wood framed with a finished basement. Footprint is 24'x30'.,1,1
115159,079-0707-0000,"72 Waite St, Providence, RI 02908",2018-11-06,2018-11-15,,Active,2018,1,stated,Residential - New,New Structure,80000,False,False,Construct a 2 story single family. House is wood framed with a finished basement. Footprint is 24'x30'.,1,1
116096,033-0238-0000,"135 Almy St, Providence, RI 02909",2018-11-26,2018-12-12,,Active,2018,2,stated,Residential - New,New Structure,190000,False,False,New Construction of side-by-side two family on vacant lot,2,1
116116,064-0255-0000,"76 Pomona Ave, Providence, RI 02908",2018-11-27,2018-12-11,2019-10-18,Complete,2018,2,stated,Residential - New,New Structure,135000,False,False,"new 2 story, 2 family construction",2,1
116380,113-0133-0000,"90 Hilarity St, Providence, RI 02909",2018-11-30,2018-12-17,2019-08-09,Complete,2018,1,stated,Residential - New,New Structure,70000,False,False,Build a two story single family dwelling,1,1
88807,063-0275-0000,"42 Hyat St, Providence, RI 02909",2017-10-17,2018-04-19,2019-06-18,Stopped,2018,2,stated,Residential - New,New Structure,54000,False,False,"Construct a two-story side by side, two family townhouse 27 x 50 and 2500 sq. ft of living area with a full basement",2,1
88820,062-0160-0000,"20 Bowdoin St, Providence, RI 02909",2017-10-17,2018-03-27,2018-08-15,Complete,2018,1,stated,Residential - New,New Structure,70000,False,False,"Construct a two-story, wood frame, single family dwelling 22' x 21' with a full basement and 924 sq. ft of living space",1,1
89468,114-0066-0000,"68 Middleton St, Providence, RI 02909",2017-10-23,2018-08-09,2018-10-29,Complete,2018,1,assumed 1,Residential - New,New Structure,76592,False,False,NEW CONSTRUCTION,1,1
90481,097-0320-0000,"169 Russo St, Providence, RI 02904",2017-11-03,2018-01-16,,Active,2018,2,stated,Residential - New,New Structure,100000,False,False,CONSTRUCT NEW TWO FAMILY TWO STORY DWELLING UNITS,2,1
90898,110-0277-0000,"715 Union Ave, Providence, RI 02909",2017-11-09,2018-06-08,,Active,2018,2,stated,Residential - New,New Structure,130000,False,False,CONSTRUCT A NEW TWO FAMILY TWO STORY DWELLING,2,1
91876,079-0164-0000,"224 Sunbury St, Providence, RI 02908",2017-11-27,2018-09-05,,Active,2018,1,stated,Residential - New,New Structure,90000,False,False,Build a new single family dwelling.,1,1
91881,079-0168-0000,"39 Hymer St, Providence, RI 02908",2017-11-27,2018-03-12,2019-06-28,Complete,2018,1,stated,Residential - New,New Structure,90000,False,False,Construct a three-story 30 x 28 and 2256 square feet of living space single family dwelling,1,1
91913,071-0616-0000,"5-7 Stone St, Providence, RI 02904",2017-11-27,2018-01-26,2018-11-29,Complete,2018,2,stated,Residential - New,New Structure,150000,False,False,New construction of a duplex townhouse style unit,2,1
94408,094-0047-0000,"38 Lucy St, Providence, RI 02909",2018-01-10,2018-04-24,2019-09-26,Complete,2018,1,stated,Residential - New,New Structure,140000,False,False,CONSTRUCT A NEW 2400 SF TWO STORY WOOD FRAME SINGLE FAMILY DWELLING WITH A TWO(2) CAR GARAGE.,1,1
96276,091-0667-0000,"118 Chase Ave, Providence, RI 02906",2018-02-09,2018-03-21,,Active,2018,1,stated,Residential - New,New Structure,100000,False,False,BUILD A NEW 2 STORIES SINGLE FAMILY DWELLING,1,1
96516,052-0135-0000,"98 Atlantic Ave, Providence, RI 02907",2018-02-14,2018-03-28,2019-03-14,Complete,2018,1,stated,Residential - New,New Structure,127000,False,False,New two story single family home,1,1
96905,033-0238-0000,"135 Almy St, Providence, RI 02909",2018-02-21,2018-03-09,2018-11-27,Complete,2018,1,stated,Residential - New,New Structure,155000,False,False,Build new single family (shot gun colonial) residence.,1,1
97401,097-0488-0000,"294 Langdon St, Providence, RI 02904",2018-02-28,2018-03-15,,Active,2018,1,stated,Residential - New,New Structure,80000,False,False,"BUILD A TWO STORY ONE FAMILY WOOD FRAME 28 x 30 FT, 3 BEDROOMS, 2 FULL BATHS, 1 HALF BATH",1,1
97421,093-0348-0000,"1 Balton Rd, Providence, RI 02906",2018-03-01,2018-07-26,2018-10-26,Active,2018,1,stated,Residential - New,New Structure,140000,False,False,Construct new single family home with two car garage,1,1
98027,059-0080-0000,"25 Farragut Ave, Providence, RI 02905",2018-03-09,2018-04-04,,Active,2018,1,stated,Residential - New,New Structure,80000,False,False,CONSTRUCT A TWO STORY 28X30 SINGLE FAMILY WOOD FRAME,1,2
98029,059-0081-0000,"29 Farragut Ave, Providence, RI 02905",2018-03-09,2018-04-04,,Active,2018,1,stated,Residential - New,New Structure,80000,False,False,CONSTRUCT A TWO STORY 28X30 SINGLE FAMILY WOOD FRAME,1,2
98672,060-0205-0000,"214 Longfellow St, Providence, RI 02907",2018-03-19,2018-07-09,2019-03-12,Complete,2018,2,stated,Residential - New,New Structure,80000,False,False,CONSTRUCT A NEW TWO STORY TWO FAMILY DWELLING,2,1
103668,043-0512-0000,"787 Potters Ave, Providence, RI 02907",2018-05-22,2019-04-18,2019-09-13,Complete,2019,1,assumed 1,Residential - New,New Structure,78956,False,False,NEW STRUCTURE CONSTRUCTION AND FOUNDATION,1,1
109916,071-0474-0000,"25 Ledge St, Providence, RI 02904",2018-08-22,2019-02-19,,Active,2019,2,stated,Residential - New,New Structure,135000,False,False,Construction of a new 2 family duplex building with a total of 6 bedrooms and 1 full bath and 1 half bath per unit with a 10x12 patio at rear of each unit,2,1
112462,123-0122-0000,"167 Sunbury St, Providence, RI 02908",2018-09-28,2019-11-12,,Active,2019,1,stated,Residential - New,New Structure,85000,False,False,ERECT A NEW SINGLE FAMILY DWELLING,1,2
113701,069-0185-0000,"18 Danforth St, Providence, RI 02908",2018-10-16,2019-01-22,,Active,2019,1,stated,Residential - New,New Structure,285000,False,False,3 STORY SINGLE FAMILY HOME - 3 BEDROOM / 2-1/2 BATHS,1,1
115562,035-0136-0000,"1492 Westminster St, Providence, RI 02909",2018-11-14,2019-07-19,,Active,2019,7,stated,Commercial - New,Foundation Only,20000,False,False,1492 Westminster is a new three-story mixed use project with 7 units of housing and a small commercial space on the ground floor.,7,1
115902,064-0960-0000,"86 Armington Ave, Providence, RI 02908",2018-11-20,2019-01-18,,Active,2019,1,stated,Residential - New,New Structure,75230,False,False,CONSTRUCT A SINGLE FAMILY HOME WITH FOUNDATION,1,1
116423,045-0338-0000,"348 Willard Ave, Providence, RI 02907",2018-12-02,2019-02-01,,Stopped,2019,2,stated,Residential - New,New Structure,150000,False,False,Build a new two family home,2,1
117015,077-0082-0000,"52 Blaine St, Providence, RI 02904",2018-12-12,2019-01-03,,Active,2019,1,stated,Residential - New,New Structure,80000,False,False,CONSTRUCT 24 X 30 TWO STORY SINGLE FAMILY DWELLING,1,1
117327,008-0144-0000,"13 Phillips St, Providence, RI 02906",2018-10-17,2019-01-24,,Active,2019,2,stated,Residential - New,New Structure,412000,False,False,Construction of a two family dwelling,2,1
117493,072-0431-0000,"66 Ashton St, Providence, RI 02904",2018-12-27,2019-01-10,,Active,2019,2,stated,Residential - New,New Structure,120000,False,False,CONSTRUCT A 24 X 50 TWO STORY TWO FAMILY DWELLING,2,1
88472,083-0055-0000,"980 Smith St, Providence, RI 02908",2017-10-13,2019-04-04,,Active,2019,1,stated,Residential - New,New Structure,125000,False,False,This is a new construction single family home. The style of this home will be a shotgun style single family raised ranch residence with a finished basement and 1 story above the basement. The front door of the house is located on Smith Stre,1,1
BLDG-19-1018,028-1079-0000,"14 Piedmont St, Unit , Providence, RI 02909",2019-06-10,2019-09-23,,Active,2019,20,stated,Residential - New,New Structure,750000,False,False,"Construction of a new residential apartment building, four stories above grade with 20 residential apartments.",20,1
BLDG-19-1072,099-0155-0000,"248 Hawkins St, Providence, RI 02904",2019-06-17,,,Stopped,2019,2,stated,Commercial - New,New Structure,180000,False,False,"50 X 30 THREE STORY MIXED USE WOOD FRAME BUILDING, 2 COMMERCIAL SPACE ON FIRST FLOOR, AND 2 APARTMENTS ABOVE SLAB ON GRADE.",2,1
BLDG-19-1081,037-0318-0000,"99 Messer St, Providence, RI 02909",2019-06-18,2019-10-17,,Active,2019,3,stated,Residential - New,New Structure,150000,False,False,"BUILD NEW THREE STORY, WOOD FRAME, THREE FAMILY TOWNHOUSE 57 FT. X 28 FT.",3,1
BLDG-19-1083,037-0319-0000,"112 Hudson St, Providence, RI 02909",2019-06-18,2019-10-17,,Active,2019,3,stated,Residential - New,New Structure,150000,False,False,"BUILD NEW THREE STORY, WOOD FRAME, THREE FAMILY TOWNHOUSE 44FT. X 40FT.",3,1
BLDG-19-1107,098-0265-0000,"32 Alaska St, Providence, RI 02904",2019-06-20,,,Stopped,2019,2,stated,Residential - New,New Structure,125000,False,False,"Erect a new three story, two family dwelling, duplex. 34'x40'",2,1
BLDG-19-1109,098-0264-0000,"36 Alaska St, Providence, RI 02904",2019-06-20,2019-08-28,,Active,2019,2,stated,Residential - New,New Structure,125000,False,False,"Erect a new three story, two family dwelling, 34'x40'",2,1
BLDG-19-1134,107-0132-0000,"117 Laurel Hill Ave, Providence, RI 02909",2019-06-25,,,Stopped,2019,1,stated,Residential - New,New Structure,140000,False,False,Construct a new Single Family Dwelling.,1,1
BLDG-19-1144,039-0330-0000,"377 Wayland Ave, Providence, RI 02906",2019-06-19,2019-07-22,,Active,2019,1,stated,Residential - New,New Structure,200000,False,False,Construction of a new 28 x 48 single family dwelling,1,1
BLDG-19-1163,107-0264-0000,"129 Eastwood Ave, Providence, RI 02909",2019-06-28,2019-07-09,,Active,2019,2,stated,Residential - New,New Structure,110000,False,False,New construction of a Two Family Dwelling.,2,1
BLDG-19-1185,063-0275-0000,"42 Hyat St, Providence, RI 02909",2019-07-03,2019-07-12,,Active,2019,2,stated,Residential - New,New Structure,54000,False,False,"Construct a two-story side by side, two family townhouse 27 x 50 and 2500 sq. ft of living area with a full basement",2,1
BLDG-19-1191,116-0295-0000,"215 Home Ave, Providence, RI 02908",2019-07-03,2019-08-19,,Active,2019,1,stated,Residential - New,New Structure,100000,False,False,CONSTRUCT NEW SINGLE FAMILY 2 STORIES,1,1
BLDG-19-1199,042-0333-0000,"88 Union Ave, Providence, RI 02909",2019-07-05,2019-12-12,,Active,2019,2,stated,Commercial - New,New Structure,175000,False,False,Constructing New Infill (3) Story Mixed-Use ICF Structure with Base Building Only improvements to Main Level & (2) Residential Units on (2) Upper Floors,2,1
BLDG-19-1200,096-0331-0000,"35 Sheridan St, Providence, RI 02909",2019-07-02,2019-10-31,,Active,2019,1,stated,Residential - New,New Structure,791500,False,False,"Construction of 5 single family, detached, and affordable housing units - 2 beds, 2 baths, 2 floors each - on a common property.",1,1
BLDG-19-1209,043-0572-0000,"13 Salem St, Providence, RI 02907",2019-07-08,2019-07-17,,Active,2019,2,stated,Residential - New,New Structure,110000,False,False,Build a new two family house,2,1
BLDG-19-1215,065-0485-0000,"11 Alton St, Providence, RI 02908",2019-07-09,2019-09-06,,Active,2019,2,stated,Residential - New,New Structure,65000,False,False,NEW CONSTRUCTION OF A TWO FAMILY HOUSE,2,1
BLDG-19-1272,071-0195-0000,"61 Marietta St, Providence, RI 02904",2019-07-16,2019-09-11,,Active,2019,2,stated,Residential - New,New Structure,100000,False,False,NEW TWO FAMILY DWELLING,2,1
BLDG-19-1278,032-0403-0000,"27 Grant St, Providence, RI 02909",2019-07-02,2019-11-04,,Stopped,2019,1,stated,Residential - New,New Structure,140000,False,False,"New Construction of Single Family Dwelling, porch, driveway. Dwelling will be two levels, a full level of 880 square feet and a loft of 460 square feet. The current lot lines will be honored with appropriate setbacks, a driveway put in as w",1,1
BLDG-19-1293,087-0574-0000,"174 Alabama Ave, Providence, RI 02905",2019-07-17,2019-08-13,,Active,2019,2,stated,Residential - New,New Structure,75000,False,False,Construct a new two family dwelling.,2,1
BLDG-19-1294,049-0600-0000,"839 Broad St, Providence, RI 02907",2019-07-17,,,Stopped,2019,14,stated,Commercial - New,New Structure,345000,False,False,Constructing a (14) Fourteen unit structure. Twelve residential & two Commercial.,14,1
BLDG-19-1313,072-0002-0000,"74 Hall St, Providence, RI 02904",2019-07-19,2019-08-08,,Active,2019,2,stated,Residential - New,New Structure,65000,False,False,"CONSTRUCTION OF A NEW TWO-STORIES, WOOD FRAMED TWO-FAMILY DWELLING ON A FULL FOUNDATION WITH A 26' X 52' FOOTPRINT WITH A PARTIAL FINISHED BASEMENT WITH LAVATORY.",2,1
BLDG-19-1328,030-0535-0000,"23 Arch St, Providence, RI 02907",2019-07-24,2019-09-14,,Active,2019,2,stated,Residential - New,New Structure,100000,False,False,NEW TWO FAMILY DWELLING,2,1
BLDG-19-1350,088-0025-0000,"25 Alger Ave, Providence, RI 02907",2019-07-25,2019-09-11,,Active,2019,2,stated,Residential - New,New Structure,100000,False,False,Construct a 30â€™ x 48â€™ wood frame 2 family structure,2,1
BLDG-19-1374,049-0494-0000,"328 Bucklin St, Providence, RI 02907",2019-07-30,,,Active,2019,1,stated,Residential - New,New Structure,175000,False,False,Demolish an existing building and build a new single family residential home,1,1
BLDG-19-1408,085-0400-0000,"118 Rome Ave, Providence, RI 02908",2019-08-05,2019-09-19,,Active,2019,1,stated,Residential - New,New Structure,300000,False,False,Demo Existing single story single family house and detached 2 car garage and build new single family 2 story house with attached 2 car garage. Demo permit and demolition by others.,1,1
BLDG-19-1416,014-0508-0000,"225 Waterman St, Providence, RI 02906",2019-08-05,2019-12-02,,Active,2019,19,stated,Commercial - New,New Structure,400000,False,False,ERECT A NEW FOUR STORY BUILDING WITH COMMERCIAL USE AND INTERIOR PARKING ON THE GROUND FLOOR AND NINETEEN APARTMENTS ON THE UPPER FLOORS.,19,1
BLDG-19-1453,044-0707-0000,"102 Peace St, Providence, RI 02907",2019-08-09,2019-08-17,,Active,2019,1,stated,Residential - New,New Structure,85000,False,False,New Single Family House,1,1
BLDG-19-1522,018-0100-0000,"580 South Water St, Providence, RI 02903",2019-08-16,,,Stopped,2019,0,not stated,Residential - New,New Structure,5000000,False,True,construct 5 story wood frame building want to apply for a phased permit Phase 1 foundation and underground plumbing and electrical Phase 2 building permit,0,1
BLDG-19-1560,023-0576-0000,"486-488 Friendship St, Providence, RI 02907",2019-08-23,2019-08-30,,Active,2019,1,stated,Residential - New,New Structure,70000,False,False,New single family dwelling,1,1
BLDG-19-1575,063-0336-0000,"183 Manton Ave, Providence, RI 02909",2019-08-27,2019-10-24,,Active,2019,1,assumed 1,Residential - New,Foundation Only,115000,False,True,Foundation permit only for new dwelling,0,1
BLDG-19-1589,053-0736-0000,"197 Early St, Providence, RI 02907",2019-08-27,2019-09-12,,Active,2019,2,stated,Residential - New,New Structure,90000,False,False,"Construction of a new two-story, two family dwelling. Wood frame on a 24' X 50' footprint with full basement foundation.",2,1
BLDG-19-1600,031-0477-0000,"39 Waverly St, Providence, RI 02907",2019-08-27,2019-10-15,,Active,2019,2,stated,Residential - New,New Structure,90000,False,False,Construct a 24 x 48 wood frame 2 family dwelling,2,1
BLDG-19-1629,092-0031-0000,"875 Hope St, Providence, RI 02906",2019-09-04,2019-09-30,,Active,2019,2,stated,Residential - New,New Structure,200000,False,False,Construction of a new two unit townhouse building,2,1
BLDG-19-1647,048-0743-0000,"28 Reynolds Ave, Providence, RI 02905",2019-09-05,2019-09-11,,Active,2019,2,stated,Residential - New,New Structure,89000,False,False,New two family dwelling,2,1
BLDG-19-1663,070-0640-0000,"139 Pumgansett St, Providence, RI 02908",2019-08-14,2019-09-30,,Active,2019,2,stated,Residential - New,New Structure,160000,False,False,construct 26 x 48 duplex (one over one),2,1
BLDG-19-1695,057-0082-0000,"186 Pavilion Ave, Providence, RI 02905",2019-09-12,2019-11-19,,Active,2019,2,stated,Residential - New,New Structure,100000,False,False,Construction of new 2 family dwelling,2,1
BLDG-19-1698,057-0052-0000,"181 Pavilion Ave, Providence, RI 02905",2019-09-12,2019-11-19,,Active,2019,1,stated,Residential - New,New Structure,75000,False,False,construction of new single family dwelling,1,1
BLDG-19-1701,054-0652-0000,"128 Rugby St, Providence, RI 02905",2019-09-13,,,Active,2019,2,stated,Residential - New,New Structure,85000,False,False,Construct a new Two Family Dwelling,2,1
BLDG-19-1784,120-0273-0000,"118 Radcliffe Ave, Providence, RI 02908",2019-09-24,2019-11-01,,Active,2019,2,stated,Residential - New,New Structure,90000,False,False,New construction of a two family building,2,1
BLDG-19-1789,108-0007-0000,"75 Lowell Ave, Providence, RI 02909",2019-09-25,2019-11-07,,Active,2019,2,stated,Residential - New,New Structure,100000,False,False,Construct 25 x 50 2 family,2,1
BLDG-19-1845,013-0293-0000,"134 Waterman St, Providence, RI 02906",2019-10-03,2019-10-30,,Active,2019,3,stated,Residential - New,New Structure,400000,False,False,"Construction of a new three family apartment building three stories above grade, wood frame unprotected on a full unfinished basement foudation with a 40' X 60' footprint equipped with an automatic sprinkler system.",3,1
BLDG-19-1851,079-0570-0000,"91 General St, Providence, RI 02904",2019-10-04,2019-10-31,,Active,2019,2,stated,Residential - New,New Structure,120000,False,False,Erect a new two family duplex 24'x 60' wood frame unprotected two stories above grade.,2,1
BLDG-19-1857,048-0392-0000,"33 Ocean St, Providence, RI 02905",2019-09-20,2019-11-01,,Active,2019,1,assumed 1,Residential - New,New Structure,150000,False,False,Construct 2 story home with basement for low income family,1,1
BLDG-19-1858,017-0331-0000,"6 Fremont St, Providence, RI 02906",2019-10-07,2019-12-20,,Active,2019,1,stated,Residential - New,New Structure,120000,False,False,Construct single family home with two car garage,1,1
BLDG-19-1864,092-0030-0000,"871 Hope St, Providence, RI 02906",2019-10-07,2019-10-17,,Active,2019,2,stated,Residential - New,New Structure,80000,False,False,Construction of a new 2 unit townhouse building,2,1
BLDG-19-1879,063-0604-0000,"183 Manton Ave, Providence, RI 02909",2019-10-08,2019-12-05,,Active,2019,1,assumed 1,Residential - New,New Structure,185394,False,False,New construction,1,2
BLDG-19-1880,063-0602-0000,"185 Manton Ave, Providence, RI 02909",2019-10-08,2019-12-05,,Active,2019,1,assumed 1,Residential - New,New Structure,185394,False,False,New construction,1,2
BLDG-19-1881,065-0603-0000,"189 Manton Ave, Providence, RI 02909",2019-10-08,2019-12-05,,Active,2019,1,assumed 1,Residential - New,New Structure,185394,False,False,New one residence,1,2
BLDG-19-1882,063-0601-0000,"191 Manton Ave, Providence, RI 02909",2019-10-08,2019-12-05,,Active,2019,1,assumed 1,Residential - New,New Structure,185394,False,False,New one residence,1,2
BLDG-19-1904,065-0198-0000,"110 Harold St, Providence, RI 02908",2019-10-10,2019-11-06,,Active,2019,2,stated,Residential - New,New Structure,130000,False,False,"Build new 2 story, wood frame, two family dwelling 26' x 50'.",2,1
BLDG-19-1915,064-0965-0000,"2 Yale Ave, Unit , Providence, RI 02908",2019-10-11,2019-11-22,,Active,2019,2,stated,Residential - New,New Structure,100000,False,False,NEW TWO FAMILY DWELLING,2,1
BLDG-19-1922,,"0 NO STREET, Providence, RI 02906",2019-10-12,,,Stopped,2019,1,assumed 1,Residential - New,New Structure,165120,False,False,Construct new townhouse building,1,1
BLDG-19-1923,096-0251-0000,"33 King St, Providence, RI 02909",2019-10-12,,,Stopped,2019,4,stated,Residential - New,New Structure,179360,False,False,New 4 unit town house.,4,1
BLDG-19-1924,096-0247-0000,"45 King St, Providence, RI 02909",2019-10-12,,,Stopped,2019,3,stated,Residential - New,New Structure,141440,False,False,New 3 unit town house building.,3,1
BLDG-19-1925,096-0250-0000,"37 King St, Providence, RI 02909",2019-10-12,,,Stopped,2019,4,stated,Residential - New,New Structure,179360,False,False,New 4 unit town house building.,4,1
BLDG-19-1926,096-0253-0000,"25 King St, Providence, RI 02909",2019-10-12,,,Stopped,2019,4,stated,Residential - New,New Structure,165120,False,False,New 4 unit town house building,4,1
BLDG-19-1927,096-0255-0000,"17 King St, Providence, RI 02909",2019-10-12,,,Stopped,2019,7,stated,Residential - New,New Structure,335920,False,False,New 7 Unit Townhouse Building,7,1
BLDG-19-1928,096-0276-0000,"72 King St, Providence, RI 02909",2019-10-12,,,Stopped,2019,0,not stated,Commercial - New,New Structure,465840,False,False,Mixed use building consisting on business use and apartments,0,1
BLDG-19-1932,057-0069-0000,"136 Pavilion Ave, Providence, RI 02905",2019-10-14,2019-12-06,,Active,2019,2,stated,Residential - New,New Structure,100000,False,False,Construction of new 2 family dwelling,2,1
BLDG-19-1977,071-0140-0000,"603 Charles St, Providence, RI 02904",2019-10-18,,,Stopped,2019,2,stated,Residential - New,New Structure,75820,False,False,TWO FAMILY DWELLING,2,2
BLDG-19-1978,123-0544-0000,"89 Veazie St, Providence, RI 02908",2019-10-18,,,Stopped,2019,2,stated,Residential - New,New Structure,75862,False,False,TWO FAMILY DWELLING,0,2
BLDG-19-204,095-0208-0000,"99 Parnell St, Providence, RI 02909",2019-02-11,2019-04-16,,Active,2019,1,stated,Residential - New,New Structure,150000,False,False,New construction of a two stories single family,1,1
BLDG-19-241,008-0015-0000,"12 Western St, Providence, RI 02906",2019-02-13,2019-03-26,,Active,2019,1,stated,Residential - New,New Structure,120000,False,False,Construct a single family dwelling as per plan,1,1
BLDG-19-243,008-0030-0000,"8 Western St, Providence, RI 02906",2019-02-19,2019-06-03,2019-09-09,Complete,2019,2,stated,Residential - New,New Structure,180000,False,False,Construct a residential 2 Family as per plan.,2,1
BLDG-19-30,079-0592-0000,"41 Atlas St, Providence, RI 02904",2019-01-07,2019-01-18,,Active,2019,2,stated,Residential - New,New Structure,85420,False,False,CONSTRUCT NEW TWO STORY TWO UNITS,2,1
BLDG-19-31,079-0591-0000,"45 Atlas St, Providence, RI 02904",2019-01-07,2019-01-18,,Active,2019,2,stated,Residential - New,New Structure,84000,False,False,CONSTRUCT A TWO STORY TWO FAMILY HOME,2,1
BLDG-19-393,054-0650-0000,"136 Rugby St, Providence, RI 02905",2019-03-19,2019-05-06,,Active,2019,2,stated,Residential - New,New Structure,150000,False,False,Construction of new two story two family dwelling,2,1
BLDG-19-394,045-0338-0000,"348 Willard Ave, Providence, RI 02907",2019-03-19,2019-03-19,,Active,2019,2,stated,Residential - New,New Structure,150000,False,False,Build a new two family home,2,1
BLDG-19-405,054-0648-0000,"144 Rugby St, Providence, RI 02905",2019-03-19,2019-05-06,,Active,2019,1,stated,Residential - New,New Structure,95000,False,False,construction of new single family dwelling,1,3
BLDG-19-406,048-0825-0000,"44 Lillian Ave, Providence, RI 02905",2019-03-19,2019-05-06,,Active,2019,2,stated,Residential - New,New Structure,150000,False,False,Construction of new two family dwelling,2,1
BLDG-19-407,045-0230-0000,"40 Comstock Ave, Providence, RI 02907",2019-03-19,2019-05-06,,Active,2019,1,stated,Residential - New,New Structure,95000,False,False,construction of new single family dwelling,1,3
BLDG-19-408,048-0317-0000,"341 Plain St, Providence, RI 02905",2019-03-19,2019-05-06,,Active,2019,1,stated,Residential - New,New Structure,95000,False,False,construction of new single family dwelling,1,3
BLDG-19-41,052-0372-0000,"184 Hamilton St, Providence, RI 02907",2019-01-07,2019-02-13,2019-10-23,Active,2019,2,stated,Residential - New,New Structure,80000,False,False,Constructing a new Two Family Dwelling.,2,1
BLDG-19-425,097-0696-0000,"14 Jasper St, Providence, RI 02904",2019-03-21,2019-08-23,,Active,2019,1,stated,Residential - New,New Structure,110000,False,False,Construct a new single family construction 24x46,1,1
BLDG-19-480,031-0107-0000,"43 Superior St, Providence, RI 02907",2019-03-28,,,Stopped,2019,1,stated,Residential - New,New Structure,70000,False,False,Construction of a single family dwelling,1,1
BLDG-19-5,120-0423-0000,"156 Eaton St, Providence, RI 02908",2019-01-03,2019-01-07,,Active,2019,1,stated,Residential - New,New Structure,125000,False,False,Erect a new one family dwelling ( 28x48),1,1
BLDG-19-519,013-0313-0000,"21 Euclid Ave, Unit , Providence, RI 02906",2019-04-04,2019-05-31,,Active,2019,18,stated,Commercial - New,New Structure,875000,False,False,"New apartment building, 18 units, four stories, 4,770 GSF/floor, wood frame on concrete foundation, fully protected with fire sprinkler and alarm system",18,1
BLDG-19-567,097-0428-0000,"33 Christopher St, Providence, RI 02904",2019-04-10,2019-05-03,,Active,2019,1,stated,Residential - New,New Structure,80000,False,False,"Construct a 2 story single family dwelling, wood frame with full basement foundation and garage below grade with a 28x34 footprint.",1,1
BLDG-19-568,097-0429-0000,"37 Christopher St, Providence, RI 02904",2019-04-10,2019-05-03,,Active,2019,1,stated,Residential - New,New Structure,80000,False,False,"Construct a wood frame single family, 2 stories above grade with a full basement and garage below grade with a 24 x 36 footprint.",1,1
BLDG-19-569,097-0430-0000,"41 Christopher St, Providence, RI 02904",2019-04-10,2019-05-03,,Active,2019,1,stated,Residential - New,New Structure,80000,False,False,"Construct wood frame single family dwelling, 2 stories in height with a full basement and garage below grade with a 28 x 36 footprint.",1,1
BLDG-19-580,048-0705-0000,"52 Reynolds Ave, Providence, RI 02905",2019-04-11,2019-05-22,,Active,2019,2,stated,Residential - New,New Structure,100000,False,False,"Construction of a new two family dwelling, wood framed with a full basement foundation on a 26' X 50' footprint, two stories above grade.",2,1
BLDG-19-615,048-1192-0000,"148-152 Burnside St, Unit , Providence, RI 02905",2019-04-16,2019-09-30,,Active,2019,2,stated,Residential - New,New Structure,180000,False,False,Construct a new Two family duplex.,2,1
BLDG-19-638,117-0548-0000,"14 Rosebank Dr, Providence, RI 02908",2019-04-19,2019-05-16,,Active,2019,1,stated,Residential - New,New Structure,112000,False,False,"Construction of a new single family dwelling- one story above grade, wood framed on a full basement foundation with a 28' X 40' footprint.",1,1
BLDG-19-651,075-0295-0000,"61 Collyer St, Providence, RI 02904",2019-04-22,,,Active,2019,2,stated,Residential - New,New Structure,250000,False,False,Build new 2 family home. 3 bed 2 bath units.,2,1
BLDG-19-664,049-0129-0000,"459 Potters Ave, Providence, RI 02907",2019-04-23,2019-05-16,,Active,2019,1,stated,Residential - New,New Structure,75820,False,False,BUILDING A NEW SINGLE FAMILY DWELLING,1,1
BLDG-19-666,005-0054-0000,"36 Tecumseh St, Providence, RI 02906",2019-04-12,2019-05-17,,Active,2019,1,stated,Residential - New,New Structure,100000,False,False,Construct A New Single Family Dwelling,1,1
BLDG-19-674,095-0082-0000,"77 Sisson St, Providence, RI 02909",2019-04-23,2019-06-24,,Active,2019,1,stated,Residential - New,New Structure,110000,False,False,BUILT 2 STORIES SINGLE FAMILY DWELLING,1,1
BLDG-19-73,079-0593-0000,"35 Atlas St, Providence, RI 02904",2019-01-15,2019-01-18,,Active,2019,2,stated,Residential - New,New Structure,85620,False,False,Built a two family dwelling ( 2 story),2,1
BLDG-19-854,070-0335-0000,"100 Clym St, Providence, RI 02908",2019-05-16,2019-07-25,,Active,2019,2,stated,Residential - New,New Structure,125000,False,False,ERECT A NEW TWO FAMILY DWELLING 26'X46',2,1
BLDG-19-862,080-0768-0000,"36 Groveland Ave, Providence, RI 02909",2019-05-16,2019-05-29,,Active,2019,1,stated,Residential - New,New Structure,72315,False,False,NEW CONSTRUCTION A SINGLE FAMILY HOME,1,1
BLDG-19-863,080-0824-0000,"32 Groveland Ave, Providence, RI 02909",2019-05-16,2019-05-29,,Active,2019,1,stated,Residential - New,New Structure,72563,False,False,NEW CONSTRUCTION SINGLE FAMILY HOME,1,1
BLDG-19-866,123-0225-0000,"26 Clyde St, Providence, RI 02908",2019-04-30,2019-06-12,,Active,2019,1,stated,Residential - New,New Structure,100000,False,False,Construction of a new single family dwelling,1,1
BLDG-19-870,080-0621-0000,"178 Fruit Hill Ave, Providence, RI 02911",2019-05-14,,,Active,2019,2,stated,Residential - New,New Structure,100000,False,False,New construction of 2 family dwelling units,2,1
BLDG-19-940,043-0980-0000,"42 Calhoun Ave, Providence, RI 02907",2019-05-28,2019-10-22,,Active,2019,2,stated,Residential - New,New Structure,75000,False,False,BUILD NEW TWO FAMILY DUPLEX 44'X28' 3 STORIES,2,1
